func_code,name,description,Example question,Endpoint config
get_total_projects_by_unit,Lấy tổng số dự án theo đơn vị (Công ty/BU/DU),"API này cung cấp tổng số dự án được phân loại theo đơn vị (Công ty/BU/DU), dựa trên các tiêu chí lọc về loại và trạng thái dự án. Phản hồi bao gồm tổng số dự án và chi tiết số lượng theo từng loại hình dự án cho mỗi đơn vị.",- Trong Quý 3/2025 thì TTPMTCS có bao nhiêu dự án.,"{
  ""request"": {
    ""method"": ""POST"",
    ""path"": ""/api/v1/dashboard/project-overview/organization"",
    ""content_type"": ""application/json"",
    ""query"": ""{}"",
    ""body"": ""['projectType ', 'projectStatus ']""
  },
  ""example_call"": [
    {
      ""url_endpoint"": ""{{base_url}}/api/v1/dashboard/project-overview/organization"",
      ""query"": ""{}"",
      ""body"": ""{\n \""projectStatus\"": [],\n \""projectType\"": []\n}""
    }
  ],
  ""required_params"": [
    {
      ""name"": ""projectStatus"",
      ""type"": ""List<String>"",
      ""description"": ""Trạng thái dự án (in-progress, hold, closed, presale, open). Nếu query không đề cập đến trạng thái của dự án -> trả về []""
    },
    {
      ""name"": ""projectType"",
      ""type"": ""List<String>"",
      ""description"": ""Loại dự án (T&M, presales, odc/osdc, package). Nếu query không đề cập đến loại dự án -> trả về []""
    },
    {
      ""name"": ""fromDate"",
      ""type"": ""Date(yyyy-mm-dd)"",
      ""description"": ""Từ ngày""
    },
    {
      ""name"": ""toDate"",
      ""type"": ""Date(yyyy-mm-dd)"",
      ""description"": ""Đến ngày""
    }
  ],
  ""optional_params"": [
    {
      ""name"": ""organization"",
      ""type"": ""List<String>"",
      ""description"": ""Danh sách phòng/ban. Nếu query không đề cập đến tên phòng ban -> trả về []""
    },
    {
      ""name"": ""isCompany"",
      ""type"": ""Boolean"",
      ""description"": ""Cả công ty hay không""
    }
  ],
  ""response_schema"": {
    ""organization"": {
      ""type"": ""String"",
      ""description"": ""Đơn vị phòng/ban""
    },
    ""total"": {
      ""type"": ""Long"",
      ""description"": ""Giá trị""
    },
    ""presaleCount"": {
      ""type"": ""Long"",
      ""description"": ""số lượng dự án Presale""
    },
    ""tmCount"": {
      ""type"": ""Long"",
      ""description"": ""số lượng dự án T&M""
    },
    ""packageCount"": {
      ""type"": ""Long"",
      ""description"": ""số lượng dự án Package""
    },
    ""osdcCount"": {
      ""type"": ""Long"",
      ""description"": ""số lượng dự án OSDC""
    }
  },
  ""structured_output"": {},
  ""allow_empty_result"": false
}"
get_total_projects_by_company,Lấy thông tin tổng số dự án theo công ty,"API này truy xuất tổng số dự án theo công ty, dựa trên các tiêu chí lọc về loại và trạng thái dự án. Phản hồi bao gồm tổng số dự án và chi tiết số lượng theo từng loại hình dự án cho công ty",- Trong Quý 4/2025 thì Cả công ty có bao nhiêu dự án.,"{
  ""request"": {
    ""method"": ""POST"",
    ""path"": ""/api/v1/dashboard/project-overview/company"",
    ""content_type"": ""application/json"",
    ""query"": ""{}"",
    ""body"": ""['projectType ', 'projectStatus ']""
  },
  ""example_call"": [
    {
      ""url_endpoint"": ""{{base_url}}/api/v1/dashboard/project-overview/company"",
      ""query"": ""{}"",
      ""body"": ""{\n \""projectStatus\"": [],\n \""projectType\"": []\n}""
    }
  ],
  ""required_params"": [
    {
      ""name"": ""projectStatus"",
      ""type"": ""List<String>"",
      ""description"": ""Trạng thái dự án (in-progress, hold, closed, presale, open). Nếu query không đề cập đến trạng thái của dự án; trả về []""
    },
    {
      ""name"": ""projectType"",
      ""type"": ""List<String>"",
      ""description"": ""Loại dự án (T&M, presales, odc/osdc, package). Nếu query không đề cập đến loại dự án; trả về []""
    },
    {
      ""name"": ""fromDate"",
      ""type"": ""Date(yyyy-mm-dd)"",
      ""description"": ""Từ ngày""
    },
    {
      ""name"": ""toDate"",
      ""type"": ""Date(yyyy-mm-dd)"",
      ""description"": ""Đến ngày""
    }
  ],
  ""optional_params"": [],
  ""response_schema"": {
    ""organization"": {
      ""type"": ""String"",
      ""description"": ""Đơn vị phòng/ban""
    },
    ""total"": {
      ""type"": ""Long"",
      ""description"": ""Giá trị""
    },
    ""presaleCount"": {
      ""type"": ""Long"",
      ""description"": ""số lượng dự án Presale""
    },
    ""tmCount"": {
      ""type"": ""Long"",
      ""description"": ""số lượng dự án T&M""
    },
    ""packageCount"": {
      ""type"": ""Long"",
      ""description"": ""số lượng dự án Package""
    },
    ""osdcCount"": {
      ""type"": ""Long"",
      ""description"": ""số lượng dự án OSDC""
    }
  },
  ""structured_output"": {},
  ""allow_empty_result"": false
}"
get_total_production_output_vs_plan,Lấy thông tin tổng số SLSX thực hiện so với kế hoạch,"API này truy vấn dữ liệu tổng số sản lượng sản xuất thực hiện so với kế hoạch theo tháng/quý/năm dựa trên khoảng thời gian và thông tin phân trang được cung cấp. Phản hồi bao gồm tổng sản lượng thực hiện, tổng kế hoạch sản xuất, và chi tiết sản lượng thực hiện theo từng đơn vị kinh doanh (BU).","- Trong tháng 12/2025, công ty có dữ liệu về SLSX Thực Hiện và Kế hoạch như nào.","{
  ""request"": {
    ""method"": ""POST"",
    ""path"": ""/api/v1/dashboard/project-performance/PMO-025"",
    ""content_type"": ""application/json"",
    ""query"": ""{}"",
    ""body"": ""['fromDate', 'toDate', 'projectType', 'projectStatus']""
  },
  ""example_call"": [
    {
      ""url_endpoint"": ""{{base_url}}/api/v1/dashboard/project-performance/PMO-025"",
      ""query"": ""{}"",
      ""body"": ""{\n \""fromDate\"": \""\"",\n \""toDate\"": \""\"",\n \""projectType\"": [],\n \""projectStatus\"": []\n}""
    }
  ],
  ""required_params"": [
    {
      ""name"": ""fromDate"",
      ""type"": ""Date(yyyy-mm-dd)"",
      ""description"": ""Từ ngày""
    },
    {
      ""name"": ""toDate"",
      ""type"": ""Date(yyyy-mm-dd)"",
      ""description"": ""đến ngày""
    },
    {
      ""name"": ""page"",
      ""type"": ""Integer"",
      ""description"": ""Số trang""
    },
    {
      ""name"": ""size"",
      ""type"": ""Integer"",
      ""description"": ""Số lượng bản ghi một trang""
    }
  ],
  ""optional_params"": [
    {
      ""name"": ""organization"",
      ""type"": ""List<String>"",
      ""description"": ""Danh sách phòng ban. Nếu query không đề cập đến tên phòng ban -> trả về []""
    },
    {
      ""name"": ""projectList"",
      ""type"": ""List<Integer>"",
      ""description"": ""Danh sách id dự án. Nếu query không đề cập đến số id dự án -> trả về []""
    },
    {
      ""name"": ""projectType"",
      ""type"": ""List<String>"",
      ""description"": ""Danh sách loại dự án (T&M, presales, odc/osdc, package). Nếu query không đề cập đến loại dự án -> trả về []""
    },
    {
      ""name"": ""projectStatus"",
      ""type"": ""List<String>"",
      ""description"": ""Danh sách trạng thái dự án (in-progress, hold, closed, presale, open). Nếu query không đề cập đến trạng thái dự án -> trả về []""
    }
  ],
  ""response_schema"": {
    ""label"": {
      ""type"": ""String"",
      ""description"": ""Nhãn theo tháng năm""
    },
    ""totalCount"": {
      ""type"": ""Long"",
      ""description"": ""Tổng số bản ghi""
    },
    ""totalExecuted"": {
      ""type"": ""BigDecimal"",
      ""description"": ""Tổng số sản xuất thực hiện""
    },
    ""totalPlan"": {
      ""type"": ""BigDecimal"",
      ""description"": ""Tổng số kế hoạch sản xuất""
    },
    ""totalValue"": {
      ""type"": ""BigDecimal"",
      ""description"": ""Tổng giá trị""
    },
    ""ttcndt"": {
      ""type"": ""BigDecimal"",
      ""description"": ""Số thực hiện sản xuất của TT CNĐT""
    },
    ""ttpmcds"": {
      ""type"": ""BigDecimal"",
      ""description"": ""Số thực hiện sản xuất của TT PM CĐS""
    },
    ""ttpmcnm"": {
      ""type"": ""BigDecimal"",
      ""description"": ""Số thực hiện sản xuất của TT PM CNM""
    },
    ""ttpmqt"": {
      ""type"": ""BigDecimal"",
      ""description"": ""Số thực hiện sản xuất của TT PM QT""
    },
    ""ttpmtcs"": {
      ""type"": ""BigDecimal"",
      ""description"": ""Số thực hiện sản xuất của TT PM TCS""
    },
    ""ttpmvt"": {
      ""type"": ""BigDecimal"",
      ""description"": ""Số thực hiện sản xuất của TT PM VT""
    }
  },
  ""structured_output"": {},
  ""allow_empty_result"": false
}"
get_total_production_output_by_project_type,"Lấy tổng số SLSX đầu ra theo loại dự án (T&M, presales, odc/osdc, package)","API này truy xuất tổng số sản lượng sản xuất phân loại theo từng loại dự án. API nhận vào khoảng thời gian yêu cầu từ `fromDate` đến `toDate` và trả về nhãn loại dự án, tổng số sản lượng và tỉ lệ phần trăm tương ứng.",- Trong T01/2025 -> T12/2025 thì cho biết với loại dự án là Presales của công ty thì có SLSX là bao nhiêu MM,"{
  ""request"": {
    ""method"": ""POST"",
    ""path"": ""/api/v1/dashboard/project-performance/PMO-027"",
    ""content_type"": ""application/json"",
    ""query"": ""{}"",
    ""body"": ""['fromDate', 'toDate', 'projectType', 'projectStatus']""
  },
  ""example_call"": [
    {
      ""url_endpoint"": ""{{base_url}}/api/v1/dashboard/project-performance/PMO-027"",
      ""query"": ""{}"",
      ""body"": ""{\n \""fromDate\"": \""2024-05-31\"",\n \""toDate\"": \""2025-05-31\"",\n \""projectType\"": [\n \""T&M\"",\n \""package\"",\n \""presales\"",\n \""osdc\""\n ],\n \""projectStatus\"": [\n \""closed\"",\n \""in-progress\""\n ]\n}""
    }
  ],
  ""required_params"": [
    {
      ""name"": ""fromDate"",
      ""type"": ""Date(yyyy-mm-dd)"",
      ""description"": ""Từ ngày""
    },
    {
      ""name"": ""toDate"",
      ""type"": ""Date(yyyy-mm-dd)"",
      ""description"": ""đến ngày""
    }
  ],
  ""optional_params"": [
    {
      ""name"": ""organization"",
      ""type"": ""List<String>"",
      ""description"": ""Danh sách phòng ban. Nếu query không đề cập đến tên phòng ban -> trả về []""
    },
    {
      ""name"": ""projectList"",
      ""type"": ""List<Integer>"",
      ""description"": ""Danh sách id dự án. Nếu query không đề cập đến số id dự án -> trả về []""
    },
    {
      ""name"": ""projectType"",
      ""type"": ""List<String>"",
      ""description"": ""Danh sách loại dự án (T&M, presales, odc/osdc, package). Nếu query không đề cập đến loại dự án -> trả về []""
    },
    {
      ""name"": ""projectStatus"",
      ""type"": ""List<String>"",
      ""description"": ""Danh sách trạng thái dự án. (in-progress, hold, closed, presale, open). Nếu query không đề cập đến trạng thái dự án -> trả về []""
    }
  ],
  ""response_schema"": {
    ""normValue"": {
      ""type"": ""BigDecimal"",
      ""description"": ""Giá trị định mức""
    },
    ""chartData"": {
      ""type"": ""List<Object>"",
      ""description"": ""Dữ liệu biểu đồ chi tiết cho từng loại dự án""
    },
    ""totalValue"": {
      ""type"": ""BigDecimal"",
      ""description"": ""Tổng giá trị sản lượng của tất cả các loại dự án""
    },
    ""subData"": {
      ""type"": ""List<Object>"",
      ""description"": ""Dữ liệu phụ""
    },
    ""label"": {
      ""type"": ""String"",
      ""description"": ""Nhãn chính của biểu đồ""
    },
    ""percent"": {
      ""type"": ""BigDecimal"",
      ""description"": ""Tỷ lệ phần trăm tổng""
    }
  },
  ""structured_output"": {},
  ""allow_empty_result"": false
}"
get_total_acceptance_output_by_plan,Lấy tổng số SLNT (PMO) thực hiện so với kế hoạch,"API này truy vấn tổng sản lượng nghiệm thu (SLNT) thực hiện so với kế hoạch từ PMO . Kết quả trả về bao gồm tổng số thực hiện, tổng kế hoạch nghiệm thu và chi tiết sản lượng theo từng đơn vị nghiệp vụ (BU).",- Trong T01/2025 -> T12/2025 thì cho biết với loại dự án là OSDC của công ty thì có SLNT Thực hiện và Kế Hoạch là bao nhiêu MM.,"{
  ""request"": {
    ""method"": ""POST"",
    ""path"": ""/api/v1/dashboard/project-performance/PMO-028"",
    ""content_type"": ""application/json"",
    ""query"": ""{}"",
    ""body"": ""['fromDate', 'toDate', 'projectType', 'projectStatus']""
  },
  ""example_call"": [
    {
      ""url_endpoint"": ""{{base_url}}/api/v1/dashboard/project-performance/PMO-028"",
      ""query"": ""{}"",
      ""body"": ""{\n \""fromDate\"": \""2025-01-09\"",\n \""toDate\"": \""2025-05-19\"",\n \""projectType\"": [\n \""T&M\"",\n \""odc/osdc\""\n ],\n \""projectStatus\"": [\n \""closed\"",\n \""in-progress\""\n ]\n}""
    }
  ],
  ""required_params"": [
    {
      ""name"": ""fromDate"",
      ""type"": ""Date(yyyy-mm-dd)"",
      ""description"": ""Từ ngày""
    },
    {
      ""name"": ""toDate"",
      ""type"": ""Date(yyyy-mm-dd)"",
      ""description"": ""đến ngày""
    },
    {
      ""name"": ""page"",
      ""type"": ""Integer"",
      ""description"": ""Số trang""
    },
    {
      ""name"": ""size"",
      ""type"": ""Integer"",
      ""description"": ""Số lượng bản ghi một trang""
    }
  ],
  ""optional_params"": [
    {
      ""name"": ""organization"",
      ""type"": ""List<String>"",
      ""description"": ""Danh sách phòng banNếu query không đề cập đến tên phòng ban -> trả về []""
    },
    {
      ""name"": ""projectList"",
      ""type"": ""List<Integer>"",
      ""description"": ""Danh sách id dự án. Nếu query không đề cập đến số id dự án -> trả về []""
    },
    {
      ""name"": ""projectType"",
      ""type"": ""List<String>"",
      ""description"": ""Danh sách loại dự án (T&M, presales, odc/osdc, package). Nếu query không đề cập đến loại dự án -> trả về []""
    },
    {
      ""name"": ""projectStatus"",
      ""type"": ""List<String>"",
      ""description"": ""Danh sách trạng thái dự án (in-progress, hold, closed, presale, open). Nếu query không đề cập đến trạng thái dự án -> trả về []""
    }
  ],
  ""response_schema"": {
    ""label"": {
      ""type"": ""String"",
      ""description"": ""Nhãn theo tháng năm""
    },
    ""totalCount"": {
      ""type"": ""Long"",
      ""description"": ""Tổng số bản ghi""
    },
    ""totalExecuted"": {
      ""type"": ""BigDecimal"",
      ""description"": ""Tổng số kết quả nghiệm thu""
    },
    ""totalPlan"": {
      ""type"": ""BigDecimal"",
      ""description"": ""Tổng số kế hoạch nghiệm thu""
    },
    ""totalValue"": {
      ""type"": ""BigDecimal"",
      ""description"": ""Tổng giá trị""
    },
    ""ttcndt"": {
      ""type"": ""BigDecimal"",
      ""description"": ""Số thực hiện nghiệm thu của TT CNĐT""
    },
    ""ttpmcds"": {
      ""type"": ""BigDecimal"",
      ""description"": ""Số thực hiện nghiệm thu của TT PM CĐS""
    },
    ""ttpmcnm"": {
      ""type"": ""BigDecimal"",
      ""description"": ""Số thực hiện nghiệm thu của TT PM CNM""
    },
    ""ttpmqt"": {
      ""type"": ""BigDecimal"",
      ""description"": ""Số thực hiện nghiệm thu của TT PM QT""
    },
    ""ttpmtcs"": {
      ""type"": ""BigDecimal"",
      ""description"": ""Số thực hiện nghiệm thu của TT PM TCS""
    },
    ""ttpmvt"": {
      ""type"": ""BigDecimal"",
      ""description"": ""Số thực hiện nghiệm thu của TT PM VT""
    }
  },
  ""structured_output"": {},
  ""allow_empty_result"": false
}"
get_total_acceptance_output_by_project_type,"Lấy thông tin tổng số SLNT (PMO) theo loại dự án (T&M, presales, odc/osdc, package)","API này truy vấn tổng sản lượng nghiệm thu SLNT (PMO) được phân loại theo từng loại dự án. Yêu cầu dữ liệu trong khoảng thời gian xác định bởi `fromDate` và `toDate`, API trả về nhãn, tổng giá trị sản lượng, giá trị sản lượng của từng loại dự án, và tỉ lệ phần trăm.",- Trong T01/2025 -> T12/2025 thì cho biết với loại dự án là T&M của công ty thì có SLNT(PMO) là bao nhiêu MM.,"{
  ""request"": {
    ""method"": ""POST"",
    ""path"": ""/api/v1/dashboard/project-performance/PMO-030"",
    ""content_type"": ""application/json"",
    ""query"": ""{}"",
    ""body"": ""['fromDate', 'toDate', 'projectType', 'projectStatus']""
  },
  ""example_call"": [
    {
      ""url_endpoint"": ""{{base_url}}/api/v1/dashboard/project-performance/PMO-030"",
      ""query"": ""{}"",
      ""body"": ""{\n \""fromDate\"": \""2024-05-31\"",\n \""toDate\"": \""2025-05-31\"",\n \""projectType\"": [\n \""T&M\"",\n \""package\"",\n \""presales\"",\n \""osdc\""\n ],\n \""projectStatus\"": [\n \""closed\"",\n \""in-progress\""\n ]\n}""
    }
  ],
  ""required_params"": [
    {
      ""name"": ""fromDate"",
      ""type"": ""Date(yyyy-mm-dd)"",
      ""description"": ""Từ ngày""
    },
    {
      ""name"": ""toDate"",
      ""type"": ""Date(yyyy-mm-dd)"",
      ""description"": ""đến ngày""
    }
  ],
  ""optional_params"": [
    {
      ""name"": ""organization"",
      ""type"": ""List<String>"",
      ""description"": ""Danh sách phòng ban. Nếu query không đề cập đến tên phòng ban -> trả về []""
    },
    {
      ""name"": ""projectList"",
      ""type"": ""List<Integer>"",
      ""description"": ""Danh sách id dự án. Nếu query không đề cập đến số id dự án -> trả về []""
    },
    {
      ""name"": ""projectType"",
      ""type"": ""List<String>"",
      ""description"": ""Danh sách loại dự án (T&M, presales, odc/osdc, package). Nếu query không đề cập đến loại dự án -> trả về []""
    },
    {
      ""name"": ""projectStatus"",
      ""type"": ""List<String>"",
      ""description"": ""Danh sách trạng thái dự án (in-progress, hold, closed, presale, open). Nếu query không đề cập đến trạng thái dự án -> trả về []""
    }
  ],
  ""response_schema"": {
    ""normValue"": {
      ""type"": ""BigDecimal"",
      ""description"": ""Giá trị định mức""
    },
    ""chartData"": {
      ""type"": ""List<Object>"",
      ""description"": ""Dữ liệu biểu đồ chi tiết cho từng loại dự án""
    },
    ""totalValue"": {
      ""type"": ""BigDecimal"",
      ""description"": ""Tổng giá trị sản lượng nghiệm thu của tất cả các loại dự án""
    },
    ""subData"": {
      ""type"": ""List<Object>"",
      ""description"": ""Dữ liệu phụ""
    },
    ""label"": {
      ""type"": ""String"",
      ""description"": ""Nhãn của dữ liệu""
    },
    ""percent"": {
      ""type"": ""BigDecimal"",
      ""description"": ""Tỷ lệ phần trăm""
    }
  },
  ""structured_output"": {},
  ""allow_empty_result"": false
}"
get_production_output_completion_rate_vs_plan,Lấy tỉ lệ hoàn thành SLSX đầu ra thực tế so với kế hoạch,"API này truy xuất dữ liệu để tính toán tỉ lệ hoàn thành sản lượng sản xuất thực tế so với kế hoạch dựa trên khoảng thời gian được chỉ định. Dữ liệu trả về bao gồm tỉ lệ phần trăm, số lượng sản xuất kế hoạch và số lượng sản xuất thực tế.","- Trong T01/2025 -> T12/2025 thì cho biết với loại dự án là Package của công ty thì có SLSX theo thực hiện và kế hoạch là bao nhiêu MM, đồng thời cũng cho biết tỉ lệ % giữa TH và KH.","{
  ""request"": {
    ""method"": ""POST"",
    ""path"": ""/api/v1/dashboard/project-performance/PMO-031"",
    ""content_type"": ""application/json"",
    ""query"": ""{}"",
    ""body"": ""['fromDate', 'toDate', 'projectType', 'projectStatus']""
  },
  ""example_call"": [
    {
      ""url_endpoint"": ""{{base_url}}/api/v1/dashboard/project-performance/PMO-031"",
      ""query"": ""{}"",
      ""body"": ""{\n \""fromDate\"": \""2025-05-09\"",\n \""toDate\"": \""2025-05-06\"",\n \""projectType\"": [\n \""T&M\"",\n \""odc/osdc\""\n ],\n \""projectStatus\"": [\n \""closed\"",\n \""in-progress\""\n ]\n}""
    }
  ],
  ""required_params"": [
    {
      ""name"": ""fromDate"",
      ""type"": ""Date(yyyy-mm-dd)"",
      ""description"": ""Từ ngày""
    },
    {
      ""name"": ""toDate"",
      ""type"": ""Date(yyyy-mm-dd)"",
      ""description"": ""đến ngày""
    }
  ],
  ""optional_params"": [
    {
      ""name"": ""organization"",
      ""type"": ""List<String>"",
      ""description"": ""Danh sách phòng ban. Nếu query không đề cập đến tên phòng ban -> trả về []""
    },
    {
      ""name"": ""projectList"",
      ""type"": ""List<Integer>"",
      ""description"": ""Danh sách id dự án. Nếu query không đề cập đến số id dự án -> trả về []""
    },
    {
      ""name"": ""projectType"",
      ""type"": ""List<String>"",
      ""description"": ""Danh sách loại dự án (T&M, presales, odc/osdc, package). Nếu query không đề cập đến loại dự án -> trả về []""
    },
    {
      ""name"": ""projectStatus"",
      ""type"": ""List<String>"",
      ""description"": ""Danh sách trạng thái dự án (in-progress, hold, closed, presale, open). Nếu query không đề cập đến trạng thái dự án -> trả về []""
    }
  ],
  ""response_schema"": {
    ""percent"": {
      ""type"": ""BigDecimal"",
      ""description"": ""tỉ lệ sản xuất kết quả so với kế hoạch""
    },
    ""plan"": {
      ""type"": ""BigDecimal"",
      ""description"": ""Số sản xuất kế hoạch""
    },
    ""executed"": {
      ""type"": ""BigDecimal"",
      ""description"": ""Số sản xuất kết quả""
    }
  },
  ""structured_output"": {},
  ""allow_empty_result"": false
}"
get_acceptance_output_completion_rate_vs_plan,Lấy tỉ lệ hoàn thành SLNT (PMO) thực tế so với kế hoạch,"API này cung cấp tỉ lệ hoàn thành Sản lượng nghiệm thu (PMO) thực tế so với kế hoạch trong một khoảng thời gian. API nhận vào ngày bắt đầu và ngày kết thúc, sau đó trả về tỉ lệ phần trăm, số liệu nghiệm thu kế hoạch và nghiệm thu kết quả.","- Trong T01/2025 -> T12/2025 thì cho biết với loại dự án là Package của công ty thì có SLNT(PMO) theo thực hiện và kế hoạch là bao nhiêu MM, đồng thời cũng cho biết tỉ lệ % giữa TH và KH.","{
  ""request"": {
    ""method"": ""POST"",
    ""path"": ""/api/v1/dashboard/project-performance/PMO-032"",
    ""content_type"": ""application/json"",
    ""query"": ""{}"",
    ""body"": ""['fromDate', 'toDate', 'projectType', 'projectStatus']""
  },
  ""example_call"": [
    {
      ""url_endpoint"": ""{{base_url}}/api/v1/dashboard/project-performance/PMO-032"",
      ""query"": ""{}"",
      ""body"": ""{\n \""fromDate\"": \""2025-05-09\"",\n \""toDate\"": \""2025-05-06\"",\n \""projectType\"": [\n \""T&M\"",\n \""odc/osdc\""\n ],\n \""projectStatus\"": [\n \""closed\"",\n \""in-progress\""\n ]\n}""
    }
  ],
  ""required_params"": [
    {
      ""name"": ""fromDate"",
      ""type"": ""Date(yyyy-mm-dd)"",
      ""description"": ""Từ ngày""
    },
    {
      ""name"": ""toDate"",
      ""type"": ""Date(yyyy-mm-dd)"",
      ""description"": ""đến ngày""
    }
  ],
  ""optional_params"": [
    {
      ""name"": ""organization"",
      ""type"": ""List<String>"",
      ""description"": ""Danh sách phòng ban. Nếu query không đề cập đến tên phòng ban -> trả về []""
    },
    {
      ""name"": ""projectList"",
      ""type"": ""List<Integer>"",
      ""description"": ""Danh sách id dự án. Nếu query không đề cập đến số id dự án -> trả về []""
    },
    {
      ""name"": ""projectType"",
      ""type"": ""List<String>"",
      ""description"": ""Danh sách loại dự án (T&M, presales, odc/osdc, package). Nếu query không đề cập đến loại dự án -> trả về []""
    },
    {
      ""name"": ""projectStatus"",
      ""type"": ""List<String>"",
      ""description"": ""Danh sách trạng thái dự án (in-progress, hold, closed, presale, open). Nếu query không đề cập đến trạng thái dự án -> trả về []""
    }
  ],
  ""response_schema"": {
    ""percent"": {
      ""type"": ""BigDecimal"",
      ""description"": ""tỉ lệ nghiệm thu kết quả so với kế hoạch""
    },
    ""plan"": {
      ""type"": ""BigDecimal"",
      ""description"": ""Số nghiệm thu kế hoạch""
    },
    ""executed"": {
      ""type"": ""BigDecimal"",
      ""description"": ""Số nghiệm thu kết quả""
    }
  },
  ""structured_output"": {},
  ""allow_empty_result"": false
}"
get_total_ra_actual_vs_plan,Lấy tổng số RA thực hiện so với kế hoạch,"API này cung cấp dữ liệu tổng số Resource Allocation (RA) đã thực hiện so với Resource Allocation(RA) kế hoạch theo tháng, quý hoặc năm, dựa trên khoảng thời gian và thông tin phân trang. Kết quả trả về bao gồm tổng số RA thực hiện, RA kế hoạch, và số RA thực hiện của từng đơn vị kinh doanh.",- Trong T1/2025 - T12/2025 thì TTPMVT có RA thực hiện và kế hoạch là bao nhiêu MM.,"{
  ""request"": {
    ""method"": ""POST"",
    ""path"": ""/api/v1/dashboard/project-performance/PMO-033"",
    ""content_type"": ""application/json"",
    ""query"": ""{}"",
    ""body"": ""['fromDate', 'toDate', 'projectList', 'organization', 'projectType', 'projectStatus']""
  },
  ""example_call"": [
    {
      ""url_endpoint"": ""{{base_url}}/api/v1/dashboard/project-performance/PMO-033"",
      ""query"": ""{}"",
      ""body"": ""{\n \""fromDate\"": \""2023-01-01T00:00:00Z\"",\n \""toDate\"": \""2023-12-31T23:59:59Z\"",\n \""organization\"": [\n \""BU01\"",\n \""BU03\""\n ],\n \""projectType\"": [\n \""T&M\"",\n \""package\""\n ],\n \""projectStatus\"": [\n \""in-progress\""\n ],\n \""isAllProject\"": true,\n \""projectList\"": [],\n \""isAllCustomer\"": true,\n \""customerList\"": []\n}""
    }
  ],
  ""required_params"": [
    {
      ""name"": ""fromDate"",
      ""type"": ""Date(yyyy-mm-dd)"",
      ""description"": ""Từ ngày""
    },
    {
      ""name"": ""toDate"",
      ""type"": ""Date(yyyy-mm-dd)"",
      ""description"": ""đến ngày""
    },
    {
      ""name"": ""page"",
      ""type"": ""Integer"",
      ""description"": ""Số trang""
    },
    {
      ""name"": ""size"",
      ""type"": ""Integer"",
      ""description"": ""Số lượng bản ghi một trang""
    }
  ],
  ""optional_params"": [
    {
      ""name"": ""organization"",
      ""type"": ""List<String>"",
      ""description"": ""Danh sách phòng ban. Nếu query không đề cập đến tên phòng ban -> trả về []""
    },
    {
      ""name"": ""projectList"",
      ""type"": ""List<Integer>"",
      ""description"": ""Danh sách id dự án. Nếu query không đề cập đến số id dự án -> trả về []""
    },
    {
      ""name"": ""projectType"",
      ""type"": ""List<String>"",
      ""description"": ""Danh sách loại dự án (T&M, presales, odc/osdc, package). Nếu query không đề cập đến loại dự án -> trả về []""
    },
    {
      ""name"": ""projectStatus"",
      ""type"": ""List<String>"",
      ""description"": ""Danh sách trạng thái dự án (in-progress, hold, closed, presale, open). Nếu query không đề cập đến trạng thái dự án -> trả về []""
    }
  ],
  ""response_schema"": {
    ""label"": {
      ""type"": ""String"",
      ""description"": ""Nhãn theo thời gian (ví dụ: T01/2024)""
    },
    ""totalCount"": {
      ""type"": ""Long"",
      ""description"": ""Tổng số bản ghi""
    },
    ""totalExecuted"": {
      ""type"": ""BigDecimal"",
      ""description"": ""Tổng số RA đã thực hiện""
    },
    ""totalPlan"": {
      ""type"": ""BigDecimal"",
      ""description"": ""Tổng số RA kế hoạch""
    },
    ""totalValue"": {
      ""type"": ""BigDecimal"",
      ""description"": ""Tổng giá trị""
    },
    ""ttcndt"": {
      ""type"": ""BigDecimal"",
      ""description"": ""Tỷ lệ tuân thủ nội dung đào tạo""
    },
    ""ttpmcds"": {
      ""type"": ""BigDecimal"",
      ""description"": ""Tỷ lệ tuân thủ mức độ chia sẻ""
    },
    ""ttpmcnm"": {
      ""type"": ""BigDecimal"",
      ""description"": ""Tỷ lệ tuân thủ cập nhật mới""
    },
    ""ttpmqt"": {
      ""type"": ""BigDecimal"",
      ""description"": ""Tỷ lệ tuân thủ quy trình""
    },
    ""ttpmtcs"": {
      ""type"": ""BigDecimal"",
      ""description"": ""Tỷ lệ tuân thủ tài chính""
    },
    ""ttpmvt"": {
      ""type"": ""BigDecimal"",
      ""description"": ""Tỷ lệ tuân thủ vận hành""
    }
  },
  ""structured_output"": {},
  ""allow_empty_result"": false
}"
get_projects_with_cumulative_ra_over_budget_by_unit,Lấy Danh sách dự án có RA luỹ kế vượt Budget theo đơn vị,"API này truy xuất danh sách các dự án có sản lượng Resource Allocation RA lũy kế vượt ngân sách theo đơn vị, yêu cầu các tham số về ngày kết thúc, số trang và kích thước trang. Phản hồi bao gồm thông tin chi tiết về từng dự án như tên dự án, đơn vị, RA lũy kế, ngân sách, tỉ lệ vượt và các tổng số liên quan.",- Trong T12/2025 thì TTPMTCS có bao nhiêu dự án có RA lũy kế vượt Budget theo đơn vị,"{
  ""request"": {
    ""method"": ""POST"",
    ""path"": ""/api/v1/dashboard/project-performance/PMO-038"",
    ""content_type"": ""application/json"",
    ""query"": ""{}"",
    ""body"": ""['toDate', 'projectType', 'projectStatus']""
  },
  ""example_call"": [
    {
      ""url_endpoint"": ""{{base_url}}/api/v1/dashboard/project-performance/PMO-038"",
      ""query"": ""{}"",
      ""body"": ""{\n \""toDate\"": \""2025-05-06\"",\n \""projectType\"": [\n \""T&M\"",\n \""odc/osdc\""\n ],\n \""projectStatus\"": [\n \""closed\"",\n \""in-progress\""\n ]\n}""
    }
  ],
  ""required_params"": [
    {
      ""name"": ""toDate"",
      ""type"": ""Date(yyyy-mm-dd)"",
      ""description"": ""đến ngày""
    },
    {
      ""name"": ""page"",
      ""type"": ""Integer"",
      ""description"": ""Số trang""
    },
    {
      ""name"": ""size"",
      ""type"": ""Integer"",
      ""description"": ""Số lượng bản ghi một trang""
    }
  ],
  ""optional_params"": [
    {
      ""name"": ""fromDate"",
      ""type"": ""Date(yyyy-mm-dd)"",
      ""description"": ""Từ ngày""
    },
    {
      ""name"": ""organization"",
      ""type"": ""List<String>"",
      ""description"": ""Danh sách phòng ban. Nếu query không đề cập đến tên phòng ban -> trả về []""
    },
    {
      ""name"": ""projectList"",
      ""type"": ""List<Integer>"",
      ""description"": ""Danh sách id dự án. Nếu query không đề cập đến số id dự án -> trả về []""
    },
    {
      ""name"": ""projectType"",
      ""type"": ""List<String>"",
      ""description"": ""Danh sách loại dự án (T&M, presales, odc/osdc, package). Nếu query không đề cập đến loại dự án -> trả về []""
    },
    {
      ""name"": ""projectStatus"",
      ""type"": ""List<String>"",
      ""description"": ""Danh sách trạng thái dự án (in-progress, hold, closed, presale, open). Nếu query không đề cập đến trạng thái dự án -> trả về []""
    }
  ],
  ""response_schema"": {
    ""projectName"": {
      ""type"": ""BigDecimal"",
      ""description"": ""tên dự án""
    },
    ""totalCount"": {
      ""type"": ""long"",
      ""description"": ""Tổng số bản ghi""
    },
    ""organization"": {
      ""type"": ""BigDecimal"",
      ""description"": ""tên đơn vị""
    },
    ""ra"": {
      ""type"": ""BigDecimal"",
      ""description"": ""ra lũy kế của dự án""
    },
    ""budget"": {
      ""type"": ""BigDecimal"",
      ""description"": ""Ngân sách của dự án""
    },
    ""overRate"": {
      ""type"": ""BigDecimal"",
      ""description"": ""Tỉ lệ vượt""
    },
    ""totalRa"": {
      ""type"": ""BigDecimal"",
      ""description"": ""Tổng số ra lũy kế""
    },
    ""totalBudget"": {
      ""type"": ""BigDecimal"",
      ""description"": ""Tổng số ngân sách dự án""
    },
    ""totalOverRate"": {
      ""type"": ""BigDecimal"",
      ""description"": ""Tổng số tỉ lệ vượt""
    }
  },
  ""structured_output"": {},
  ""allow_empty_result"": false
}"
get_total_production_output_by_type,"Lấy tổng số SLSX theo Loại Tự SX, OS, LK","API này truy xuất tổng số sản lượng sản xuất theo loại (tự sản xuất, outsource, liên kết) dựa trên khoảng thời gian từ ngày và đến ngày được cung cấp. Nó trả về các nhãn loại sản lượng, tổng giá trị sản lượng và tỉ lệ phần trăm tương ứng.",- Trong T12/2025 thì TTPMTCS có giá trị SLSX theo Tự SX/OS/Liên kết là bao nhiêu MM.,"{
  ""request"": {
    ""method"": ""POST"",
    ""path"": ""/api/v1/dashboard/project-performance/PMO-057"",
    ""content_type"": ""application/json"",
    ""query"": ""{}"",
    ""body"": ""['fromDate', 'toDate', 'projectType', 'projectStatus']""
  },
  ""example_call"": [
    {
      ""url_endpoint"": ""{{base_url}}/api/v1/dashboard/project-performance/PMO-057"",
      ""query"": ""{}"",
      ""body"": ""{\n \""fromDate\"": \""2024-05-31\"",\n \""toDate\"": \""2025-05-31\"",\n \""projectType\"": [\n \""T&M\"",\n \""package\"",\n \""presales\"",\n \""osdc\""\n ],\n \""projectStatus\"": [\n \""closed\"",\n \""in-progress\""\n ]\n}""
    }
  ],
  ""required_params"": [
    {
      ""name"": ""fromDate"",
      ""type"": ""Date(yyyy-mm-dd)"",
      ""description"": ""Từ ngày""
    },
    {
      ""name"": ""toDate"",
      ""type"": ""Date(yyyy-mm-dd)"",
      ""description"": ""đến ngày""
    }
  ],
  ""optional_params"": [
    {
      ""name"": ""organization"",
      ""type"": ""List<String>"",
      ""description"": ""Danh sách phòng ban. Nếu query không đề cập đến tên phòng ban -> trả về []""
    },
    {
      ""name"": ""projectList"",
      ""type"": ""List<Integer>"",
      ""description"": ""Danh sách id dự án. Nếu query không đề cập đến số id dự án -> trả về []""
    },
    {
      ""name"": ""projectType"",
      ""type"": ""List<String>"",
      ""description"": ""Danh sách loại dự án (T&M, presales, odc/osdc, package). Nếu query không đề cập đến loại dự án -> trả về []""
    },
    {
      ""name"": ""projectStatus"",
      ""type"": ""List<String>"",
      ""description"": ""Danh sách trạng thái dự án (in-progress, hold, closed, presale, open). Nếu query không đề cập đến trạng thái dự án -> trả về []""
    }
  ],
  ""response_schema"": {
    ""chartData"": {
      ""type"": ""List<Object>"",
      ""description"": ""Dữ liệu biểu đồ, mỗi object chứa thông tin chi tiết về một mục (ví dụ: Tự SX, OS, Liên kết)""
    },
    ""label"": {
      ""type"": ""String"",
      ""description"": ""Nhãn chung cho dữ liệu""
    },
    ""normValue"": {
      ""type"": ""Number"",
      ""description"": ""Giá trị định mức""
    },
    ""percent"": {
      ""type"": ""Number"",
      ""description"": ""Tỷ lệ phần trăm tổng thể""
    },
    ""subData"": {
      ""type"": ""List<Object>"",
      ""description"": ""Dữ liệu phụ cho biểu đồ""
    },
    ""totalValue"": {
      ""type"": ""Number"",
      ""description"": ""Tổng giá trị của tất cả các mục trong biểu đồ""
    }
  },
  ""structured_output"": {},
  ""allow_empty_result"": false
}"
get_total_acceptance_output_by_type,"Lấy thông tin tổng số SLNT theo Loại Tự SX, OS, LK","API này truy vấn tổng sản lượng nội bộ (SLNT) theo các loại Tự sản xuất, Outsource và Liên kết dựa trên khoảng thời gian từ `fromDate` đến `toDate`. Dữ liệu trả về bao gồm nhãn loại, tổng giá trị sản lượng và tỉ lệ phần trăm tương ứng của từng loại.",- Trong T12/2025 thì TTPMTCS có giá trị SLNT(PMO) theo Tự SX/OS/Liên kết là bao nhiêu MM.,"{
  ""request"": {
    ""method"": ""POST"",
    ""path"": ""/api/v1/dashboard/project-performance/PMO-058"",
    ""content_type"": ""application/json"",
    ""query"": ""{}"",
    ""body"": ""['fromDate', 'toDate', 'projectType', 'projectStatus']""
  },
  ""example_call"": [
    {
      ""url_endpoint"": ""{{base_url}}/api/v1/dashboard/project-performance/PMO-058"",
      ""query"": ""{}"",
      ""body"": ""{\n \""fromDate\"": \""2024-05-31\"",\n \""toDate\"": \""2025-05-31\"",\n \""projectType\"": [\n \""T&M\"",\n \""package\"",\n \""presales\"",\n \""osdc\""\n ],\n \""projectStatus\"": [\n \""closed\"",\n \""in-progress\""\n ]\n}""
    }
  ],
  ""required_params"": [
    {
      ""name"": ""fromDate"",
      ""type"": ""Date(yyyy-mm-dd)"",
      ""description"": ""Từ ngày""
    },
    {
      ""name"": ""toDate"",
      ""type"": ""Date(yyyy-mm-dd)"",
      ""description"": ""đến ngày""
    }
  ],
  ""optional_params"": [
    {
      ""name"": ""organization"",
      ""type"": ""List<String>"",
      ""description"": ""Danh sách phòng ban. Nếu query không đề cập đến tên phòng ban -> trả về []""
    },
    {
      ""name"": ""projectList"",
      ""type"": ""List<Integer>"",
      ""description"": ""Danh sách id dự án. Nếu query không đề cập đến số id dự án -> trả về []""
    },
    {
      ""name"": ""projectType"",
      ""type"": ""List<String>"",
      ""description"": ""Danh sách loại dự án (T&M, presales, odc/osdc, package). Nếu query không đề cập đến loại dự án -> trả về []""
    },
    {
      ""name"": ""projectStatus"",
      ""type"": ""List<String>"",
      ""description"": ""Danh sách trạng thái dự án (in-progress, hold, closed, presale, open). Nếu query không đề cập đến trạng thái dự án -> trả về []""
    }
  ],
  ""response_schema"": {
    ""normValue"": {
      ""type"": ""Number"",
      ""description"": ""Giá trị định mức""
    },
    ""chartData"": {
      ""type"": ""List<Object>"",
      ""description"": ""Dữ liệu biểu đồ chính""
    },
    ""subData"": {
      ""type"": ""List<Object>"",
      ""description"": ""Dữ liệu phụ""
    },
    ""label"": {
      ""type"": ""String"",
      ""description"": ""Nhãn tổng""
    },
    ""totalValue"": {
      ""type"": ""Number"",
      ""description"": ""Tổng giá trị""
    },
    ""percent"": {
      ""type"": ""Number"",
      ""description"": ""Tổng phần trăm""
    }
  },
  ""structured_output"": {},
  ""allow_empty_result"": false
}"
get_number_of_projects_with_defect_rate_measurement,Lấy số lượng dự án có thực hiện đo Defect rate,API này truy xuất số lượng dự án đã thực hiện đo Defect rate tính đến một ngày cụ thể. Nó yêu cầu tham số `toDate` và trả về giá trị số là số lượng dự án.,- Trong T12/2025 có bao nhiêu dự án có Defect rate,"{
  ""request"": {
    ""method"": ""POST"",
    ""path"": ""/api/v1/dashboard/defect-rate/count"",
    ""content_type"": ""application/json"",
    ""query"": ""{}"",
    ""body"": ""['toDate', 'isCompany', 'projectType', 'projectStatus', 'isAllProject', 'isAllCustomer']""
  },
  ""example_call"": [
    {
      ""url_endpoint"": ""{{base_url}}/api/v1/dashboard/defect-rate/count"",
      ""query"": ""{}"",
      ""body"": ""{\n \""toDate\"": \""2025-04-29\"",\n \""isCompany\"": true,\n \""projectType\"": [\n \""T&M\"",\n \""package\""\n ],\n \""projectStatus\"": [\n \""close\"",\n \"" in-progress\""\n ],\n \""isAllProject\"": true,\n \""isAllCustomer\"": true\n}""
    }
  ],
  ""required_params"": [
    {
      ""name"": ""toDate"",
      ""type"": ""Date(yyyy-mm-dd)"",
      ""description"": ""Đến ngày""
    },
    {
      ""name"": ""fromDate"",
      ""type"": ""Date(yyyy-mm-dd)"",
      ""description"": ""Từ ngày""
    }
  ],
  ""optional_params"": [
    {
      ""name"": ""isCompany"",
      ""type"": ""Boolean"",
      ""description"": ""Cả công ty hay không""
    },
    {
      ""name"": ""organization"",
      ""type"": ""List<String>"",
      ""description"": ""Danh sách phòng ban. Nếu query không đề cập đến tên phòng ban -> trả về []""
    },
    {
      ""name"": ""isAllProject"",
      ""type"": ""Boolean"",
      ""description"": ""Tất cả dự án hay không""
    },
    {
      ""name"": ""projectList"",
      ""type"": ""List<Integer>"",
      ""description"": ""Danh sách id dự án. Nếu query không đề cập đến số id dự án -> trả về []""
    },
    {
      ""name"": ""projectType"",
      ""type"": ""List<String>"",
      ""description"": ""Danh sách loại dự án (T&M, presales, odc/osdc, package). Nếu query không đề cập đến loại dự án -> trả về []""
    },
    {
      ""name"": ""isAllCustomer "",
      ""type"": ""Boolean"",
      ""description"": ""Tất cả khách hàng hay không""
    },
    {
      ""name"": ""customerList"",
      ""type"": ""List<String>"",
      ""description"": ""Danh sách khách hàng. Nếu query không đề cập đến tên khách hàng -> trả về []""
    },
    {
      ""name"": ""projectStatus"",
      ""type"": ""List<String>"",
      ""description"": ""Danh sách trạng thái dự án (in-progress, hold, closed, presale, open). Nếu query không đề cập đến trạng thái dự án -> trả về []""
    }
  ],
  ""response_schema"": {
    ""value"": {
      ""type"": ""BigDecimal"",
      ""description"": ""Số lượng dự án có thực hiện đo Defect rate""
    }
  },
  ""structured_output"": {},
  ""allow_empty_result"": false
}"
get_defect_rate_norm_score,Lấy thông tin điểm Defect rate norm,API này truy xuất tỉ lệ lỗi tiêu chuẩn (Defect rate norm) dựa trên dữ liệu tính đến một ngày kết thúc (`toDate`) được cung cấp. Nó trả về giá trị Điểm Defect rate norm dưới dạng số BigDecimal.,- Trong T10/2025 thì defect rate norm của TTPMTCS là bao nhiêu,"{
  ""request"": {
    ""method"": ""POST"",
    ""path"": ""/api/v1/dashboard/defect-rate/norm"",
    ""content_type"": ""application/json"",
    ""query"": ""{}"",
    ""body"": ""['toDate']""
  },
  ""example_call"": [
    {
      ""url_endpoint"": ""{{base_url}}/api/v1/dashboard/defect-rate/norm"",
      ""query"": ""{}"",
      ""body"": ""{\n \""toDate\"": \""2025-04-29\""\n}""
    }
  ],
  ""required_params"": [
    {
      ""name"": ""toDate"",
      ""type"": ""Date(yyyy-mm-dd)"",
      ""description"": ""Đến ngày""
    },
    {
      ""name"": ""fromDate"",
      ""type"": ""Date(yyyy-mm-dd)"",
      ""description"": ""Từ ngày""
    }
  ],
  ""optional_params"": [
    {
      ""name"": ""customerList"",
      ""type"": ""List<String>"",
      ""description"": ""Danh sách khách hàng. Nếu không đề cập trả về []""
    },
    {
      ""name"": ""organization"",
      ""type"": ""List<String>"",
      ""description"": ""Danh sách phòng/ban, đơn vị. Nếu không đề cập trả về []""
    },
    {
      ""name"": ""projectList"",
      ""type"": ""List<Integer>"",
      ""description"": ""Danh sách id của tên dự án. Nếu rỗng trả về []""
    },
    {
      ""name"": ""projectType"",
      ""type"": ""List<String>"",
      ""description"": ""Danh sách loại dự án. Nếu rỗng trả về []""
    },
    {
      ""name"": ""projectStatus"",
      ""type"": ""List<String>"",
      ""description"": ""Danh sách trạng thái dự án. Nếu rỗng trả về []""
    }
  ],
  ""response_schema"": {
    ""value"": {
      ""type"": ""BigDecimal"",
      ""description"": ""Điểm Defect rate norm""
    }
  },
  ""structured_output"": {},
  ""allow_empty_result"": false
}"
get_compare_average_defect_rate_of_projects_by_unit,Lấy Defect rate theo đơn vị,"API này truy xuất điểm bình quân Defect Rate của các dự án được so sánh theo đơn vị (phòng ban) dựa trên ngày kết thúc được cung cấp (`toDate`). Phản hồi bao gồm giá trị Defect Rate tổng thể, giá trị tiêu chuẩn, và dữ liệu chi tiết biểu đồ cho từng đơn vị.",- Trong T11/2025 thì defect rate của TTPMCNM là bao nhiêu,"{
  ""request"": {
    ""method"": ""POST"",
    ""path"": ""/api/v1/dashboard/defect-rate/organization"",
    ""content_type"": ""application/json"",
    ""query"": ""{}"",
    ""body"": ""['toDate', 'projectType', 'projectStatus', 'isCompany', 'isAllProject', 'isAllCustomer', 'standardComparison']""
  },
  ""example_call"": [
    {
      ""url_endpoint"": ""{{base_url}}/api/v1/dashboard/defect-rate/organization"",
      ""query"": ""{}"",
      ""body"": ""{\n \""toDate\"": \""2025-04-29\"",\n \""projectType\"": [\n \""T&M\"",\n \""package\""\n ],\n \""projectStatus\"": [\n \""close\"",\n \"" in-progress\""\n ],\n \""isCompany\"": true,\n \""isAllProject\"": true,\n \""isAllCustomer\"": true,\n \""standardComparison\"": 1\n}""
    }
  ],
  ""required_params"": [
    {
      ""name"": ""toDate"",
      ""type"": ""Date(yyyy-mm-dd)"",
      ""description"": ""Đến ngày""
    },
    {
      ""name"": ""fromDate"",
      ""type"": ""Date(yyyy-mm-dd)"",
      ""description"": ""Từ ngày""
    }
  ],
  ""optional_params"": [
    {
      ""name"": ""isCompany"",
      ""type"": ""Boolean"",
      ""description"": ""Cả công ty hay không""
    },
    {
      ""name"": ""organization"",
      ""type"": ""List<String>"",
      ""description"": ""Danh sách phòng ban. Nếu query không đề cập đến tên phòng ban -> trả về []""
    },
    {
      ""name"": ""isAllProject"",
      ""type"": ""Boolean"",
      ""description"": ""Tất cả dự án hay không""
    },
    {
      ""name"": ""projectList"",
      ""type"": ""List<Integer>"",
      ""description"": ""Danh sách id dự án. Nếu query không đề cập đến số id dự án -> trả về []""
    },
    {
      ""name"": ""projectType"",
      ""type"": ""List<String>"",
      ""description"": ""Danh sách loại dự án (T&M, presales, odc/osdc, package). Nếu query không đề cập đến loại dự án -> trả về []""
    },
    {
      ""name"": ""isAllCustomer "",
      ""type"": ""Boolean"",
      ""description"": ""Tất cả khách hàng hay không""
    },
    {
      ""name"": ""customerList"",
      ""type"": ""List<String>"",
      ""description"": ""Danh sách khách hàng. Nếu query không đề cập đến tên khách hàng -> trả về []""
    },
    {
      ""name"": ""projectStatus"",
      ""type"": ""List<String>"",
      ""description"": ""Danh sách trạng thái dự án (in-progress, hold, closed, presale, open). Nếu query không đề cập đến trạng thái dự án -> trả về []""
    },
    {
      ""name"": ""standardComparison"",
      ""type"": ""Integer"",
      ""description"": ""ABOVE(1), BELOW(2);""
    }
  ],
  ""response_schema"": {
    ""normValue"": {
      ""type"": ""Number"",
      ""description"": ""Giá trị tiêu chuẩn""
    },
    ""chartData"": {
      ""type"": ""List<Object>"",
      ""description"": ""Dữ liệu biểu đồ chính""
    },
    ""subData"": {
      ""type"": ""List<Object>"",
      ""description"": ""Dữ liệu phụ cho biểu đồ""
    },
    ""label"": {
      ""type"": ""String"",
      ""description"": ""Nhãn chính của biểu đồ""
    },
    ""totalValue"": {
      ""type"": ""Number"",
      ""description"": ""Tổng giá trị""
    },
    ""percent"": {
      ""type"": ""Number"",
      ""description"": ""Tỷ lệ phần trăm tổng thể""
    }
  },
  ""structured_output"": {},
  ""allow_empty_result"": false
}"
get_average_defect_rate_of_projects_by_project_type,"Lấy thông tin điểm bình quân Defect rate các dự án theo loại dự án (T&M, presales, odc/osdc, package)","API này truy xuất điểm bình quân Defect Rate của các dự án được phân loại theo loại dự án (T&M, presales, odc/osdc, package). Nó yêu cầu tham số `toDate` và trả về các giá trị defect rate, giá trị tiêu chuẩn cùng dữ liệu biểu đồ chi tiết.",- Trong T10/2025 thì defect rate với loại dự án package của TTPMVT là bao nhiêu,"{
  ""request"": {
    ""method"": ""POST"",
    ""path"": ""/api/v1/dashboard/defect-rate/project"",
    ""content_type"": ""application/json"",
    ""query"": ""{}"",
    ""body"": ""['toDate', 'projectType', 'projectStatus', 'isAllProject', 'isAllCustomer', 'standardComparison']""
  },
  ""example_call"": [
    {
      ""url_endpoint"": ""{{base_url}}/api/v1/dashboard/defect-rate/project"",
      ""query"": ""{}"",
      ""body"": ""{\n \""toDate\"": \""2025-04-29\"",\n \""projectType\"": [\n \""T&M\"",\n \""package\""\n ],\n \""projectStatus\"": [\n \""close\"",\n \"" in-progress\""\n ],\n \""isAllProject\"": true,\n \""isAllCustomer\"": true,\n \""standardComparison\"": 1\n}""
    }
  ],
  ""required_params"": [
    {
      ""name"": ""toDate"",
      ""type"": ""Date(yyyy-mm-dd)"",
      ""description"": ""Đến ngày""
    },
    {
      ""name"": ""fromDate"",
      ""type"": ""Date(yyyy-mm-dd)"",
      ""description"": ""Từ ngày""
    }
  ],
  ""optional_params"": [
    {
      ""name"": ""isCompany"",
      ""type"": ""Boolean"",
      ""description"": ""Cả công ty hay không""
    },
    {
      ""name"": ""organization"",
      ""type"": ""List<String>"",
      ""description"": ""Danh sách phòng ban. Nếu query không đề cập đến tên phòng ban -> trả về []""
    },
    {
      ""name"": ""isAllProject"",
      ""type"": ""Boolean"",
      ""description"": ""Tất cả dự án hay không. Nếu query không đề cập đến số id dự án -> trả về []""
    },
    {
      ""name"": ""projectList"",
      ""type"": ""List<Integer>"",
      ""description"": ""Danh sách id dự án (T&M, presales, odc/osdc, package). Nếu query không đề cập đến loại dự án -> trả về []""
    },
    {
      ""name"": ""projectType"",
      ""type"": ""List<String>"",
      ""description"": ""Danh sách loại dự án (T&M, presales, odc/osdc, package). Nếu query không đề cập đến loại dự án -> trả về []""
    },
    {
      ""name"": ""isAllCustomer "",
      ""type"": ""Boolean"",
      ""description"": ""Tất cả khách hàng hay không""
    },
    {
      ""name"": ""customerList"",
      ""type"": ""List<String>"",
      ""description"": ""Danh sách khách hàng. Nếu query không đề cập đến tên khách hàng -> trả về []""
    },
    {
      ""name"": ""projectStatus"",
      ""type"": ""List<String>"",
      ""description"": ""Danh sách trạng thái dự án (in-progress, hold, closed, presale, open). Nếu query không đề cập đến trạng thái dự án -> trả về []""
    },
    {
      ""name"": ""standardComparison"",
      ""type"": ""Integer"",
      ""description"": ""ABOVE(1), BELOW(2);""
    }
  ],
  ""response_schema"": {
    ""normValue"": {
      ""type"": ""BigDecimal"",
      ""description"": ""Giá trị tiêu chuẩn""
    },
    ""chartData"": {
      ""type"": ""List<BarChartProjection>"",
      ""description"": ""Danh sách chi tiết các chart""
    },
    ""label"": {
      ""type"": ""String"",
      ""description"": ""Tên của loại dự án""
    },
    ""subData"": {
      ""type"": ""List<BarChartProjection>"",
      ""description"": ""Dữ liệu phụ cho biểu đồ""
    },
    ""percent"": {
      ""type"": ""Double"",
      ""description"": ""Tỷ lệ phần trăm""
    },
    ""totalValue"": {
      ""type"": ""Double"",
      ""description"": ""Tổng giá trị""
    }
  },
  ""structured_output"": {},
  ""allow_empty_result"": false
}"
get_defect_rate_fluctuation_by_period,Lấy thông tin biến động Defect Rate theo chu kỳ (ngày/tuần/tháng/quý/năm),"API này truy xuất dữ liệu biến động Defect Rate theo chu kỳ dựa trên khoảng thời gian (`fromDate`, `toDate`) và thông tin phân trang (`page`, `size`). Nó trả về các giá trị Defect Rate, giá trị tiêu chuẩn (`normValue`), cùng với dữ liệu biểu đồ chi tiết được phân trang (`chartData`).","- Trong khoảng từ T1/2025 - T7/2025, thì biến động defect rate theo chu kỳ của các dự án của TTPMVT diễn biến ra sao","{
  ""request"": {
    ""method"": ""POST"",
    ""path"": ""/api/v1/dashboard/defect-rate/trend"",
    ""content_type"": ""application/json"",
    ""query"": ""{}"",
    ""body"": ""['fromDate', 'toDate', 'projectType', 'projectStatus', 'isAllProject', 'isAllCustomer', 'standardComparison']""
  },
  ""example_call"": [
    {
      ""url_endpoint"": ""{{base_url}}/api/v1/dashboard/defect-rate/trend"",
      ""query"": ""{}"",
      ""body"": ""{\n \""fromDate\"": \""2025-01-01\"",\n \""toDate\"": \""2025-04-29\"",\n \""projectType\"": [\n \""T&M\"",\n \""package\""\n ],\n \""projectStatus\"": [\n \""close\"",\n \"" in-progress\""\n ],\n \""isAllProject\"": true,\n \""isAllCustomer\"": true,\n \""standardComparison\"": 1\n}""
    }
  ],
  ""required_params"": [
    {
      ""name"": ""fromDate"",
      ""type"": ""Date(yyyy-mm-dd)"",
      ""description"": ""Từ ngày""
    },
    {
      ""name"": ""toDate"",
      ""type"": ""Date(yyyy-mm-dd)"",
      ""description"": ""Đến ngày""
    },
    {
      ""name"": ""page"",
      ""type"": ""Integer"",
      ""description"": ""Số trang""
    },
    {
      ""name"": ""size"",
      ""type"": ""Integer"",
      ""description"": ""Số lượng bản ghi một trang""
    }
  ],
  ""optional_params"": [
    {
      ""name"": ""isCompany"",
      ""type"": ""Boolean"",
      ""description"": ""Cả công ty hay không""
    },
    {
      ""name"": ""organization"",
      ""type"": ""List<String>"",
      ""description"": ""Danh sách phòng ban. Nếu query không đề cập đến tên phòng ban -> trả về []""
    },
    {
      ""name"": ""isAllProject"",
      ""type"": ""Boolean"",
      ""description"": ""Tất cả dự án hay không""
    },
    {
      ""name"": ""projectList"",
      ""type"": ""List<Integer>"",
      ""description"": ""Danh sách id dự án. Nếu query không đề cập đến số id dự án -> trả về []""
    },
    {
      ""name"": ""projectType"",
      ""type"": ""List<String>"",
      ""description"": ""Danh sách loại dự án (T&M, presales, odc/osdc, package). Nếu query không đề cập đến loại dự án -> trả về []""
    },
    {
      ""name"": ""isAllCustomer "",
      ""type"": ""Boolean"",
      ""description"": ""Tất cả khách hàng hay không""
    },
    {
      ""name"": ""customerList"",
      ""type"": ""List<String>"",
      ""description"": ""Danh sách khách hàng. Nếu query không đề cập đến tên khách hàng -> trả về []""
    },
    {
      ""name"": ""projectStatus"",
      ""type"": ""List<String>"",
      ""description"": ""Danh sách trạng thái dự án (in-progress, hold, closed, presale, open). Nếu query không đề cập đến trạng thái dự án -> trả về []""
    },
    {
      ""name"": ""standardComparison"",
      ""type"": ""Integer"",
      ""description"": ""ABOVE(1), BELOW(2);""
    }
  ],
  ""response_schema"": {
    ""content"": {
      ""type"": ""List<Object>"",
      ""description"": ""Danh sách dữ liệu chính của trang""
    },
    ""pageable"": {
      ""type"": ""Object"",
      ""description"": ""Thông tin chi tiết về phân trang""
    },
    ""last"": {
      ""type"": ""Boolean"",
      ""description"": ""Trả về true nếu đây là trang cuối cùng""
    },
    ""totalPages"": {
      ""type"": ""Integer"",
      ""description"": ""Tổng số trang""
    },
    ""totalElements"": {
      ""type"": ""Long"",
      ""description"": ""Tổng số phần tử trên tất cả các trang""
    },
    ""size"": {
      ""type"": ""Integer"",
      ""description"": ""Kích thước của trang""
    },
    ""number"": {
      ""type"": ""Integer"",
      ""description"": ""Số thứ tự của trang hiện tại (bắt đầu từ 0)""
    },
    ""sort"": {
      ""type"": ""Object"",
      ""description"": ""Thông tin về việc sắp xếp""
    },
    ""first"": {
      ""type"": ""Boolean"",
      ""description"": ""Trả về true nếu đây là trang đầu tiên""
    },
    ""numberOfElements"": {
      ""type"": ""Integer"",
      ""description"": ""Số lượng phần tử trên trang hiện tại""
    },
    ""empty"": {
      ""type"": ""Boolean"",
      ""description"": ""Trả về true nếu trang hiện tại không có phần tử nào""
    }
  },
  ""structured_output"": {},
  ""allow_empty_result"": false
}"
get_average_ranking_score_of_project_defect_rate,Lấy thông tin điểm xếp hạng bình quân Defect rate các dự án,"API này truy xuất điểm xếp hạng bình quân Defect Rate của các dự án, yêu cầu ngày kết thúc, số trang và số lượng bản ghi trên một trang. Nó trả về giá trị tiêu chuẩn, danh sách dữ liệu chi tiết cho biểu đồ, giá trị Defect Rate và tên của dự án.","- Trong T11/2025, tôi muốn xem các chỉ số defect rate theo dự án được xếp hạng ra sao","{
  ""request"": {
    ""method"": ""POST"",
    ""path"": ""/api/v1/dashboard/defect-rate/ranking"",
    ""content_type"": ""application/json"",
    ""query"": ""{}"",
    ""body"": ""['toDate', 'projectType', 'projectStatus', 'isAllProject', 'isAllCustomer', 'sort', 'standardComparison']""
  },
  ""example_call"": [
    {
      ""url_endpoint"": ""{{base_url}}/api/v1/dashboard/defect-rate/ranking"",
      ""query"": ""{}"",
      ""body"": ""{\n \""toDate\"": \""2025-04-29\"",\n \""projectType\"": [\n \""T&M\"",\n \""package\""\n ],\n \""projectStatus\"": [\n \""close\"",\n \"" in-progress\""\n ],\n \""isAllProject\"": true,\n \""isAllCustomer\"": true,\n \""sort\"": 1,\n \""standardComparison\"": 1\n}""
    }
  ],
  ""required_params"": [
    {
      ""name"": ""toDate"",
      ""type"": ""Date(yyyy-mm-dd)"",
      ""description"": ""Đến ngày""
    },
    {
      ""name"": ""page"",
      ""type"": ""Integer"",
      ""description"": ""Số trang""
    },
    {
      ""name"": ""size"",
      ""type"": ""Integer"",
      ""description"": ""Số lượng bản ghi một trang""
    },
    {
      ""name"": ""fromDate"",
      ""type"": ""Date(yyyy-mm-dd)"",
      ""description"": ""Từ ngày""
    }
  ],
  ""optional_params"": [
    {
      ""name"": ""isCompany"",
      ""type"": ""Boolean"",
      ""description"": ""Cả công ty hay không""
    },
    {
      ""name"": ""organization"",
      ""type"": ""List<String>"",
      ""description"": ""Danh sách phòng ban. Nếu query không đề cập đến tên phòng ban -> trả về []""
    },
    {
      ""name"": ""isAllProject"",
      ""type"": ""Boolean"",
      ""description"": ""Tất cả dự án hay không""
    },
    {
      ""name"": ""projectList"",
      ""type"": ""List<Integer>"",
      ""description"": ""Danh sách id dự án. Nếu query không đề cập đến số id dự án -> trả về []""
    },
    {
      ""name"": ""projectType"",
      ""type"": ""List<String>"",
      ""description"": ""Danh sách loại dự án (T&M, presales, odc/osdc, package). Nếu query không đề cập đến loại dự án -> trả về []""
    },
    {
      ""name"": ""isAllCustomer "",
      ""type"": ""Boolean"",
      ""description"": ""Tất cả khách hàng hay không""
    },
    {
      ""name"": ""customerList"",
      ""type"": ""List<String>"",
      ""description"": ""Danh sách khách hàng. Nếu query không đề cập đến tên khách hàng -> trả về []""
    },
    {
      ""name"": ""projectStatus"",
      ""type"": ""List<String>"",
      ""description"": ""Danh sách trạng thái dự án (in-progress, hold, closed, presale, open). Nếu query không đề cập đến trạng thái dự án -> trả về []""
    },
    {
      ""name"": ""sort"",
      ""type"": ""Integer"",
      ""description"": ""ASC(1),DESC(2);""
    },
    {
      ""name"": ""standardComparison"",
      ""type"": ""Integer"",
      ""description"": ""ABOVE(1),BELOW(2);""
    }
  ],
  ""response_schema"": {
    ""normValue"": {
      ""type"": ""BigDecimal"",
      ""description"": ""Giá trị tiêu chuẩn""
    },
    ""chartData"": {
      ""type"": ""List<BarChartProjection>"",
      ""description"": ""Danh sách chi tiết các chart""
    }
  },
  ""structured_output"": {},
  ""allow_empty_result"": false
}"
get_defect_rate_score_of_all_projects_in_period,Lấy thông tin điểm Defect rate tất cả các dự án trong kỳ,"API này truy vấn điểm Defect Rate tổng hợp và chi tiết cho tất cả các dự án trong một khoảng thời gian. API yêu cầu các tham số về ngày bắt đầu, ngày kết thúc và thông tin phân trang, trả về các chỉ số Defect Rate tổng quan cùng danh sách chi tiết theo từng dự án.","- Trong T10/2025, tôi muốn xem các thông số defect rate trong kỳ của dự án BU05.VTT.MyViettel có các giá trị như nào","{
  ""request"": {
    ""method"": ""POST"",
    ""path"": ""/api/v1/dashboard/defect-rate/all-curr"",
    ""content_type"": ""application/json"",
    ""query"": ""{}"",
    ""body"": ""['fromDate', 'toDate', 'isCompany', 'projectType', 'projectStatus', 'isAllProject', 'isAllCustomer', 'standardComparison']""
  },
  ""example_call"": [
    {
      ""url_endpoint"": ""{{base_url}}/api/v1/dashboard/defect-rate/all-curr"",
      ""query"": ""{}"",
      ""body"": ""{\n \""fromDate\"": \""2025-01-01\"",\n \""toDate\"": \""2025-04-29\"",\n \""isCompany\"": true,\n \""projectType\"": [\n \""T&M\"",\n \""package\""\n ],\n \""projectStatus\"": [\n \""close\"",\n \"" in-progress\""\n ],\n \""isAllProject\"": true,\n \""isAllCustomer\"": true,\n \""standardComparison\"": 1\n}""
    }
  ],
  ""required_params"": [
    {
      ""name"": ""fromDate"",
      ""type"": ""Date(yyyy-mm-dd)"",
      ""description"": ""Từ ngày""
    },
    {
      ""name"": ""toDate"",
      ""type"": ""Date(yyyy-mm-dd)"",
      ""description"": ""Đến ngày""
    },
    {
      ""name"": ""page"",
      ""type"": ""Integer"",
      ""description"": ""Số trang""
    },
    {
      ""name"": ""size"",
      ""type"": ""Integer"",
      ""description"": ""Số lượng bản ghi một trang""
    }
  ],
  ""optional_params"": [
    {
      ""name"": ""isCompany"",
      ""type"": ""Boolean"",
      ""description"": ""Cả công ty hay không""
    },
    {
      ""name"": ""organization"",
      ""type"": ""List<String>"",
      ""description"": ""Danh sách phòng ban. Nếu query không đề cập đến tên phòng ban -> trả về []""
    },
    {
      ""name"": ""isAllProject"",
      ""type"": ""Boolean"",
      ""description"": ""Tất cả dự án hay không""
    },
    {
      ""name"": ""projectList"",
      ""type"": ""List<Integer>"",
      ""description"": ""Danh sách id dự án. Nếu query không đề cập đến số id dự án -> trả về []""
    },
    {
      ""name"": ""projectType"",
      ""type"": ""List<String>"",
      ""description"": ""Danh sách loại dự án (T&M, presales, odc/osdc, package). Nếu query không đề cập đến loại dự án -> trả về []""
    },
    {
      ""name"": ""isAllCustomer "",
      ""type"": ""Boolean"",
      ""description"": ""Tất cả khách hàng hay không""
    },
    {
      ""name"": ""customerList"",
      ""type"": ""List<String>"",
      ""description"": ""Danh sách khách hàng. Nếu query không đề cập đến tên khách hàng -> trả về []""
    },
    {
      ""name"": ""projectStatus"",
      ""type"": ""List<String>"",
      ""description"": ""Danh sách trạng thái dự án (in-progress, hold, closed, presale, open). Nếu query không đề cập đến trạng thái dự án -> trả về []""
    },
    {
      ""name"": ""standardComparison"",
      ""type"": ""Integer"",
      ""description"": ""ABOVE(1), BELOW(2);""
    }
  ],
  ""response_schema"": {
    ""projectBugTableProjections"": {
      ""type"": ""Page<ProjectBugTableProjection>"",
      ""description"": ""Danh sách tham chiếu chi tiết của từng dự án""
    },
    ""totalBug"": {
      ""type"": ""BigDecimal"",
      ""description"": ""Tổng số Bug""
    },
    ""totalWeight"": {
      ""type"": ""BigDecimal"",
      ""description"": ""Tổng số weight""
    },
    ""totalRa"": {
      ""type"": ""BigDecimal"",
      ""description"": ""Tổng số RA""
    },
    ""totalCalculate"": {
      ""type"": ""BigDecimal"",
      ""description"": ""Tổng số Calculate""
    },
    ""normValue"": {
      ""type"": ""BigDecimal"",
      ""description"": ""Giá trị tiêu chuẩn""
    }
  },
  ""structured_output"": {},
  ""allow_empty_result"": false
}"
get_cumulative_defect_rate_score_of_all_projects,Lấy thông tin Defect rate lũy kế của các dự án,API này truy vấn điểm Defect Rate lũy kế của các dự án. Nó trả về các chỉ số tổng hợp về lỗi cùng danh sách chi tiết các dự án với các thông số Defect Rate tương ứng.,"- Trong T11/2025, tôi muốn xem các thông số defect rate lũy kế trong kỳ của 2 dự án BU05.VTC.IPS và BU05.VTT.MyViettel có các giá trị như nào","{
  ""request"": {
    ""method"": ""POST"",
    ""path"": ""/api/v1/dashboard/defect-rate/all-cum"",
    ""content_type"": ""application/json"",
    ""query"": ""{}"",
    ""body"": ""['toDate', 'isCompany', 'projectType', 'projectStatus', 'isAllProject', 'isAllCustomer', 'standardComparison']""
  },
  ""example_call"": [
    {
      ""url_endpoint"": ""{{base_url}}/api/v1/dashboard/defect-rate/all-cum"",
      ""query"": ""{}"",
      ""body"": ""{\n \""toDate\"": \""2025-04-29\"",\n \""isCompany\"": true,\n \""projectType\"": [\n \""T&M\"",\n \""package\""\n ],\n \""projectStatus\"": [\n \""close\"",\n \"" in-progress\""\n ],\n \""isAllProject\"": true,\n \""isAllCustomer\"": true,\n \""standardComparison\"": 1\n}""
    }
  ],
  ""required_params"": [
    {
      ""name"": ""toDate"",
      ""type"": ""Date(yyyy-mm-dd)"",
      ""description"": ""Đến ngày""
    },
    {
      ""name"": ""page"",
      ""type"": ""Integer"",
      ""description"": ""Số trang""
    },
    {
      ""name"": ""size"",
      ""type"": ""Integer"",
      ""description"": ""Số lượng bản ghi một trang""
    },
    {
      ""name"": ""fromDate"",
      ""type"": ""Date(yyyy-mm-dd)"",
      ""description"": ""Từ ngày""
    }
  ],
  ""optional_params"": [
    {
      ""name"": ""isCompany"",
      ""type"": ""Boolean"",
      ""description"": ""Cả công ty hay không""
    },
    {
      ""name"": ""organization"",
      ""type"": ""List<String>"",
      ""description"": ""Danh sách phòng ban. Nếu query không đề cập đến tên phòng ban -> trả về []""
    },
    {
      ""name"": ""isAllProject"",
      ""type"": ""Boolean"",
      ""description"": ""Tất cả dự án hay không""
    },
    {
      ""name"": ""projectList"",
      ""type"": ""List<Integer>"",
      ""description"": ""Danh sách id dự án. Nếu query không đề cập đến số id dự án -> trả về []""
    },
    {
      ""name"": ""projectType"",
      ""type"": ""List<String>"",
      ""description"": ""Danh sách loại dự án (T&M, presales, odc/osdc, package). Nếu query không đề cập đến loại dự án -> trả về []""
    },
    {
      ""name"": ""isAllCustomer "",
      ""type"": ""Boolean"",
      ""description"": ""Tất cả khách hàng hay không""
    },
    {
      ""name"": ""customerList"",
      ""type"": ""List<String>"",
      ""description"": ""Danh sách khách hàng. Nếu query không đề cập đến tên khách hàng -> trả về []""
    },
    {
      ""name"": ""projectStatus"",
      ""type"": ""List<String>"",
      ""description"": ""Danh sách trạng thái dự án (in-progress, hold, closed, presale, open). Nếu query không đề cập đến trạng thái dự án -> trả về []""
    },
    {
      ""name"": ""standardComparison"",
      ""type"": ""Integer"",
      ""description"": ""ABOVE(1), BELOW(2);""
    }
  ],
  ""response_schema"": {
    ""normValue"": {
      ""type"": ""BigDecimal"",
      ""description"": ""Giá trị tiêu chuẩn""
    },
    ""projectBugTableProjections"": {
      ""type"": ""Page<ProjectBugTableProjection>"",
      ""description"": ""Danh sách tham chiếu chi tiết của từng dự án""
    },
    ""totalBug"": {
      ""type"": ""BigDecimal"",
      ""description"": ""Tổng số Bug""
    },
    ""totalCalculate"": {
      ""type"": ""BigDecimal"",
      ""description"": ""Tổng điểm defect rate""
    },
    ""totalRa"": {
      ""type"": ""BigDecimal"",
      ""description"": ""Tổng số RA""
    },
    ""totalWeight"": {
      ""type"": ""BigDecimal"",
      ""description"": ""Tổng số weight""
    }
  },
  ""structured_output"": {},
  ""allow_empty_result"": false
}"
get_number_of_projects_with_leakage_rate_calculation,Lấy thông tin số lượng dự án có thực hiện tính Leakage rate,API này truy vấn số lượng dự án đã thực hiện tính toán tỷ lệ rò rỉ (Leakage rate) cho đến một ngày cụ thể. API nhận tham số `toDate` và trả về tổng số dự án dưới dạng một giá trị số nguyên.,- Trong T12/2025 có bao nhiêu dự án có Leakage rate,"{
  ""request"": {
    ""method"": ""POST"",
    ""path"": ""/api/v1/dashboard/leakage-rate/QA-026"",
    ""content_type"": ""application/json"",
    ""query"": ""{}"",
    ""body"": ""['toDate', 'isCompany', 'projectType', 'projectStatus', 'isAllProject', 'isAllCustomer']""
  },
  ""example_call"": [
    {
      ""url_endpoint"": ""{{base_url}}/api/v1/dashboard/leakage-rate/QA-026"",
      ""query"": ""{}"",
      ""body"": ""{\n \""toDate\"": \""2025-04-29\"",\n \""isCompany\"": true,\n \""projectType\"": [\n \""T&M\"",\n \""package\""\n ],\n \""projectStatus\"": [\n \""close\"",\n \"" in-progress\""\n ],\n \""isAllProject\"": true,\n \""isAllCustomer\"": true\n}""
    }
  ],
  ""required_params"": [
    {
      ""name"": ""toDate"",
      ""type"": ""Date(yyyy-mm-dd)"",
      ""description"": ""Đến ngày""
    },
    {
      ""name"": ""fromDate"",
      ""type"": ""Date(yyyy-mm-dd)"",
      ""description"": ""Từ ngày""
    }
  ],
  ""optional_params"": [
    {
      ""name"": ""isCompany"",
      ""type"": ""Boolean"",
      ""description"": ""Cả công ty hay không""
    },
    {
      ""name"": ""organization"",
      ""type"": ""List<String>"",
      ""description"": ""Danh sách phòng ban. Nếu query không đề cập đến tên phòng ban -> trả về []""
    },
    {
      ""name"": ""isAllProject"",
      ""type"": ""Boolean"",
      ""description"": ""Tất cả dự án hay không""
    },
    {
      ""name"": ""projectList"",
      ""type"": ""List<Integer>"",
      ""description"": ""Danh sách dự án. Nếu query không đề cập đến tên dự án -> trả về []""
    },
    {
      ""name"": ""projectType"",
      ""type"": ""List<String>"",
      ""description"": ""Danh sách loại dự án (T&M, presales, odc/osdc, package). Nếu query không đề cập đến loại dự án -> trả về []""
    },
    {
      ""name"": ""isAllCustomer "",
      ""type"": ""Boolean"",
      ""description"": ""Tất cả khách hàng hay không""
    },
    {
      ""name"": ""customerList"",
      ""type"": ""List<String>"",
      ""description"": ""Danh sách khách hàng. Nếu query không đề cập đến tên khách hàng -> trả về []""
    },
    {
      ""name"": ""projectStatus"",
      ""type"": ""List<String>"",
      ""description"": ""Danh sách trạng thái dự án. Nếu không đề cập trả về []""
    }
  ],
  ""response_schema"": {
    ""data"": {
      ""type"": ""Long"",
      ""description"": ""Số lượng dự án""
    }
  },
  ""structured_output"": {},
  ""allow_empty_result"": false
}"
get_leakage_rate_norm_score,Lấy thông tin điểm Leakage rate norm,API này cung cấp Điểm Leakage rate norm cho bảng điều khiển trong nghiệp vụ quản lý bug. API yêu cầu tham số `toDate` (ngày đến) và trả về một giá trị kiểu Double đại diện cho điểm norm.,- Trong T10/2025 thì leakage rate norm của TTPMTCS là bao nhiêu,"{
  ""request"": {
    ""method"": ""POST"",
    ""path"": ""/api/v1/dashboard/leakage-rate/QA-029"",
    ""content_type"": ""application/json"",
    ""query"": ""{}"",
    ""body"": ""['toDate', 'isCompany', 'projectType', 'projectStatus', 'isAllProject', 'isAllCustomer']""
  },
  ""example_call"": [
    {
      ""url_endpoint"": ""{{base_url}}/api/v1/dashboard/leakage-rate/QA-029"",
      ""query"": ""{}"",
      ""body"": ""{\n \""toDate\"": \""2025-04-29\"",\n \""isCompany\"": true,\n \""projectType\"": [\n \""T&M\"",\n \""package\""\n ],\n \""projectStatus\"": [\n \""close\"",\n \"" in-progress\""\n ],\n \""isAllProject\"": true,\n \""isAllCustomer\"": true\n}""
    }
  ],
  ""required_params"": [
    {
      ""name"": ""toDate"",
      ""type"": ""Date(yyyy-mm-dd)"",
      ""description"": ""Đến ngày""
    },
    {
      ""name"": ""fromDate"",
      ""type"": ""Date(yyyy-mm-dd)"",
      ""description"": ""Từ ngày""
    }
  ],
  ""optional_params"": [
    {
      ""name"": ""organization"",
      ""type"": ""List<String>"",
      ""description"": ""Danh sách phòng/ban đơn vị. Nếu không đề cập trả về []""
    },
    {
      ""name"": ""projectList"",
      ""type"": ""List<Integer>"",
      ""description"": ""Danh sách id tên dự án. Nếu không đề cập trả về []""
    },
    {
      ""name"": ""projectType"",
      ""type"": ""List<String>"",
      ""description"": ""Danh sách loại dự án. Nếu không đề cập trả về []""
    },
    {
      ""name"": ""projectStatus"",
      ""type"": ""List<String>"",
      ""description"": ""Dạnh sách trạng thái dự án. Nếu không đề cập trả về []""
    }
  ],
  ""response_schema"": {
    ""value"": {
      ""type"": ""Double"",
      ""description"": ""Điểm norm""
    }
  },
  ""structured_output"": {},
  ""allow_empty_result"": false
}"
get_compare_average_leakage_rate_of_projects_by_unit,Lấy thông tin so sánh Điểm bình quân Leakage rate theo đơn vị so với cả công ty,"API này cung cấp dữ liệu so sánh điểm bình quân Leakage rate của các dự án theo đơn vị so với cả công ty. Nó nhận vào một ngày kết thúc (`toDate`) và trả về các thông tin như giá trị tiêu chuẩn, dữ liệu biểu đồ, giá trị, nhãn và phần trăm liên quan đến chỉ số Leakage rate.",- Trong T11/2025 hãy so sánh leakage rate của TTPMCNM với toàn công ty,"{
  ""request"": {
    ""method"": ""POST"",
    ""path"": ""/api/v1/dashboard/leakage-rate/QA-030"",
    ""content_type"": ""application/json"",
    ""query"": ""{}"",
    ""body"": ""['toDate', 'isCompany', 'projectType', 'projectStatus', 'isAllProject', 'isAllCustomer', 'standardComparison']""
  },
  ""example_call"": [
    {
      ""url_endpoint"": ""{{base_url}}/api/v1/dashboard/leakage-rate/QA-030"",
      ""query"": ""{}"",
      ""body"": ""{\n \""toDate\"": \""2025-04-29\"",\n \""isCompany\"": true,\n \""projectType\"": [\n \""T&M\"",\n \""package\""\n ],\n \""projectStatus\"": [\n \""close\"",\n \"" in-progress\""\n ],\n \""isAllProject\"": true,\n \""isAllCustomer\"": true,\n \""standardComparison\"": 1\n}""
    }
  ],
  ""required_params"": [
    {
      ""name"": ""toDate"",
      ""type"": ""Date(yyyy-mm-dd)"",
      ""description"": ""Đến ngày""
    },
    {
      ""name"": ""fromDate"",
      ""type"": ""Date(yyyy-mm-dd)"",
      ""description"": ""Từ ngày""
    }
  ],
  ""optional_params"": [
    {
      ""name"": ""isCompany"",
      ""type"": ""Boolean"",
      ""description"": ""Cả công ty hay không""
    },
    {
      ""name"": ""organization"",
      ""type"": ""List<String>"",
      ""description"": ""Danh sách phòng ban. Nếu query không đề cập đến tên phòng ban -> trả về []""
    },
    {
      ""name"": ""isAllProject"",
      ""type"": ""Boolean"",
      ""description"": ""Tất cả dự án hay không""
    },
    {
      ""name"": ""projectList"",
      ""type"": ""List<Integer>"",
      ""description"": ""Danh sách dự án. Nếu query không đề cập đến tên dự án -> trả về []""
    },
    {
      ""name"": ""projectType"",
      ""type"": ""List<String>"",
      ""description"": ""Danh sách loại dự án (T&M, presales, odc/osdc, package). Nếu query không đề cập đến loại dự án -> trả về []""
    },
    {
      ""name"": ""isAllCustomer "",
      ""type"": ""Boolean"",
      ""description"": ""Tất cả khách hàng hay không""
    },
    {
      ""name"": ""customerList"",
      ""type"": ""List<String>"",
      ""description"": ""Danh sách khách hàng. Nếu query không đề cập đến tên khách hàng -> trả về []""
    },
    {
      ""name"": ""projectStatus"",
      ""type"": ""List<String>"",
      ""description"": ""Danh sách trạng thái dự án (in-progress, hold, closed, presale, open). Nếu query không đề cập đến trạng thái dự án -> trả về []""
    },
    {
      ""name"": ""standardComparison"",
      ""type"": ""Integer"",
      ""description"": ""ABOVE(1), BELOW(2);""
    }
  ],
  ""response_schema"": {
    ""normValue"": {
      ""type"": ""BigDecimal"",
      ""description"": ""Giá trị tiêu chuẩn""
    },
    ""chartData"": {
      ""type"": ""List<BarChartProjection>"",
      ""description"": ""Danh sách chi tiết các chart""
    },
    ""subData"": {
      ""type"": ""List<BarChartProjection>"",
      ""description"": ""Danh sách dữ liệu phụ cho biểu đồ""
    },
    ""totalValue"": {
      ""type"": ""BigDecimal"",
      ""description"": ""Tổng giá trị""
    },
    ""label"": {
      ""type"": ""String"",
      ""description"": ""Nhãn chính của biểu đồ""
    },
    ""percent"": {
      ""type"": ""BigDecimal"",
      ""description"": ""Tỷ lệ phần trăm tổng thể""
    }
  },
  ""structured_output"": {},
  ""allow_empty_result"": false
}"
get_average_leakage_rate_of_projects_by_project_type,Lấy thông tin điểm bình quân Leakage rate theo loại dự án,"API này truy xuất điểm bình quân Leakage rate theo loại dự án của tất cả các dự án. Phản hồi bao gồm giá trị bình quân, giá trị tiêu chuẩn, phần trăm và dữ liệu chi tiết để hiển thị biểu đồ.","- Trong T11/2025 thì giá trị leakage rate theo loại các dự án presale với trạng thái closed, của TTPMCNM là bao nhiêu","{
  ""request"": {
    ""method"": ""POST"",
    ""path"": ""/api/v1/dashboard/leakage-rate/QA-033"",
    ""content_type"": ""application/json"",
    ""query"": ""{}"",
    ""body"": ""['isAllProject', 'isAllCustomer', 'organization', 'customerList', 'isCompany', 'projectType', 'projectStatus', 'toDate', 'standardComparison']""
  },
  ""example_call"": [
    {
      ""url_endpoint"": ""{{base_url}}/api/v1/dashboard/leakage-rate/QA-033"",
      ""query"": ""{}"",
      ""body"": ""{\n \""isAllProject\"": true,\n \""isAllCustomer\"": true,\n \""organization\"": [],\n \""customerList\"": [],\n \""isCompany\"": true,\n \""projectType\"": [\n \""T&M\"",\n \""presales\""\n ],\n \""projectStatus\"": [\n \""in-progress\""\n ],\n \""toDate\"": \""2025-04-30\"",\n \""standardComparison\"": 1\n}""
    }
  ],
  ""required_params"": [
    {
      ""name"": ""toDate"",
      ""type"": ""Date(yyyy-mm-dd)"",
      ""description"": ""Đến ngày""
    },
    {
      ""name"": ""fromDate"",
      ""type"": ""Date(yyyy-mm-dd)"",
      ""description"": ""Từ ngày""
    }
  ],
  ""optional_params"": [
    {
      ""name"": ""isCompany"",
      ""type"": ""Boolean"",
      ""description"": ""Cả công ty hay không""
    },
    {
      ""name"": ""organization"",
      ""type"": ""List<String>"",
      ""description"": ""Danh sách phòng ban. Nếu query không đề cập đến tên phòng ban -> trả về []""
    },
    {
      ""name"": ""isAllProject"",
      ""type"": ""Boolean"",
      ""description"": ""Tất cả dự án hay không""
    },
    {
      ""name"": ""projectList"",
      ""type"": ""List<Integer>"",
      ""description"": ""Danh sách dự án. Nếu query không đề cập đến tên dự án -> trả về []""
    },
    {
      ""name"": ""projectType"",
      ""type"": ""List<String>"",
      ""description"": ""Danh sách loại dự án (T&M, presales, odc/osdc, package). Nếu query không đề cập đến loại dự án -> trả về []""
    },
    {
      ""name"": ""isAllCustomer "",
      ""type"": ""Boolean"",
      ""description"": ""Tất cả khách hàng hay không""
    },
    {
      ""name"": ""customerList"",
      ""type"": ""List<String>"",
      ""description"": ""Danh sách khách hàng. Nếu query không đề cập đến tên khách hàng -> trả về []""
    },
    {
      ""name"": ""projectStatus"",
      ""type"": ""List<String>"",
      ""description"": ""Danh sách trạng thái dự án (in-progress, hold, closed, presale, open). Nếu query không đề cập đến trạng thái dự án -> trả về []""
    },
    {
      ""name"": ""standardComparison"",
      ""type"": ""Integer"",
      ""description"": ""ABOVE(1), BELOW(2);""
    }
  ],
  ""response_schema"": {
    ""normValue"": {
      ""type"": ""BigDecimal"",
      ""description"": ""Giá trị tiêu chuẩn""
    },
    ""chartData"": {
      ""type"": ""List<BarChartProjection>"",
      ""description"": ""Danh sách chi tiết các chart""
    },
    ""subData"": {
      ""type"": ""List<BarChartProjection>"",
      ""description"": ""Danh sách dữ liệu phụ""
    },
    ""label"": {
      ""type"": ""String"",
      ""description"": ""Nhãn""
    },
    ""totalValue"": {
      ""type"": ""BigDecimal"",
      ""description"": ""Tổng giá trị""
    },
    ""percent"": {
      ""type"": ""BigDecimal"",
      ""description"": ""Phần trăm giá trị""
    }
  },
  ""structured_output"": {},
  ""allow_empty_result"": false
}"
get_leakage_rate_fluctuation_by_period,Lấy thông tin biến động Leakage Rate theo chu kỳ (ngày/tuần/tháng/quý/năm),"API này truy xuất dữ liệu biến động tỷ lệ lỗi (Leakage Rate) theo chu kỳ dựa trên khoảng thời gian và thông tin phân trang được cung cấp. Nó trả về giá trị tiêu chuẩn, dữ liệu biểu đồ chi tiết và các nhãn thời gian tương ứng.","- Trong khoảng từ T1/2025 - T7/2025, thì biến động leakage rate theo chu kỳ của các dự án của TTPMTCS diễn biến ra sao","{
  ""request"": {
    ""method"": ""POST"",
    ""path"": ""/api/v1/dashboard/leakage-rate/QA-035"",
    ""content_type"": ""application/json"",
    ""query"": ""{}"",
    ""body"": ""['fromDate', 'toDate', 'projectType', 'projectStatus', 'isAllProject', 'isAllCustomer', 'standardComparison']""
  },
  ""example_call"": [
    {
      ""url_endpoint"": ""{{base_url}}/api/v1/dashboard/leakage-rate/QA-035"",
      ""query"": ""{}"",
      ""body"": ""{\n \""fromDate\"": \""2025-01-01\"",\n \""toDate\"": \""2025-04-29\"",\n \""projectType\"": [\n \""T&M\"",\n \""package\""\n ],\n \""projectStatus\"": [\n \""close\"",\n \"" in-progress\""\n ],\n \""isAllProject\"": true,\n \""isAllCustomer\"": true,\n \""standardComparison\"": 1\n}""
    }
  ],
  ""required_params"": [
    {
      ""name"": ""fromDate"",
      ""type"": ""Date(yyyy-mm-dd)"",
      ""description"": ""Từ ngày""
    },
    {
      ""name"": ""toDate"",
      ""type"": ""Date(yyyy-mm-dd)"",
      ""description"": ""Đến ngày""
    },
    {
      ""name"": ""page"",
      ""type"": ""Integer"",
      ""description"": ""Số trang""
    },
    {
      ""name"": ""size"",
      ""type"": ""Integer"",
      ""description"": ""Số lượng bản ghi một trang""
    }
  ],
  ""optional_params"": [
    {
      ""name"": ""isCompany"",
      ""type"": ""Boolean"",
      ""description"": ""Cả công ty hay không""
    },
    {
      ""name"": ""organization"",
      ""type"": ""List<String>"",
      ""description"": ""Danh sách phòng ban. Nếu query không đề cập đến tên phòng ban -> trả về []""
    },
    {
      ""name"": ""isAllProject"",
      ""type"": ""Boolean"",
      ""description"": ""Tất cả dự án hay không""
    },
    {
      ""name"": ""projectList"",
      ""type"": ""List<Integer>"",
      ""description"": ""Danh sách id dự án. Nếu query không đề cập đến số id dự án -> trả về []""
    },
    {
      ""name"": ""projectType"",
      ""type"": ""List<String>"",
      ""description"": ""Danh sách loại dự án (T&M, presales, odc/osdc, package). Nếu query không đề cập đến loại dự án -> trả về []""
    },
    {
      ""name"": ""isAllCustomer "",
      ""type"": ""Boolean"",
      ""description"": ""Tất cả khách hàng hay không""
    },
    {
      ""name"": ""customerList"",
      ""type"": ""List<String>"",
      ""description"": ""Danh sách khách h. Nếu query không đề cập đến tên khách hàng -> trả về []àng""
    },
    {
      ""name"": ""projectStatus"",
      ""type"": ""List<String>"",
      ""description"": ""Danh sách trạng thái dự án (in-progress, hold, closed, presale, open). Nếu query không đề cập đến trạng thái dự án -> trả về []""
    },
    {
      ""name"": ""standardComparison"",
      ""type"": ""Integer"",
      ""description"": ""ABOVE(1), BELOW(2);""
    }
  ],
  ""response_schema"": {
    ""content"": {
      ""type"": ""List<Object>"",
      ""description"": ""Danh sách các mục dữ liệu trong trang hiện tại""
    },
    ""pageable"": {
      ""type"": ""Object"",
      ""description"": ""Đối tượng chứa thông tin phân trang chi tiết""
    },
    ""last"": {
      ""type"": ""Boolean"",
      ""description"": ""Trả về true nếu đây là trang cuối cùng""
    },
    ""totalElements"": {
      ""type"": ""Long"",
      ""description"": ""Tổng số phần tử trên tất cả các trang""
    },
    ""totalPages"": {
      ""type"": ""Integer"",
      ""description"": ""Tổng số trang""
    },
    ""size"": {
      ""type"": ""Integer"",
      ""description"": ""Số lượng phần tử trên mỗi trang""
    },
    ""number"": {
      ""type"": ""Integer"",
      ""description"": ""Số trang hiện tại (bắt đầu từ 0)""
    },
    ""sort"": {
      ""type"": ""Object"",
      ""description"": ""Thông tin về việc sắp xếp dữ liệu""
    },
    ""first"": {
      ""type"": ""Boolean"",
      ""description"": ""Trả về true nếu đây là trang đầu tiên""
    },
    ""numberOfElements"": {
      ""type"": ""Integer"",
      ""description"": ""Số lượng phần tử trong trang hiện tại""
    },
    ""empty"": {
      ""type"": ""Boolean"",
      ""description"": ""Trả về true nếu trang không có phần tử nào""
    }
  },
  ""structured_output"": {},
  ""allow_empty_result"": false
}"
get_average_ranking_score_of_project_leakage_rate,Lấy thông tin điểm xếp hạng bình quân Leakage rate các dự án,"API này truy vấn điểm xếp hạng bình quân Leakage rate của các dự án, yêu cầu các tham số ngày kết thúc, số trang và kích thước trang để phân trang dữ liệu. Phản hồi bao gồm giá trị tiêu chuẩn, giá trị Leakage rate của từng dự án, tên dự án và dữ liệu chi tiết cho biểu đồ.","- Trong T11/2025, tôi muốn xem các chỉ số leakage rate theo dự án của TTPMVT được xếp hạng ra sao","{
  ""request"": {
    ""method"": ""POST"",
    ""path"": ""/api/v1/dashboard/leakage-rate/QA-037"",
    ""content_type"": ""application/json"",
    ""query"": ""{}"",
    ""body"": ""['toDate', 'projectType', 'projectStatus', 'isAllProject', 'isAllCustomer', 'sort', 'standardComparison']""
  },
  ""example_call"": [
    {
      ""url_endpoint"": ""{{base_url}}/api/v1/dashboard/leakage-rate/QA-037"",
      ""query"": ""{}"",
      ""body"": ""{\n \""toDate\"": \""2025-04-29\"",\n \""projectType\"": [\n \""T&M\"",\n \""package\""\n ],\n \""projectStatus\"": [\n \""close\"",\n \"" in-progress\""\n ],\n \""isAllProject\"": true,\n \""isAllCustomer\"": true,\n \""sort\"": 1,\n \""standardComparison\"": 1\n}""
    }
  ],
  ""required_params"": [
    {
      ""name"": ""toDate"",
      ""type"": ""Date(yyyy-mm-dd)"",
      ""description"": ""Đến ngày""
    },
    {
      ""name"": ""page"",
      ""type"": ""Integer"",
      ""description"": ""Số trang""
    },
    {
      ""name"": ""size"",
      ""type"": ""Integer"",
      ""description"": ""Số lượng bản ghi một trang""
    },
    {
      ""name"": ""fromDate"",
      ""type"": ""Date(yyyy-mm-dd)"",
      ""description"": ""Từ ngày""
    }
  ],
  ""optional_params"": [
    {
      ""name"": ""isCompany"",
      ""type"": ""Boolean"",
      ""description"": ""Cả công ty hay không""
    },
    {
      ""name"": ""organization"",
      ""type"": ""List<String>"",
      ""description"": ""Danh sách phòng ban. Nếu query không đề cập đến tên phòng ban -> trả về []""
    },
    {
      ""name"": ""isAllProject"",
      ""type"": ""Boolean"",
      ""description"": ""Tất cả dự án hay không""
    },
    {
      ""name"": ""projectList"",
      ""type"": ""List<Integer>"",
      ""description"": ""Danh sách id dự án. Nếu query không đề cập đến số id dự án -> trả về []""
    },
    {
      ""name"": ""projectType"",
      ""type"": ""List<String>"",
      ""description"": ""Danh sách loại dự án (T&M, presales, odc/osdc, package). Nếu query không đề cập đến loại dự án -> trả về []""
    },
    {
      ""name"": ""isAllCustomer "",
      ""type"": ""Boolean"",
      ""description"": ""Tất cả khách hàng hay không""
    },
    {
      ""name"": ""customerList"",
      ""type"": ""List<String>"",
      ""description"": ""Danh sách khách hàng. Nếu query không đề cập đến tên khách hàng -> trả về []""
    },
    {
      ""name"": ""projectStatus"",
      ""type"": ""List<String>"",
      ""description"": ""Danh sách trạng thái dự án (in-progress, hold, closed, presale, open). Nếu query không đề cập đến trạng thái dự án -> trả về []""
    },
    {
      ""name"": ""sort"",
      ""type"": ""Integer"",
      ""description"": ""ASC(1), DESC(2);""
    },
    {
      ""name"": ""standardComparison"",
      ""type"": ""Integer"",
      ""description"": ""ABOVE(1), BELOW(2);""
    }
  ],
  ""response_schema"": {
    ""normValue"": {
      ""type"": ""BigDecimal"",
      ""description"": ""Giá trị tiêu chuẩn""
    },
    ""chartData"": {
      ""type"": ""List<BarChartProjection>"",
      ""description"": ""Danh sách chi tiết các chart""
    }
  },
  ""structured_output"": {},
  ""allow_empty_result"": false
}"
get_leakage_rate_score_of_all_projects_in_period,Lấy thông tin điểm Leakage rate tất cả các dự án trong kỳ,"API này truy vấn điểm Leakage rate tổng thể và chi tiết cho tất cả các dự án dựa trên khoảng thời gian và yêu cầu phân trang. Kết quả trả về bao gồm các chỉ số tổng hợp về Leakage rate (như tổng số Bug, tổng số Weight, normValue) và danh sách chi tiết các chỉ số Leakage rate theo từng dự án.","- Trong T10/2025, tôi muốn xem các thông số leakage rate trong kỳ của dự án BU05.VTT.MyViettel có các giá trị như nào","{
  ""request"": {
    ""method"": ""POST"",
    ""path"": ""/api/v1/dashboard/leakage-rate/QA-038"",
    ""content_type"": ""application/json"",
    ""query"": ""{}"",
    ""body"": ""['fromDate', 'toDate', 'isCompany', 'projectType', 'projectStatus', 'isAllProject', 'isAllCustomer', 'standardComparison']""
  },
  ""example_call"": [
    {
      ""url_endpoint"": ""{{base_url}}/api/v1/dashboard/leakage-rate/QA-038"",
      ""query"": ""{}"",
      ""body"": ""{\n \""fromDate\"": \""2025-01-01\"",\n \""toDate\"": \""2025-04-29\"",\n \""isCompany\"": true,\n \""projectType\"": [\n \""T&M\"",\n \""package\""\n ],\n \""projectStatus\"": [\n \""close\"",\n \"" in-progress\""\n ],\n \""isAllProject\"": true,\n \""isAllCustomer\"": true,\n \""standardComparison\"": 1\n}""
    }
  ],
  ""required_params"": [
    {
      ""name"": ""fromDate"",
      ""type"": ""Date(yyyy-mm-dd)"",
      ""description"": ""Từ ngày""
    },
    {
      ""name"": ""page"",
      ""type"": ""Integer"",
      ""description"": ""Số trang""
    },
    {
      ""name"": ""size"",
      ""type"": ""Integer"",
      ""description"": ""Số lượng bản ghi một trang""
    }
  ],
  ""optional_params"": [
    {
      ""name"": ""Tên trường"",
      ""type"": ""Kiểu dữ liệu"",
      ""description"": ""Mô tả""
    },
    {
      ""name"": ""isCompany"",
      ""type"": ""Boolean"",
      ""description"": ""Cả công ty hay không""
    },
    {
      ""name"": ""organization"",
      ""type"": ""List<String>"",
      ""description"": ""Danh sách phòng ban. Nếu query không đề cập đến tên phòng ban -> trả về []""
    },
    {
      ""name"": ""isAllProject"",
      ""type"": ""Boolean"",
      ""description"": ""Tất cả dự án hay không""
    },
    {
      ""name"": ""projectList"",
      ""type"": ""List<Integer>"",
      ""description"": ""Danh sách id dự án. Nếu query không đề cập đến số id dự án -> trả về []""
    },
    {
      ""name"": ""projectType"",
      ""type"": ""List<String>"",
      ""description"": ""Danh sách loại dự án (T&M, presales, odc/osdc, package). Nếu query không đề cập đến loại dự án -> trả về []""
    },
    {
      ""name"": ""isAllCustomer "",
      ""type"": ""Boolean"",
      ""description"": ""Tất cả khách hàng hay không""
    },
    {
      ""name"": ""customerList"",
      ""type"": ""List<String>"",
      ""description"": ""Danh sách khách hàng. Nếu query không đề cập đến tên khách hàng -> trả về []""
    },
    {
      ""name"": ""projectStatus"",
      ""type"": ""List<String>"",
      ""description"": ""Danh sách trạng thái dự án (in-progress, hold, closed, presale, open). Nếu query không đề cập đến trạng thái dự án -> trả về []""
    },
    {
      ""name"": ""standardComparison"",
      ""type"": ""Integer"",
      ""description"": ""ABOVE(1), BELOW(2);""
    }
  ],
  ""response_schema"": {
    ""projectBugTableProjections"": {
      ""type"": ""Page<ProjectBugTableProjection>"",
      ""description"": ""Danh sách chi tiết thông tin Leakage rate của từng dự án, có phân trang""
    },
    ""totalBug"": {
      ""type"": ""BigDecimal"",
      ""description"": ""Tổng số Bug của các dự án trong kỳ""
    },
    ""totalWeight"": {
      ""type"": ""BigDecimal"",
      ""description"": ""Tổng trọng số (weight) của các bug trong kỳ""
    },
    ""totalRa"": {
      ""type"": ""BigDecimal"",
      ""description"": ""Tổng số RA (resource allocation) của các dự án trong kỳ""
    },
    ""totalCalculate"": {
      ""type"": ""BigDecimal"",
      ""description"": ""Tổng điểm Leakage rate của các dự án trong kỳ""
    },
    ""normValue"": {
      ""type"": ""BigDecimal"",
      ""description"": ""Giá trị norm (định mức) cho điểm Leakage rate""
    }
  },
  ""structured_output"": {},
  ""allow_empty_result"": false
}"
get_cumulative_leakage_rate_score_of_all_projects,Lấy thông tin Leakage rate lũy kế của các dự án,API này truy xuất thông tin Leakage Rate lũy kế theo từng dự án dựa trên ngày. Kết quả trả về bao gồm các giá trị Leakage Rate tổng hợp và danh sách chi tiết Leakage Rate cho từng dự án.,"- Trong T11/2025, tôi muốn xem các thông số leakage rate lũy kế trong kỳ của 2 dự án BU05.VTC.IPS và BU05.VTT.MyViettel có các giá trị như nào","{
  ""request"": {
    ""method"": ""POST"",
    ""path"": ""/api/v1/dashboard/leakage-rate/QA-039"",
    ""content_type"": ""application/json"",
    ""query"": ""{}"",
    ""body"": ""['toDate', 'isCompany', 'projectType', 'projectStatus', 'isAllProject', 'isAllCustomer', 'standardComparison']""
  },
  ""example_call"": [
    {
      ""url_endpoint"": ""{{base_url}}/api/v1/dashboard/leakage-rate/QA-039"",
      ""query"": ""{}"",
      ""body"": ""{\n \""toDate\"": \""2025-04-29\"",\n \""isCompany\"": true,\n \""projectType\"": [\n \""T&M\"",\n \""package\""\n ],\n \""projectStatus\"": [\n \""close\"",\n \"" in-progress\""\n ],\n \""isAllProject\"": true,\n \""isAllCustomer\"": true,\n \""standardComparison\"": 1\n}""
    }
  ],
  ""required_params"": [
    {
      ""name"": ""toDate"",
      ""type"": ""Date(yyyy-mm-dd)"",
      ""description"": ""Đến ngày""
    },
    {
      ""name"": ""page"",
      ""type"": ""Integer"",
      ""description"": ""Số trang""
    },
    {
      ""name"": ""size"",
      ""type"": ""Integer"",
      ""description"": ""Số lượng bản ghi một trang""
    },
    {
      ""name"": ""fromDate"",
      ""type"": ""Date(yyyy-mm-dd)"",
      ""description"": ""Từ ngày""
    }
  ],
  ""optional_params"": [
    {
      ""name"": ""isCompany"",
      ""type"": ""Boolean"",
      ""description"": ""Cả công ty hay không""
    },
    {
      ""name"": ""organization"",
      ""type"": ""List<String>"",
      ""description"": ""Danh sách phòng ban. Nếu query không đề cập đến tên phòng ban -> trả về []""
    },
    {
      ""name"": ""isAllProject"",
      ""type"": ""Boolean"",
      ""description"": ""Tất cả dự án hay không""
    },
    {
      ""name"": ""projectList"",
      ""type"": ""List<Integer>"",
      ""description"": ""Danh sách id dự án. Nếu query không đề cập đến số id dự án -> trả về []""
    },
    {
      ""name"": ""projectType"",
      ""type"": ""List<String>"",
      ""description"": ""Danh sách loại dự án (T&M, presales, odc/osdc, package). Nếu query không đề cập đến loại dự án -> trả về []""
    },
    {
      ""name"": ""isAllCustomer "",
      ""type"": ""Boolean"",
      ""description"": ""Tất cả khách hàng hay không""
    },
    {
      ""name"": ""customerList"",
      ""type"": ""List<String>"",
      ""description"": ""Danh sách khách hàng. Nếu query không đề cập đến tên khách hàng -> trả về []""
    },
    {
      ""name"": ""projectStatus"",
      ""type"": ""List<String>"",
      ""description"": ""Danh sách trạng thái dự án (in-progress, hold, closed, presale, open). Nếu query không đề cập đến trạng thái dự án -> trả về []""
    },
    {
      ""name"": ""standardComparison"",
      ""type"": ""Integer"",
      ""description"": ""ABOVE(1), BELOW(2);""
    }
  ],
  ""response_schema"": {
    ""projectBugTableProjections"": {
      ""type"": ""Page<ProjectBugTableProjection>"",
      ""description"": ""Danh sách tham chiếu chi tiết của từng dự án""
    },
    ""totalBug"": {
      ""type"": ""BigDecimal"",
      ""description"": ""Tổng số Bug""
    },
    ""totalWeight"": {
      ""type"": ""BigDecimal"",
      ""description"": ""Tổng số weight""
    },
    ""totalRa"": {
      ""type"": ""BigDecimal"",
      ""description"": ""Tổng số RA""
    },
    ""totalCalculate"": {
      ""type"": ""BigDecimal"",
      ""description"": ""Tổng số Calculate""
    },
    ""normValue"": {
      ""type"": ""BigDecimal"",
      ""description"": ""Giá trị norm""
    }
  },
  ""structured_output"": {},
  ""allow_empty_result"": false
}"
get_number_of_employees_by_gender,Lấy thông tin số lượng CBNV theo giới tính,"API này truy xuất số lượng nhân sự phân loại theo giới tính dựa trên khoảng thời gian được cung cấp. API trả về tổng số nhân viên, số lượng nhân viên nam và số lượng nhân viên nữ.","- Trong Q1/2025, số lượng CBNV có giới tính là Nam bao nhiêu","{
  ""request"": {
    ""method"": ""POST"",
    ""path"": ""/api/v1/dashboard/employee-info/gender"",
    ""content_type"": ""application/json"",
    ""query"": ""{}"",
    ""body"": ""['fromDate', 'toDate', 'isCompany']""
  },
  ""example_call"": [
    {
      ""url_endpoint"": ""{{base_url}}/api/v1/dashboard/employee-info/gender"",
      ""query"": ""{}"",
      ""body"": ""{\n \""fromDate\"": \""2025-04-29\"",\n \""toDate\"": \""2025-04-29\"",\n \""isCompany\"": true\n}""
    }
  ],
  ""required_params"": [
    {
      ""name"": ""fromDate"",
      ""type"": ""Date(yyyy-mm-dd)"",
      ""description"": ""Từ ngày""
    },
    {
      ""name"": ""toDate"",
      ""type"": ""Date(yyyy-mm-dd)"",
      ""description"": ""Đến ngày""
    }
  ],
  ""optional_params"": [
    {
      ""name"": ""organization"",
      ""type"": ""List<String>"",
      ""description"": ""Danh sách phòng ban. Nếu query không đề cập đến tên phòng ban -> trả về []""
    },
    {
      ""name"": ""isCompany"",
      ""type"": ""Boolean"",
      ""description"": ""Cả công ty hay không""
    }
  ],
  ""response_schema"": {
    ""total"": {
      ""type"": ""Long"",
      ""description"": ""Tổng số nhân viên""
    },
    ""male"": {
      ""type"": ""Long"",
      ""description"": ""Số lượng nhân viên nam""
    },
    ""feMale"": {
      ""type"": ""Long"",
      ""description"": ""Số lượng nhân viên nữ""
    },
    ""malePercent"": {
      ""type"": ""BigDecimal"",
      ""description"": ""Tỷ lệ phần trăm nhân viên nam""
    },
    ""femalePercent"": {
      ""type"": ""BigDecimal"",
      ""description"": ""Tỷ lệ phần trăm nhân viên nữ""
    }
  },
  ""structured_output"": {},
  ""allow_empty_result"": false
}"
get_labor_structure_by_direct_production_level,Lấy thông tin cơ cấu lao động theo cấp bậc,"API này cung cấp dữ liệu về cơ cấu lao động theo cấp độ sản xuất trực tiếp dựa trên khoảng thời gian được chỉ định (từ ngày đến ngày). Kết quả trả về bao gồm giá trị, tỷ lệ phần trăm và một nhãn tương ứng.","- Trong năm 2025, tôi muốn xem TTPMTCS có cơ cấu lao động theo level là như nào","{
  ""request"": {
    ""method"": ""POST"",
    ""path"": ""/api/v1/dashboard/employee-info/level"",
    ""content_type"": ""application/json"",
    ""query"": ""{}"",
    ""body"": ""['fromDate', 'toDate', 'isCompany']""
  },
  ""example_call"": [
    {
      ""url_endpoint"": ""{{base_url}}/api/v1/dashboard/employee-info/level"",
      ""query"": ""{}"",
      ""body"": ""{\n \""fromDate\"": \""2025-04-29\"",\n \""toDate\"": \""2025-04-29\"",\n \""isCompany\"": true\n}""
    }
  ],
  ""required_params"": [
    {
      ""name"": ""fromDate"",
      ""type"": ""Date(yyyy-mm-dd)"",
      ""description"": ""Từ ngày""
    },
    {
      ""name"": ""toDate"",
      ""type"": ""Date(yyyy-mm-dd)"",
      ""description"": ""Đến ngày""
    }
  ],
  ""optional_params"": [
    {
      ""name"": ""organization"",
      ""type"": ""List<String>"",
      ""description"": ""Danh sách phòng ban. Nếu query không đề cập đến tên phòng ban -> trả về []""
    },
    {
      ""name"": ""isCompany"",
      ""type"": ""Boolean"",
      ""description"": ""Cả công ty hay không""
    }
  ],
  ""response_schema"": {
    ""value"": {
      ""type"": ""BigDecimal"",
      ""description"": ""Giá trị""
    },
    ""percent"": {
      ""type"": ""BigDecimal"",
      ""description"": ""Tỷ lệ phần trăm""
    },
    ""label"": {
      ""type"": ""String"",
      ""description"": ""Nhãn của level sản xuất (ví dụ: 'F', 'J')""
    },
    ""compareData"": {
      ""type"": ""BigDecimal"",
      ""description"": ""Dữ liệu để so sánh""
    },
    ""extPercent"": {
      ""type"": ""BigDecimal"",
      ""description"": ""Phần trăm mở rộng""
    },
    ""extValue"": {
      ""type"": ""BigDecimal"",
      ""description"": ""Giá trị mở rộng""
    },
    ""failInGroup"": {
      ""type"": ""BigDecimal"",
      ""description"": ""Số lượng không đạt trong nhóm""
    },
    ""fromLabel"": {
      ""type"": ""String"",
      ""description"": ""Nhãn bắt đầu""
    },
    ""inProcessPercent"": {
      ""type"": ""BigDecimal"",
      ""description"": ""Tỷ lệ phần trăm đang thực hiện""
    },
    ""inProcessValue"": {
      ""type"": ""BigDecimal"",
      ""description"": ""Giá trị đang thực hiện""
    },
    ""isData"": {
      ""type"": ""Integer"",
      ""description"": ""Cờ đánh dấu có dữ liệu hay không""
    },
    ""passInGroup"": {
      ""type"": ""BigDecimal"",
      ""description"": ""Số lượng đạt trong nhóm""
    },
    ""percentDRole"": {
      ""type"": ""BigDecimal""
    },
    ""percentFailInGroup"": {
      ""type"": ""BigDecimal"",
      ""description"": ""Phần trăm không đạt trong nhóm""
    },
    ""percentPassInGroup"": {
      ""type"": ""BigDecimal"",
      ""description"": ""Phần trăm đạt trong nhóm""
    },
    ""preLabel"": {
      ""type"": ""String"",
      ""description"": ""Nhãn của kỳ trước""
    },
    ""prePercent"": {
      ""type"": ""BigDecimal"",
      ""description"": ""Tỷ lệ phần trăm của kỳ trước""
    },
    ""preValue"": {
      ""type"": ""BigDecimal"",
      ""description"": ""Giá trị của kỳ trước""
    },
    ""preYearLabel"": {
      ""type"": ""String"",
      ""description"": ""Nhãn của cùng kỳ năm trước""
    },
    ""preYearPercent"": {
      ""type"": ""BigDecimal"",
      ""description"": ""Tỷ lệ phần trăm của cùng kỳ năm trước""
    },
    ""preYearValue"": {
      ""type"": ""BigDecimal"",
      ""description"": ""Giá trị của cùng kỳ năm trước""
    },
    ""subLabel"": {
      ""type"": ""String"",
      ""description"": ""Nhãn phụ""
    },
    ""toLabel"": {
      ""type"": ""String"",
      ""description"": ""Nhãn kết thúc""
    },
    ""totalCount"": {
      ""type"": ""Long"",
      ""description"": ""Tổng số lượng""
    },
    ""totalValue"": {
      ""type"": ""BigDecimal"",
      ""description"": ""Tổng giá trị""
    },
    ""totalValueKh"": {
      ""type"": ""BigDecimal""
    },
    ""unit"": {
      ""type"": ""String"",
      ""description"": ""Đơn vị tính""
    },
    ""valueTgRole"": {
      ""type"": ""BigDecimal""
    }
  },
  ""structured_output"": {},
  ""allow_empty_result"": false
}"
get_labor_structure_by_functional_blocks,Lấy thông tin cơ cấu lao động theo các khối chức năng,"API này truy xuất dữ liệu về cơ cấu lao động (số lượng nhân sự) theo các phòng/ban(đơn vị) dựa trên khoảng thời gian được cung cấp. Dữ liệu phản hồi bao gồm giá trị số lượng, tỷ lệ phần trăm và một nhãn định danh cho từng khối chức năng.","- Trong năm 2025, tôi muốn xem TTPMVT có bao nhiêu nhân sự đang làm việc tại trung tâm","{
  ""request"": {
    ""method"": ""POST"",
    ""path"": ""/api/v1/dashboard/employee-info/organization"",
    ""content_type"": ""application/json"",
    ""query"": ""{}"",
    ""body"": ""['fromDate', 'toDate', 'isCompany']""
  },
  ""example_call"": [
    {
      ""url_endpoint"": ""{{base_url}}/api/v1/dashboard/employee-info/organization"",
      ""query"": ""{}"",
      ""body"": ""{\n \""fromDate\"": \""2025-04-29\"",\n \""toDate\"": \""2025-04-29\"",\n \""isCompany\"": true\n}""
    }
  ],
  ""required_params"": [
    {
      ""name"": ""fromDate"",
      ""type"": ""Date(yyyy-mm-dd)"",
      ""description"": ""Từ ngày""
    },
    {
      ""name"": ""toDate"",
      ""type"": ""Date(yyyy-mm-dd)"",
      ""description"": ""Đến ngày""
    }
  ],
  ""optional_params"": [
    {
      ""name"": ""organization"",
      ""type"": ""List<String>"",
      ""description"": ""Danh sách phòng ban. Nếu query không đề cập đến tên phòng ban -> trả về []""
    },
    {
      ""name"": ""isCompany"",
      ""type"": ""Boolean"",
      ""description"": ""Cả công ty hay không""
    }
  ],
  ""response_schema"": {
    ""value"": {
      ""type"": ""BigDecimal"",
      ""description"": ""Giá trị của đơn vị""
    },
    ""percent"": {
      ""type"": ""BigDecimal"",
      ""description"": ""Tỷ lệ phần trăm của đơn vị so với tổng""
    },
    ""label"": {
      ""type"": ""String"",
      ""description"": ""Nhãn của đơn vị (tên phòng ban)""
    },
    ""subLabel"": {
      ""type"": ""String"",
      ""description"": ""Nhãn phụ""
    },
    ""extValue"": {
      ""type"": ""BigDecimal"",
      ""description"": ""Giá trị mở rộng""
    },
    ""unit"": {
      ""type"": ""String"",
      ""description"": ""Đơn vị tính""
    },
    ""extPercent"": {
      ""type"": ""BigDecimal"",
      ""description"": ""Tỷ lệ phần trăm mở rộng""
    },
    ""valueTgRole"": {
      ""type"": ""BigDecimal"",
      ""description"": ""Giá trị TG Role""
    },
    ""totalValueKh"": {
      ""type"": ""BigDecimal"",
      ""description"": ""Tổng giá trị kế hoạch""
    },
    ""percentDRole"": {
      ""type"": ""BigDecimal"",
      ""description"": ""Tỷ lệ phần trăm D Role""
    },
    ""isData"": {
      ""type"": ""Integer"",
      ""description"": ""Cờ xác định có dữ liệu hay không""
    },
    ""compareData"": {
      ""type"": ""BigDecimal"",
      ""description"": ""Dữ liệu để so sánh""
    },
    ""inProcessValue"": {
      ""type"": ""BigDecimal"",
      ""description"": ""Giá trị đang thực hiện""
    },
    ""inProcessPercent"": {
      ""type"": ""BigDecimal"",
      ""description"": ""Tỷ lệ phần trăm đang thực hiện""
    },
    ""passInGroup"": {
      ""type"": ""BigDecimal"",
      ""description"": ""Số lượng đạt trong nhóm""
    },
    ""percentPassInGroup"": {
      ""type"": ""BigDecimal"",
      ""description"": ""Tỷ lệ đạt trong nhóm""
    },
    ""failInGroup"": {
      ""type"": ""BigDecimal"",
      ""description"": ""Số lượng không đạt trong nhóm""
    },
    ""percentFailInGroup"": {
      ""type"": ""BigDecimal"",
      ""description"": ""Tỷ lệ không đạt trong nhóm""
    },
    ""fromLabel"": {
      ""type"": ""String"",
      ""description"": ""Nhãn bắt đầu""
    },
    ""toLabel"": {
      ""type"": ""String"",
      ""description"": ""Nhãn kết thúc""
    },
    ""preLabel"": {
      ""type"": ""String"",
      ""description"": ""Nhãn của kỳ trước""
    },
    ""preValue"": {
      ""type"": ""BigDecimal"",
      ""description"": ""Giá trị của kỳ trước""
    },
    ""prePercent"": {
      ""type"": ""BigDecimal"",
      ""description"": ""Tỷ lệ phần trăm của kỳ trước""
    },
    ""preYearLabel"": {
      ""type"": ""String"",
      ""description"": ""Nhãn của năm trước""
    },
    ""preYearValue"": {
      ""type"": ""BigDecimal"",
      ""description"": ""Giá trị của năm trước""
    },
    ""preYearPercent"": {
      ""type"": ""BigDecimal"",
      ""description"": ""Tỷ lệ phần trăm của năm trước""
    },
    ""totalCount"": {
      ""type"": ""Long"",
      ""description"": ""Tổng số lượng""
    },
    ""totalValue"": {
      ""type"": ""BigDecimal"",
      ""description"": ""Tổng giá trị""
    }
  },
  ""structured_output"": {},
  ""allow_empty_result"": false
}"
get_dilution_rate_ranking_by_project,Lấy thông tin xếp hạng tỉ lệ pha loãng theo dự án,"API này truy xuất dữ liệu xếp hạng tỉ lệ pha loãng theo dự án trong cơ cấu lao động. Dữ liệu trả về tỷ lệ pha loãng (phần trăm, %) cùng với nhãn tương ứng.","- Trong T11/2025, tôi muốn xem ở TTPMVT, tỉ lệ pha loãng theo dự án với loại dự án package có tỉ lệ là bao nhiêu %","{
  ""request"": {
    ""method"": ""POST"",
    ""path"": ""/api/v1/dashboard/employee-info/dilution-ranking/chart"",
    ""content_type"": ""application/json"",
    ""query"": ""{}"",
    ""body"": ""['fromDate', 'toDate', 'organization', 'sort']""
  },
  ""example_call"": [
    {
      ""url_endpoint"": ""{{base_url}}/api/v1/dashboard/employee-info/dilution-ranking/chart"",
      ""query"": ""{}"",
      ""body"": ""{\n \""fromDate\"": \""2025-04-29\"",\n \""toDate\"": \""2025-04-29\"",\n \""organization\"": [\n \""BU01\""\n ],\n \""sort\"": 2\n}""
    }
  ],
  ""required_params"": [
    {
      ""name"": ""fromDate"",
      ""type"": ""Date(yyyy-mm-dd)"",
      ""description"": ""Từ ngày""
    },
    {
      ""name"": ""toDate"",
      ""type"": ""Date(yyyy-mm-dd)"",
      ""description"": ""Đến ngày""
    },
    {
      ""name"": ""page"",
      ""type"": ""Integer"",
      ""description"": ""Số trang""
    },
    {
      ""name"": ""size"",
      ""type"": ""Integer"",
      ""description"": ""Số lượng bản ghi một trang""
    }
  ],
  ""optional_params"": [
    {
      ""name"": ""organization"",
      ""type"": ""List<String>"",
      ""description"": ""Danh sách phòng ban. Nếu query không đề cập đến tên phòng ban -> trả về []""
    },
    {
      ""name"": ""sort"",
      ""type"": ""Integer"",
      ""description"": ""ASC(1), DESC(2);""
    },
    {
      ""name"": ""projectType"",
      ""type"": ""List<String>"",
      ""description"": ""Danh sách loại dự án. Nếu không đề cập trả về []""
    }
  ],
  ""response_schema"": {
    ""content"": {
      ""type"": ""List<Object>"",
      ""description"": ""Nội dung của trang, chứa danh sách các dự án theo tỉ lệ pha loãng. Mỗi object chứa {percent, label}""
    },
    ""pageable"": {
      ""type"": ""Object"",
      ""description"": ""Thông tin đối tượng có thể phân trang""
    },
    ""totalPages"": {
      ""type"": ""Integer"",
      ""description"": ""Tổng số trang""
    },
    ""totalElements"": {
      ""type"": ""Long"",
      ""description"": ""Tổng số phần tử""
    },
    ""last"": {
      ""type"": ""Boolean"",
      ""description"": ""Là trang cuối cùng hay không""
    },
    ""size"": {
      ""type"": ""Integer"",
      ""description"": ""Kích thước của trang""
    },
    ""number"": {
      ""type"": ""Integer"",
      ""description"": ""Số trang hiện tại""
    },
    ""sort"": {
      ""type"": ""Object"",
      ""description"": ""Thông tin sắp xếp""
    },
    ""numberOfElements"": {
      ""type"": ""Integer"",
      ""description"": ""Số lượng phần tử trong trang hiện tại""
    },
    ""first"": {
      ""type"": ""Boolean"",
      ""description"": ""Là trang đầu tiên hay không""
    },
    ""empty"": {
      ""type"": ""Boolean"",
      ""description"": ""Trang có rỗng hay không""
    }
  },
  ""structured_output"": {},
  ""allow_empty_result"": false
}"
get_soc_index_by_unit_and_company,Lấy thông tin chỉ số SOC theo đơn vị và Công ty (Span of Control),"API này truy vấn chỉ số Span of Control (SOC) của nhân sự theo đơn vị và công ty trong khoảng thời gian xác định. API nhận vào ngày bắt đầu, ngày kết thúc và tiêu chí so sánh, sau đó trả về giá trị SOC cùng một nhãn.","- Trong T12/2025, tôi muốn xem chỉ số SOC của TTCN có dữ liệu ra sao","{
  ""request"": {
    ""method"": ""POST"",
    ""path"": ""/api/v1/dashboard/employee-info/soc"",
    ""content_type"": ""application/json"",
    ""query"": ""{}"",
    ""body"": ""['fromDate', 'toDate', 'isCompany', 'sort', 'standardComparison']""
  },
  ""example_call"": [
    {
      ""url_endpoint"": ""{{base_url}}/api/v1/dashboard/employee-info/soc"",
      ""query"": ""{}"",
      ""body"": ""{\n \""fromDate\"": \""2025-04-29\"",\n \""toDate\"": \""2025-04-29\"",\n \""isCompany\"": true,\n \""sort\"": 2,\n \""standardComparison\"": 1\n}""
    }
  ],
  ""required_params"": [
    {
      ""name"": ""fromDate"",
      ""type"": ""Date(yyyy-mm-dd)"",
      ""description"": ""Từ ngày""
    },
    {
      ""name"": ""toDate"",
      ""type"": ""Date(yyyy-mm-dd)"",
      ""description"": ""Đến ngày""
    }
  ],
  ""optional_params"": [
    {
      ""name"": ""isCompany"",
      ""type"": ""Boolean"",
      ""description"": ""Cả công ty hay không""
    },
    {
      ""name"": ""sort"",
      ""type"": ""Integer"",
      ""description"": ""Sắp xếp kết quả tăng dần(1), giảm dân(2). mặc định trả về 2""
    },
    {
      ""name"": ""standardComparison"",
      ""type"": ""Optional(Integer)"",
      ""description"": ""Có 3 giá trị sau:\ntrả về null - nếu người dùng không đề cập đến giá trị tiêu chuẩn\ntrả về 1 - cao hơn hoặc bằng giá trị tiêu chuẩn\ntrả về 2 - thấp hơn giá trị tiêu chuẩn\nNếu người dùng không nhắc tới thì mặc định trả về null""
    }
  ],
  ""response_schema"": {
    ""label"": {
      ""type"": ""String"",
      ""description"": ""Nhãn của dữ liệu, thường là mã phòng ban hoặc tên""
    },
    ""value"": {
      ""type"": ""BigDecimal"",
      ""description"": ""Giá trị của chỉ số SOC (Span of Control)""
    },
    ""compareData"": {
      ""type"": ""BigDecimal"",
      ""description"": ""Dữ liệu để so sánh""
    },
    ""extPercent"": {
      ""type"": ""BigDecimal"",
      ""description"": ""Tỷ lệ phần trăm mở rộng""
    },
    ""extValue"": {
      ""type"": ""BigDecimal"",
      ""description"": ""Giá trị mở rộng""
    },
    ""failInGroup"": {
      ""type"": ""BigDecimal"",
      ""description"": ""Số lượng không đạt trong nhóm""
    },
    ""fromLabel"": {
      ""type"": ""String"",
      ""description"": ""Nhãn cho mốc bắt đầu""
    },
    ""inProcessPercent"": {
      ""type"": ""BigDecimal"",
      ""description"": ""Tỷ lệ phần trăm đang xử lý""
    },
    ""inProcessValue"": {
      ""type"": ""BigDecimal"",
      ""description"": ""Giá trị đang xử lý""
    },
    ""isData"": {
      ""type"": ""Integer"",
      ""description"": ""Cờ cho biết có dữ liệu hay không (1 là có, 0 là không)""
    },
    ""passInGroup"": {
      ""type"": ""BigDecimal"",
      ""description"": ""Số lượng đạt trong nhóm""
    },
    ""percent"": {
      ""type"": ""BigDecimal"",
      ""description"": ""Tỷ lệ phần trăm""
    },
    ""percentDRole"": {
      ""type"": ""BigDecimal"",
      ""description"": ""Tỷ lệ phần trăm của vai trò""
    },
    ""percentFailInGroup"": {
      ""type"": ""BigDecimal"",
      ""description"": ""Tỷ lệ phần trăm không đạt trong nhóm""
    },
    ""percentPassInGroup"": {
      ""type"": ""BigDecimal"",
      ""description"": ""Tỷ lệ phần trăm đạt trong nhóm""
    },
    ""preLabel"": {
      ""type"": ""String"",
      ""description"": ""Nhãn của kỳ trước""
    },
    ""prePercent"": {
      ""type"": ""BigDecimal"",
      ""description"": ""Tỷ lệ phần trăm của kỳ trước""
    },
    ""preValue"": {
      ""type"": ""BigDecimal"",
      ""description"": ""Giá trị của kỳ trước""
    },
    ""preYearLabel"": {
      ""type"": ""String"",
      ""description"": ""Nhãn của cùng kỳ năm trước""
    },
    ""preYearPercent"": {
      ""type"": ""BigDecimal"",
      ""description"": ""Tỷ lệ phần trăm của cùng kỳ năm trước""
    },
    ""preYearValue"": {
      ""type"": ""BigDecimal"",
      ""description"": ""Giá trị của cùng kỳ năm trước""
    },
    ""subLabel"": {
      ""type"": ""String"",
      ""description"": ""Nhãn phụ""
    },
    ""toLabel"": {
      ""type"": ""String"",
      ""description"": ""Nhãn cho mốc kết thúc""
    },
    ""totalCount"": {
      ""type"": ""Long"",
      ""description"": ""Tổng số lượng""
    },
    ""totalValue"": {
      ""type"": ""BigDecimal"",
      ""description"": ""Tổng giá trị""
    },
    ""totalValueKh"": {
      ""type"": ""BigDecimal"",
      ""description"": ""Tổng giá trị kế hoạch""
    },
    ""unit"": {
      ""type"": ""String"",
      ""description"": ""Đơn vị tính""
    },
    ""valueTgRole"": {
      ""type"": ""BigDecimal"",
      ""description"": ""Giá trị của vai trò mục tiêu""
    }
  },
  ""structured_output"": {},
  ""allow_empty_result"": false
}"
get_resource_utilization_efficiency,Lấy thông tin Hiệu quả sử dụng nguồn lực,"API này truy xuất các chỉ số về hiệu quả sử dụng nguồn lực (RU, RA, headCount) theo đơn vị và so sánh RU so với kỳ trước, yêu cầu cung cấp khoảng thời gian. Phản hồi bao gồm tổng RA, tổng headCount, tổng RU, mã đơn vị và phần trăm thay đổi RU so với kỳ trước.","-Trong quý 4/2025, tôi muốn xem Tổng nguồn lực khả dụng SX của TTPMVT là bao nhiêu","{
  ""request"": {
    ""method"": ""POST"",
    ""path"": ""/api/v1/dashboard/ra-report/get-compare-ru"",
    ""content_type"": ""application/json"",
    ""query"": ""{}"",
    ""body"": ""['fromDate', 'toDate', 'organization', 'position', 'level', 'type', 'sort']""
  },
  ""example_call"": [
    {
      ""url_endpoint"": ""{{base_url}}/api/v1/dashboard/ra-report/get-compare-ru"",
      ""query"": ""{}"",
      ""body"": ""{\n \""fromDate\"": \""2025-04-01\"",\n \""toDate\"": \""2025-04-30\"",\n \""organization\"": [\n \""BU01\"",\n \""BU03\""\n ],\n \""position\"": [\n \""Developer\"",\n \""Tester\""\n ],\n \""level\"": [\n \""Junior\"",\n \""Senior\""\n ],\n \""type\"": 1,\n \""sort\"": 2\n}""
    }
  ],
  ""required_params"": [
    {
      ""name"": ""fromDate"",
      ""type"": ""Date(yyyy-mm-dd)"",
      ""description"": ""Từ ngày""
    },
    {
      ""name"": ""toDate"",
      ""type"": ""Date(yyyy-mm-dd)"",
      ""description"": ""Đến ngày""
    }
  ],
  ""optional_params"": [
    {
      ""name"": ""organization"",
      ""type"": ""List<String>"",
      ""description"": ""Danh sách phòng ban. Nếu query không đề cập đến tên phòng ban -> trả về []""
    },
    {
      ""name"": ""position"",
      ""type"": ""List<String>"",
      ""description"": ""Vị trí trong công ty. Nếu query không đề cập đến vị trí -> trả về [] ""
    },
    {
      ""name"": ""level"",
      ""type"": ""List<String>"",
      ""description"": ""Cấp bậc trong công ty. Nếu query không đề cập đến cấp bậc -> trả về [] ""
    },
    {
      ""name"": ""type"",
      ""type"": ""Integer"",
      ""description"": ""DAY(1), WEEK(2), MONTH(3), QUATER(4), YEAR(5);""
    },
    {
      ""name"": ""sort"",
      ""type"": ""Integer"",
      ""description"": ""ASC(1), DESC(2);""
    }
  ],
  ""response_schema"": {
    ""resourceEfficiencyThisTime"": {
      ""type"": ""Object"",
      ""description"": ""Thông tin hiệu quả sử dụng nguồn lực trong kỳ hiện tại. Bao gồm các trường: ru, freeRu, organizationCode, ra, headCount""
    },
    ""resourceEfficiencyPreviousTime"": {
      ""type"": ""Object"",
      ""description"": ""Thông tin hiệu quả sử dụng nguồn lực của kỳ liền trước. Bao gồm các trường: ru, freeRu, organizationCode, ra, headCount""
    },
    ""resourceEfficiencyPreviousYearTime"": {
      ""type"": ""Object"",
      ""description"": ""Thông tin hiệu quả sử dụng nguồn lực của cùng kỳ năm trước. Bao gồm các trường: ru, freeRu, organizationCode, ra, headCount""
    },
    ""comparePreviousTime"": {
      ""type"": ""Double"",
      ""description"": ""Tỷ lệ % thay đổi hiệu quả sử dụng nguồn lực so với kỳ trước""
    },
    ""comparePreviousYearTime"": {
      ""type"": ""Double"",
      ""description"": ""Tỷ lệ % thay đổi hiệu quả sử dụng nguồn lực so với cùng kỳ năm trước""
    }
  },
  ""structured_output"": {},
  ""allow_empty_result"": false
}"
get_ru_by_period,Lấy thông tin RU theo chu kỳ (ngày/tuần/tháng/quý/năm),"API này truy xuất chỉ số hiệu quả sử dụng nguồn lực (RU) cho các đơn vị theo tháng, quý hoặc năm dựa trên khoảng thời gian yêu cầu (`fromDate`, `toDate`). Kết quả trả về bao gồm tổng RU, tên thời gian và mã phòng ban.","- Trong Quý 2/2025, thì RU theo thời gian của TTPMVT là như nào","{
  ""request"": {
    ""method"": ""POST"",
    ""path"": ""/api/v1/dashboard/ra-report/total-ru"",
    ""content_type"": ""application/json"",
    ""query"": ""{}"",
    ""body"": ""['fromDate', 'toDate', 'organization', 'position', 'level', 'type', 'sort']""
  },
  ""example_call"": [
    {
      ""url_endpoint"": ""{{base_url}}/api/v1/dashboard/ra-report/total-ru"",
      ""query"": ""{}"",
      ""body"": ""{\n \""fromDate\"": \""2025-04-01\"",\n \""toDate\"": \""2025-04-30\"",\n \""organization\"": [],\n \""position\"": [\n \""Developer\"",\n \""Tester\""\n ],\n \""level\"": [\n \""Junior\"",\n \""Senior\""\n ],\n \""type\"": 1,\n \""sort\"": 2\n}""
    }
  ],
  ""required_params"": [
    {
      ""name"": ""fromDate"",
      ""type"": ""Date(yyyy-mm-dd)"",
      ""description"": ""từ ngày""
    },
    {
      ""name"": ""toDate"",
      ""type"": ""Date(yyyy-mm-dd)"",
      ""description"": ""đến ngày""
    },
    {
      ""name"": ""type"",
      ""type"": ""Integer"",
      ""description"": ""DAY(1), WEEK(2), MONTH(3), QUATER(4), YEAR(5);""
    }
  ],
  ""optional_params"": [
    {
      ""name"": ""organization"",
      ""type"": ""List<String>"",
      ""description"": ""danh sách phòng ban. Nếu query không đề cập đến tên phòng ban -> trả về []""
    },
    {
      ""name"": ""position"",
      ""type"": ""List<String>"",
      ""description"": ""danh sách vị trí. Nếu query không đề cập đến vị trí -> trả về [] ""
    },
    {
      ""name"": ""level"",
      ""type"": ""List<String>"",
      ""description"": ""danh sách cấp bậc. Nếu query không đề cập đến cấp bậc -> trả về [] ""
    },
    {
      ""name"": ""sort"",
      ""type"": ""Integer"",
      ""description"": ""ASC(1), DESC(2);""
    }
  ],
  ""response_schema"": {
    ""ru"": {
      ""type"": ""Double"",
      ""description"": ""Tổng ru""
    },
    ""workingPlan"": {
      ""type"": ""String"",
      ""description"": ""Tên thời gian""
    },
    ""organization"": {
      ""type"": ""String"",
      ""description"": ""Tên phòng ban""
    }
  },
  ""structured_output"": {},
  ""allow_empty_result"": false
}"
get_number_of_idle_personnel_by_bu_role_level,Lấy thông tin Chi tiết Free effort theo nhân sự,API này truy vấn số lượng nhân sự rảnh rỗi (free effort) theo nhân sự có lọc theo role.,"- Trong T11/2025, thì chi tiết free effort theo RA role DEV là bao nhiêu MM","{
  ""request"": {
    ""method"": ""POST"",
    ""path"": ""/api/v1/dashboard/ra-report/count-emp-free-effort"",
    ""content_type"": ""application/json"",
    ""query"": ""{}"",
    ""body"": ""['fromDate', 'toDate', 'organization', 'position', 'level', 'type', 'sort']""
  },
  ""example_call"": [
    {
      ""url_endpoint"": ""{{base_url}}/api/v1/dashboard/ra-report/count-emp-free-effort"",
      ""query"": ""{}"",
      ""body"": ""{\n \""fromDate\"": \""2025-04-01\"",\n \""toDate\"": \""2025-04-30\""\n}""
    }
  ],
  ""required_params"": [
    {
      ""name"": ""fromDate"",
      ""type"": ""Date(yyyy-mm-dd)"",
      ""description"": ""từ ngày""
    },
    {
      ""name"": ""toDate"",
      ""type"": ""Date(yyyy-mm-dd)"",
      ""description"": ""đến ngày""
    }
  ],
  ""optional_params"": [
    {
      ""name"": ""organization"",
      ""type"": ""List<String>"",
      ""description"": ""Danh sách phòng ban. Nếu query không đề cập đến tên phòng ban -> trả về []""
    },
    {
      ""name"": ""position"",
      ""type"": ""List<String>"",
      ""description"": ""danh sách vịt trí. Nếu query không đề cập đến vị trí -> trả về [] ""
    },
    {
      ""name"": ""level"",
      ""type"": ""List<String>"",
      ""description"": ""danh sách cấp bậc. Nếu query không đề cập đến cấp bậc -> trả về [] ""
    },
    {
      ""name"": ""type"",
      ""type"": ""Integer"",
      ""description"": ""DAY(1), WEEK(2), MONTH(3), QUATER(4), YEAR(5);""
    },
    {
      ""name"": ""sort"",
      ""type"": ""Integer"",
      ""description"": ""ASC(1), DESC(2);""
    }
  ],
  ""response_schema"": {
    ""freeEffort"": {
      ""type"": ""Double"",
      ""description"": ""Tổng free effort""
    },
    ""employeeLevel"": {
      ""type"": ""String"",
      ""description"": ""Tên Level""
    },
    ""employeeRole"": {
      ""type"": ""String"",
      ""description"": ""Tên role""
    },
    ""organizationName"": {
      ""type"": ""String"",
      ""description"": ""Tên phòng ban""
    }
  },
  ""structured_output"": {},
  ""allow_empty_result"": false
}"
get_sum_free_effort,Lấy thông tin tổng free effort theo trung tâm/cấp bậc (level)/vị trí (role),"API này truy xuất tổng, tỉ lệ free effort (thời gian rảnh rỗi của nguồn lực) theo trung tâm (phòng ban)/cấp bậc (level)/vị trí (role) trong một khoảng thời gian được chỉ định. API nhận tham số fromDate và toDate, sau đó trả về tổng free effort và tên cột tương ứng.","- Trong khoảng từ T6/2025 - T12/2025, thì tỉ lệ rảnh rỗi theo trung tâm/level/role role Tester là bao nhiêu %","{
  ""request"": {
    ""method"": ""POST"",
    ""path"": ""/api/v1/dashboard/ra-report/get-sum-free-effort"",
    ""content_type"": ""application/json"",
    ""query"": ""{}"",
    ""body"": ""['fromDate', 'toDate', 'organization', 'position', 'level', 'type', 'sort']""
  },
  ""example_call"": [
    {
      ""url_endpoint"": ""{{base_url}}/api/v1/dashboard/ra-report/get-sum-free-effort"",
      ""query"": ""{}"",
      ""body"": ""{\n \""fromDate\"": \""2025-04-01\"",\n \""toDate\"": \""2025-04-30\"",\n \""organization\"": [],\n \""position\"": [],\n \""level\"": [],\n \""type\"": 1,\n \""sort\"": 2\n}""
    }
  ],
  ""required_params"": [
    {
      ""name"": ""fromDate"",
      ""type"": ""Date(yyyy-mm-dd)"",
      ""description"": ""từ ngày""
    },
    {
      ""name"": ""toDate"",
      ""type"": ""Date(yyyy-mm-dd)"",
      ""description"": ""đến ngày""
    },
    {
      ""name"": ""type"",
      ""type"": ""Integer"",
      ""description"": ""Đề cập đến năm thì trả về 5, quý -> 4, tháng ->3, tuần ->2, ngày ->1. Đề cập đến khoảng thời gian hoặc không nhắc đến thời gian thì mặc định trả về 3""
    }
  ],
  ""optional_params"": [
    {
      ""name"": ""organization"",
      ""type"": ""List<String>"",
      ""description"": ""Danh sách phòng ban. Nếu query không đề cập đến tên phòng ban -> trả về []""
    },
    {
      ""name"": ""position"",
      ""type"": ""List<String>"",
      ""description"": ""Vị trí trong công ty. Nếu query không đề cập đến vị trí -> trả về [] ""
    },
    {
      ""name"": ""level"",
      ""type"": ""List<String>"",
      ""description"": ""Cấp bậc trong công ty. Nếu query không đề cập đến cấp bậc -> trả về [] ""
    },
    {
      ""name"": ""sort"",
      ""type"": ""Integer"",
      ""description"": ""ASC(1), DESC(2);""
    }
  ],
  ""response_schema"": {
    ""sumFreeEffortBU"": {
      ""type"": ""List<Object>"",
      ""description"": ""Danh sách xếp hạng các BU có tỷ lệ rảnh rỗi cao nhất. Mỗi object chứa 'name' (tên BU) và 'freeEffort' (tổng effort rảnh)""
    },
    ""sumFreeEffortRole"": {
      ""type"": ""List<Object>"",
      ""description"": ""Danh sách xếp hạng các vị trí (role) có tỷ lệ rảnh rỗi cao nhất. Mỗi object chứa 'name' (tên vị trí) và 'freeEffort' (tổng effort rảnh)""
    },
    ""sumFreeEffortLevel"": {
      ""type"": ""List<Object>"",
      ""description"": ""Danh sách xếp hạng các level có tỷ lệ rảnh rỗi cao nhất. Mỗi object chứa 'name' (tên level) và 'freeEffort' (tổng effort rảnh)""
    }
  },
  ""structured_output"": {},
  ""allow_empty_result"": false
}"
get_new_hires_by_period,Lấy thông tin tuyển mới theo chu kỳ (ngày/tuần/tháng/quý/năm),"API này truy vấn số lượng nhân sự được tuyển mới trong một khoảng thời gian xác định, với khả năng thống kê theo ngày, tuần hoặc tháng. Kết quả trả về bao gồm giá trị số lượng tuyển mới và nhãn thời gian tương ứng.","- Trong khoảng từ T6/2025 - T12/2025, thì số nhân sự được tuyển mới theo năm của công ty là bao nhiêu","{
  ""request"": {
    ""method"": ""POST"",
    ""path"": ""/api/v1/dashboard/recruitment/new-time"",
    ""content_type"": ""application/json"",
    ""query"": ""{}"",
    ""body"": ""['fromDate', 'toDate', 'isCompany', ' type ']""
  },
  ""example_call"": [
    {
      ""url_endpoint"": ""{{base_url}}/api/v1/dashboard/recruitment/new-time"",
      ""query"": ""{}"",
      ""body"": {
        ""fromDate"": ""2025-01-01"",
        ""toDate"": ""2025-04-29"",
        ""isCompany"": true,
        ""type"": 3
      }
    }
  ],
  ""required_params"": [
    {
      ""name"": ""fromDate"",
      ""type"": ""Date(yyyy-mm-dd)"",
      ""description"": ""Từ ngày""
    },
    {
      ""name"": ""toDate"",
      ""type"": ""Date(yyyy-mm-dd)"",
      ""description"": ""Đến ngày""
    },
    {
      ""name"": ""type"",
      ""type"": ""Integer"",
      ""description"": ""DAY(1), WEEK(2), MONTH(3), QUATER(4), YEAR(5);""
    }
  ],
  ""optional_params"": [
    {
      ""name"": ""isCompany"",
      ""type"": ""Boolean"",
      ""description"": ""Cả công ty hay không""
    },
    {
      ""name"": ""organization"",
      ""type"": ""List<String>"",
      ""description"": ""Danh sách phòng ban. Nếu query không đề cập đến tên phòng ban -> trả về []""
    }
  ],
  ""response_schema"": {
    ""compareData"": {
      ""type"": ""BigDecimal"",
      ""description"": ""Dữ liệu so sánh""
    },
    ""extPercent"": {
      ""type"": ""BigDecimal"",
      ""description"": ""Tỷ lệ phần trăm mở rộng""
    },
    ""extValue"": {
      ""type"": ""BigDecimal"",
      ""description"": ""Giá trị mở rộng""
    },
    ""failInGroup"": {
      ""type"": ""BigDecimal"",
      ""description"": ""Số lượng không đạt trong nhóm""
    },
    ""fromLabel"": {
      ""type"": ""String"",
      ""description"": ""Nhãn của mốc thời gian bắt đầu""
    },
    ""inProcessPercent"": {
      ""type"": ""BigDecimal"",
      ""description"": ""Tỷ lệ phần trăm đang trong tiến trình""
    },
    ""inProcessValue"": {
      ""type"": ""BigDecimal"",
      ""description"": ""Giá trị đang trong tiến trình""
    },
    ""isData"": {
      ""type"": ""Integer"",
      ""description"": ""Cờ xác định có dữ liệu hay không""
    },
    ""label"": {
      ""type"": ""String"",
      ""description"": ""Nhãn thời gian theo tháng/quý/năm""
    },
    ""passInGroup"": {
      ""type"": ""BigDecimal"",
      ""description"": ""Số lượng đạt trong nhóm""
    },
    ""percent"": {
      ""type"": ""BigDecimal"",
      ""description"": ""Tỷ lệ phần trăm""
    },
    ""percentDRole"": {
      ""type"": ""BigDecimal"",
      ""description"": ""Tỷ lệ phần trăm của vai trò D""
    },
    ""percentFailInGroup"": {
      ""type"": ""BigDecimal"",
      ""description"": ""Tỷ lệ phần trăm không đạt trong nhóm""
    },
    ""percentPassInGroup"": {
      ""type"": ""BigDecimal"",
      ""description"": ""Tỷ lệ phần trăm đạt trong nhóm""
    },
    ""preLabel"": {
      ""type"": ""String"",
      ""description"": ""Nhãn của kỳ trước""
    },
    ""prePercent"": {
      ""type"": ""BigDecimal"",
      ""description"": ""Tỷ lệ phần trăm của kỳ trước""
    },
    ""preValue"": {
      ""type"": ""BigDecimal"",
      ""description"": ""Giá trị của kỳ trước""
    },
    ""preYearLabel"": {
      ""type"": ""String"",
      ""description"": ""Nhãn của cùng kỳ năm trước""
    },
    ""preYearPercent"": {
      ""type"": ""BigDecimal"",
      ""description"": ""Tỷ lệ phần trăm của cùng kỳ năm trước""
    },
    ""preYearValue"": {
      ""type"": ""BigDecimal"",
      ""description"": ""Giá trị của cùng kỳ năm trước""
    },
    ""subLabel"": {
      ""type"": ""String"",
      ""description"": ""Nhãn phụ""
    },
    ""toLabel"": {
      ""type"": ""String"",
      ""description"": ""Nhãn của mốc thời gian kết thúc""
    },
    ""totalCount"": {
      ""type"": ""Long"",
      ""description"": ""Tổng số lượng""
    },
    ""totalValue"": {
      ""type"": ""BigDecimal"",
      ""description"": ""Tổng giá trị""
    },
    ""totalValueKh"": {
      ""type"": ""BigDecimal"",
      ""description"": ""Tổng giá trị kế hoạch""
    },
    ""unit"": {
      ""type"": ""String"",
      ""description"": ""Đơn vị tính""
    },
    ""value"": {
      ""type"": ""BigDecimal"",
      ""description"": ""Số lượng nhân sự tuyển mới""
    },
    ""valueTgRole"": {
      ""type"": ""BigDecimal"",
      ""description"": ""Giá trị vai trò trung gian""
    }
  },
  ""structured_output"": {},
  ""allow_empty_result"": false
}"
get_new_hires_by_unit,Lấy thông tin tuyển mới theo đơn vị,"API này cung cấp số liệu tổng hợp về các trường hợp tuyển mới theo đơn vị, dựa trên khoảng thời gian từ `fromDate` đến `toDate`. Dữ liệu trả về bao gồm giá trị tuyển mới, phần trăm tương ứng và một nhãn định danh.","- Trong Q4/2025, thì TTPMVT có bao nhiêu nhân sự được tuyển mới","{
  ""request"": {
    ""method"": ""POST"",
    ""path"": ""/api/v1/dashboard/recruitment/new-organization"",
    ""content_type"": ""application/json"",
    ""query"": ""{}"",
    ""body"": ""['fromDate', 'toDate', 'isCompany']""
  },
  ""example_call"": [
    {
      ""url_endpoint"": ""{{base_url}}/api/v1/dashboard/recruitment/new-organization"",
      ""query"": ""{}"",
      ""body"": ""{\n \""fromDate\"": \""2025-01-01\"",\n \""toDate\"": \""2025-04-29\"",\n \""isCompany\"": true\n}""
    }
  ],
  ""required_params"": [
    {
      ""name"": ""fromDate"",
      ""type"": ""Date(yyyy-mm-dd)"",
      ""description"": ""Từ ngày""
    },
    {
      ""name"": ""toDate"",
      ""type"": ""Date(yyyy-mm-dd)"",
      ""description"": ""Đến ngày""
    }
  ],
  ""optional_params"": [
    {
      ""name"": ""isCompany"",
      ""type"": ""Boolean"",
      ""description"": ""Cả công ty hay không""
    },
    {
      ""name"": ""organization"",
      ""type"": ""List<String>"",
      ""description"": ""Danh sách phòng ban. Nếu query không đề cập đến tên phòng ban -> trả về []""
    }
  ],
  ""response_schema"": {
    ""value"": {
      ""type"": ""BigDecimal"",
      ""description"": ""Giá trị của nhãn tương ứng""
    },
    ""percent"": {
      ""type"": ""BigDecimal"",
      ""description"": ""Tỷ lệ phần trăm""
    },
    ""label"": {
      ""type"": ""String"",
      ""description"": ""Tên của đơn vị (phòng ban)""
    },
    ""compareData"": {
      ""type"": ""BigDecimal"",
      ""description"": ""Dữ liệu so sánh""
    },
    ""extPercent"": {
      ""type"": ""BigDecimal"",
      ""description"": ""Phần trăm mở rộng""
    },
    ""extValue"": {
      ""type"": ""BigDecimal"",
      ""description"": ""Giá trị mở rộng""
    },
    ""failInGroup"": {
      ""type"": ""BigDecimal"",
      ""description"": ""Số lượng không đạt trong nhóm""
    },
    ""fromLabel"": {
      ""type"": ""String"",
      ""description"": ""Nhãn bắt đầu""
    },
    ""inProcessPercent"": {
      ""type"": ""BigDecimal"",
      ""description"": ""Tỷ lệ phần trăm đang xử lý""
    },
    ""inProcessValue"": {
      ""type"": ""BigDecimal"",
      ""description"": ""Giá trị đang xử lý""
    },
    ""isData"": {
      ""type"": ""Integer"",
      ""description"": ""Cờ cho biết có dữ liệu hay không""
    },
    ""passInGroup"": {
      ""type"": ""BigDecimal"",
      ""description"": ""Số lượng đạt trong nhóm""
    },
    ""percentDRole"": {
      ""type"": ""BigDecimal"",
      ""description"": ""Tỷ lệ phần trăm theo vai trò""
    },
    ""percentFailInGroup"": {
      ""type"": ""BigDecimal"",
      ""description"": ""Tỷ lệ phần trăm không đạt trong nhóm""
    },
    ""percentPassInGroup"": {
      ""type"": ""BigDecimal"",
      ""description"": ""Tỷ lệ phần trăm đạt trong nhóm""
    },
    ""preLabel"": {
      ""type"": ""String"",
      ""description"": ""Nhãn của kỳ trước""
    },
    ""prePercent"": {
      ""type"": ""BigDecimal"",
      ""description"": ""Tỷ lệ phần trăm của kỳ trước""
    },
    ""preValue"": {
      ""type"": ""BigDecimal"",
      ""description"": ""Giá trị của kỳ trước""
    },
    ""preYearLabel"": {
      ""type"": ""String"",
      ""description"": ""Nhãn của cùng kỳ năm trước""
    },
    ""preYearPercent"": {
      ""type"": ""BigDecimal"",
      ""description"": ""Tỷ lệ phần trăm của cùng kỳ năm trước""
    },
    ""preYearValue"": {
      ""type"": ""BigDecimal"",
      ""description"": ""Giá trị của cùng kỳ năm trước""
    },
    ""subLabel"": {
      ""type"": ""String"",
      ""description"": ""Nhãn phụ""
    },
    ""toLabel"": {
      ""type"": ""String"",
      ""description"": ""Nhãn kết thúc""
    },
    ""totalCount"": {
      ""type"": ""Long"",
      ""description"": ""Tổng số lượng bản ghi""
    },
    ""totalValue"": {
      ""type"": ""BigDecimal"",
      ""description"": ""Tổng giá trị""
    },
    ""totalValueKh"": {
      ""type"": ""BigDecimal"",
      ""description"": ""Tổng giá trị kế hoạch""
    },
    ""unit"": {
      ""type"": ""String"",
      ""description"": ""Đơn vị tính""
    },
    ""valueTgRole"": {
      ""type"": ""BigDecimal"",
      ""description"": ""Giá trị theo vai trò""
    }
  },
  ""structured_output"": {},
  ""allow_empty_result"": false
}"
get_new_hire_labor_structure_by_level,Lấy thông tin cơ cấu LĐ tuyển mới theo Level,"API này truy xuất dữ liệu cơ cấu lao động tuyển mới theo cấp độ trong một khoảng thời gian được chỉ định bởi `fromDate` và `toDate`. Kết quả trả về bao gồm giá trị, phần trăm và nhãn cho từng cấp độ.","- Trong Tháng 12/2025, cả công ty có bao nhiêu nhân sự được tuyển mới vào theo level J, M","{
  ""request"": {
    ""method"": ""POST"",
    ""path"": ""/api/v1/dashboard/recruitment/new-level"",
    ""content_type"": ""application/json"",
    ""query"": ""{}"",
    ""body"": ""['fromDate', 'toDate', 'isCompany']""
  },
  ""example_call"": [
    {
      ""url_endpoint"": ""{{base_url}}/api/v1/dashboard/recruitment/new-level"",
      ""query"": ""{}"",
      ""body"": ""{\n \""fromDate\"": \""2025-01-01\"",\n \""toDate\"": \""2025-04-29\"",\n \""isCompany\"": true\n}""
    }
  ],
  ""required_params"": [
    {
      ""name"": ""fromDate"",
      ""type"": ""Date(yyyy-mm-dd)"",
      ""description"": ""Từ ngày""
    },
    {
      ""name"": ""toDate"",
      ""type"": ""Date(yyyy-mm-dd)"",
      ""description"": ""Đến ngày""
    }
  ],
  ""optional_params"": [
    {
      ""name"": ""isCompany"",
      ""type"": ""Boolean"",
      ""description"": ""Cả công ty hay không""
    },
    {
      ""name"": ""organization"",
      ""type"": ""List<String>"",
      ""description"": ""Danh sách phòng ban. Nếu query không đề cập đến tên phòng ban -> trả về []""
    }
  ],
  ""response_schema"": {
    ""value"": {
      ""type"": ""BigDecimal"",
      ""description"": ""Giá trị""
    },
    ""percent"": {
      ""type"": ""BigDecimal"",
      ""description"": ""Tỷ lệ phần trăm""
    },
    ""label"": {
      ""type"": ""String"",
      ""description"": ""Nhãn (tên level)""
    },
    ""compareData"": {
      ""type"": ""BigDecimal"",
      ""description"": ""Dữ liệu để so sánh""
    },
    ""extPercent"": {
      ""type"": ""BigDecimal"",
      ""description"": ""Tỷ lệ phần trăm mở rộng""
    },
    ""extValue"": {
      ""type"": ""BigDecimal"",
      ""description"": ""Giá trị mở rộng""
    },
    ""failInGroup"": {
      ""type"": ""BigDecimal"",
      ""description"": ""Số lượng không đạt trong nhóm""
    },
    ""fromLabel"": {
      ""type"": ""String"",
      ""description"": ""Nhãn cho thời gian bắt đầu""
    },
    ""inProcessPercent"": {
      ""type"": ""BigDecimal"",
      ""description"": ""Tỷ lệ phần trăm đang trong tiến trình""
    },
    ""inProcessValue"": {
      ""type"": ""BigDecimal"",
      ""description"": ""Giá trị đang trong tiến trình""
    },
    ""isData"": {
      ""type"": ""Integer"",
      ""description"": ""Cờ xác định có dữ liệu hay không""
    },
    ""passInGroup"": {
      ""type"": ""BigDecimal"",
      ""description"": ""Số lượng đạt trong nhóm""
    },
    ""percentDRole"": {
      ""type"": ""BigDecimal"",
      ""description"": ""Tỷ lệ phần trăm D Role""
    },
    ""percentFailInGroup"": {
      ""type"": ""BigDecimal"",
      ""description"": ""Tỷ lệ phần trăm không đạt trong nhóm""
    },
    ""percentPassInGroup"": {
      ""type"": ""BigDecimal"",
      ""description"": ""Tỷ lệ phần trăm đạt trong nhóm""
    },
    ""preLabel"": {
      ""type"": ""String"",
      ""description"": ""Nhãn của kỳ trước""
    },
    ""prePercent"": {
      ""type"": ""BigDecimal"",
      ""description"": ""Tỷ lệ phần trăm của kỳ trước""
    },
    ""preValue"": {
      ""type"": ""BigDecimal"",
      ""description"": ""Giá trị của kỳ trước""
    },
    ""preYearLabel"": {
      ""type"": ""String"",
      ""description"": ""Nhãn của cùng kỳ năm trước""
    },
    ""preYearPercent"": {
      ""type"": ""BigDecimal"",
      ""description"": ""Tỷ lệ phần trăm của cùng kỳ năm trước""
    },
    ""preYearValue"": {
      ""type"": ""BigDecimal"",
      ""description"": ""Giá trị của cùng kỳ năm trước""
    },
    ""subLabel"": {
      ""type"": ""String"",
      ""description"": ""Nhãn phụ""
    },
    ""toLabel"": {
      ""type"": ""String"",
      ""description"": ""Nhãn cho thời gian kết thúc""
    },
    ""totalCount"": {
      ""type"": ""Long"",
      ""description"": ""Tổng số lượng""
    },
    ""totalValue"": {
      ""type"": ""BigDecimal"",
      ""description"": ""Tổng giá trị""
    },
    ""totalValueKh"": {
      ""type"": ""BigDecimal"",
      ""description"": ""Tổng giá trị kế hoạch""
    },
    ""unit"": {
      ""type"": ""String"",
      ""description"": ""Đơn vị tính""
    },
    ""valueTgRole"": {
      ""type"": ""BigDecimal"",
      ""description"": ""Giá trị TG Role""
    }
  },
  ""structured_output"": {},
  ""allow_empty_result"": false
}"
get_new_hire_labor_structure_by_role,Lấy thông tin cơ cấu LĐ tuyển mới theo Role,"API này lấy dữ liệu về cơ cấu lao động tuyển mới theo vai trò trong một khoảng thời gian được chỉ định bởi `fromDate` và `toDate`. Dữ liệu trả về bao gồm giá trị (`value`), phần trăm (`percent`) và nhãn (`label`) của cơ cấu này.","- Trong T5/2025, cả công ty có bao nhiêu nhân sự được tuyển mới với role là BA","{
  ""request"": {
    ""method"": ""POST"",
    ""path"": ""/api/v1/dashboard/recruitment/new-role"",
    ""content_type"": ""application/json"",
    ""query"": ""{}"",
    ""body"": ""['fromDate', 'toDate', 'isCompany']""
  },
  ""example_call"": [
    {
      ""url_endpoint"": ""{{base_url}}/api/v1/dashboard/recruitment/new-role"",
      ""query"": ""{}"",
      ""body"": ""{\n \""fromDate\"": \""2025-01-01\"",\n \""toDate\"": \""2025-04-29\"",\n \""isCompany\"": true\n}""
    }
  ],
  ""required_params"": [
    {
      ""name"": ""fromDate"",
      ""type"": ""Date(yyyy-mm-dd)"",
      ""description"": ""Từ ngày""
    },
    {
      ""name"": ""toDate"",
      ""type"": ""Date(yyyy-mm-dd)"",
      ""description"": ""Đến ngày""
    }
  ],
  ""optional_params"": [
    {
      ""name"": ""isCompany"",
      ""type"": ""Boolean"",
      ""description"": ""Cả công ty hay không""
    },
    {
      ""name"": ""organization"",
      ""type"": ""List<String>"",
      ""description"": ""Danh sách phòng ban. Nếu query không đề cập đến tên phòng ban -> trả về []""
    }
  ],
  ""response_schema"": {
    ""value"": {
      ""type"": ""BigDecimal"",
      ""description"": ""Giá trị của label""
    },
    ""percent"": {
      ""type"": ""BigDecimal"",
      ""description"": ""Tỷ lệ phần trăm của value so với totalValue""
    },
    ""label"": {
      ""type"": ""String"",
      ""description"": ""Nhãn chính của dữ liệu (ví dụ: tên vai trò, tên cấp bậc)""
    },
    ""subLabel"": {
      ""type"": ""String"",
      ""description"": ""Nhãn phụ, cung cấp thêm thông tin""
    },
    ""extValue"": {
      ""type"": ""BigDecimal"",
      ""description"": ""Giá trị mở rộng""
    },
    ""unit"": {
      ""type"": ""String"",
      ""description"": ""Đơn vị tính của giá trị""
    },
    ""extPercent"": {
      ""type"": ""BigDecimal"",
      ""description"": ""Tỷ lệ phần trăm mở rộng""
    },
    ""valueTgRole"": {
      ""type"": ""BigDecimal"",
      ""description"": ""Giá trị cho vai trò TG""
    },
    ""totalValueKh"": {
      ""type"": ""BigDecimal"",
      ""description"": ""Tổng giá trị kế hoạch""
    },
    ""percentDRole"": {
      ""type"": ""BigDecimal"",
      ""description"": ""Tỷ lệ phần trăm cho vai trò D""
    },
    ""isData"": {
      ""type"": ""Integer"",
      ""description"": ""Cờ xác định có dữ liệu hay không (1: có, 0: không)""
    },
    ""compareData"": {
      ""type"": ""BigDecimal"",
      ""description"": ""Dữ liệu để so sánh""
    },
    ""inProcessValue"": {
      ""type"": ""BigDecimal"",
      ""description"": ""Giá trị đang trong tiến trình""
    },
    ""inProcessPercent"": {
      ""type"": ""BigDecimal"",
      ""description"": ""Tỷ lệ phần trăm đang trong tiến trình""
    },
    ""passInGroup"": {
      ""type"": ""BigDecimal"",
      ""description"": ""Số lượng đạt trong nhóm""
    },
    ""percentPassInGroup"": {
      ""type"": ""BigDecimal"",
      ""description"": ""Tỷ lệ phần trăm đạt trong nhóm""
    },
    ""failInGroup"": {
      ""type"": ""BigDecimal"",
      ""description"": ""Số lượng không đạt trong nhóm""
    },
    ""percentFailInGroup"": {
      ""type"": ""BigDecimal"",
      ""description"": ""Tỷ lệ phần trăm không đạt trong nhóm""
    },
    ""fromLabel"": {
      ""type"": ""String"",
      ""description"": ""Nhãn cho mốc bắt đầu""
    },
    ""toLabel"": {
      ""type"": ""String"",
      ""description"": ""Nhãn cho mốc kết thúc""
    },
    ""preLabel"": {
      ""type"": ""String"",
      ""description"": ""Nhãn của kỳ trước""
    },
    ""preValue"": {
      ""type"": ""BigDecimal"",
      ""description"": ""Giá trị của kỳ trước""
    },
    ""prePercent"": {
      ""type"": ""BigDecimal"",
      ""description"": ""Tỷ lệ phần trăm của kỳ trước""
    },
    ""preYearLabel"": {
      ""type"": ""String"",
      ""description"": ""Nhãn của cùng kỳ năm trước""
    },
    ""preYearValue"": {
      ""type"": ""BigDecimal"",
      ""description"": ""Giá trị của cùng kỳ năm trước""
    },
    ""preYearPercent"": {
      ""type"": ""BigDecimal"",
      ""description"": ""Tỷ lệ phần trăm của cùng kỳ năm trước""
    },
    ""totalCount"": {
      ""type"": ""Long"",
      ""description"": ""Tổng số lượng bản ghi""
    },
    ""totalValue"": {
      ""type"": ""BigDecimal"",
      ""description"": ""Tổng giá trị, dùng để tính toán percent""
    }
  },
  ""structured_output"": {},
  ""allow_empty_result"": false
}"
get_revenue_by_period_by_unit,Lấy thông tin doanh thu theo tháng/quý/năm theo Đơn vị,"API này truy xuất dữ liệu doanh thu cho một đơn vị cụ thể hoặc cả công ty (VTIT) theo tháng, quý và năm. Phản hồi bao gồm các chỉ số doanh thu thực hiện lũy kế, kế hoạch, tỷ lệ hoàn thành theo các kỳ thời gian và dữ liệu so sánh với các kỳ trước đó.",- Trong năm 2025 thì doanh thu của công ty là bao nhiêu Tr đồng,"{
  ""request"": {
    ""method"": ""GET"",
    ""path"": ""/api/v1/dashboard/business-management/KD-001?summaryDate=2025-05-26&organizationCode=VTIT&targetCode=DT"",
    ""content_type"": ""application/json"",
    ""query"": ""['summaryDate', 'organizationCode', 'targetCode']"",
    ""body"": ""{}""
  },
  ""example_call"": [
    {
      ""url_endpoint"": ""{{base_url}}/api/v1/dashboard/business-management/KD-001?summaryDate=2025-05-26&organizationCode=VTIT&targetCode=DT"",
      ""query"": """",
      ""body"": ""{}""
    }
  ],
  ""required_params"": [
    {
      ""name"": ""summaryDate"",
      ""type"": ""String"",
      ""description"": ""Ngày search""
    },
    {
      ""name"": ""organizationCode"",
      ""type"": ""String"",
      ""description"": ""Mã đơn vị""
    },
    {
      ""name"": ""targetCode"",
      ""type"": ""String"",
      ""description"": ""Mã chỉ tiêu""
    }
  ],
  ""optional_params"": [],
  ""response_schema"": {
    ""organizationCode"": {
      ""type"": ""String"",
      ""description"": ""Mã đơn vị tổ chức""
    },
    ""organizationName"": {
      ""type"": ""String"",
      ""description"": ""Tên đơn vị tổ chức""
    },
    ""targetName"": {
      ""type"": ""String"",
      ""description"": ""Tên mục tiêu""
    },
    ""targetCode"": {
      ""type"": ""String"",
      ""description"": ""Mã mục tiêu""
    },
    ""monthYear"": {
      ""type"": ""Date(yyyy-mm-dd)"",
      ""description"": ""Thời gian theo tháng""
    },
    ""summaryDate"": {
      ""type"": ""Date(yyyy-mm-dd)"",
      ""description"": ""Ngày tổng hợp dữ liệu""
    },
    ""performDayAccumulated"": {
      ""type"": ""BigDecimal"",
      ""description"": ""Lũy kế thực hiện đến ngày hiện tại""
    },
    ""performMonthAccumulated"": {
      ""type"": ""BigDecimal"",
      ""description"": ""Lũy kế thực hiện đến hiện tại trong tháng""
    },
    ""performQuarterAccumulated"": {
      ""type"": ""BigDecimal"",
      ""description"": ""Lũy kế thực hiện trong quý""
    },
    ""performYearAccumulated"": {
      ""type"": ""BigDecimal"",
      ""description"": ""Lũy kế thực hiện trong năm""
    },
    ""planMonth"": {
      ""type"": ""BigDecimal"",
      ""description"": ""Kế hoạch tháng""
    },
    ""value"": {
      ""type"": ""BigDecimal"",
      ""description"": ""Giá trị hiện tại của chỉ tiêu""
    },
    ""dataPeriodId"": {
      ""type"": ""BigDecimal"",
      ""description"": ""ID định danh cho chu kỳ dữ liệu""
    },
    ""performancePercentage"": {
      ""type"": ""BigDecimal"",
      ""description"": ""Tỷ lệ hoàn thành tháng hiện tại so với kế hoạch tháng (%)""
    },
    ""performancePercentageColor"": {
      ""type"": ""BigDecimal"",
      ""description"": ""Màu sắc hiển thị tương ứng với mức độ hoàn thành""
    },
    ""performMonthAccumulatedMonthMinus"": {
      ""type"": ""BigDecimal"",
      ""description"": ""Lũy kế thực hiện tháng liền trước""
    },
    ""performancePercentageMonthMinus"": {
      ""type"": ""BigDecimal"",
      ""description"": ""% chênh lệch giữa tháng hiện tại và tháng trước""
    },
    ""performancePercentageMonthMinusColor"": {
      ""type"": ""BigDecimal"",
      ""description"": ""Màu sắc % chênh lệch giữa tháng hiện tại và tháng trước""
    },
    ""planMonthMinus"": {
      ""type"": ""BigDecimal"",
      ""description"": ""Kế hoạch tháng trước""
    },
    ""performancePercentagePlanMonthMinus"": {
      ""type"": ""BigDecimal"",
      ""description"": ""% hoàn thành kế hoạch tháng trước""
    },
    ""performancePercentagePlanMonthMinusColor"": {
      ""type"": ""BigDecimal"",
      ""description"": ""Màu sắc % hoàn thành kế hoạch tháng trước""
    },
    ""performMonthAccumulatedYearMinus"": {
      ""type"": ""BigDecimal"",
      ""description"": ""Lũy kế thực hiện cùng kỳ năm trước""
    },
    ""performancePercentageYearMinus"": {
      ""type"": ""BigDecimal"",
      ""description"": ""% chênh lệch giữa năm hiện tại và năm trước cùng kỳ""
    },
    ""performancePercentageYearMinusColor"": {
      ""type"": ""BigDecimal"",
      ""description"": ""Màu sắc % chênh lệch giữa năm hiện tại và năm trước cùng kỳ""
    },
    ""performancePercentagePlanYearMinus"": {
      ""type"": ""BigDecimal"",
      ""description"": ""% hoàn thành kế hoạch năm trước""
    },
    ""performancePercentagePlanYearMinusColor"": {
      ""type"": ""BigDecimal"",
      ""description"": ""Màu sắc % hoàn thành kế hoạch năm trước""
    },
    ""planYear"": {
      ""type"": ""BigDecimal"",
      ""description"": ""Kế hoạch cả năm""
    },
    ""performancePercentageYear"": {
      ""type"": ""BigDecimal"",
      ""description"": ""% chênh lệch so với năm hiện tại""
    },
    ""performancePercentageYearColor"": {
      ""type"": ""BigDecimal"",
      ""description"": ""Màu sắc % chênh lệch so với năm hiện tại""
    },
    ""performancePercentagePlanYear"": {
      ""type"": ""BigDecimal"",
      ""description"": ""% thực hiện so với kế hoạch năm hiện tại""
    },
    ""performancePercentagePlanYearColor"": {
      ""type"": ""BigDecimal"",
      ""description"": ""Màu sắc % thực hiện so với kế hoạch năm hiện tại""
    },
    ""performancePercentagePlanQuarter"": {
      ""type"": ""BigDecimal"",
      ""description"": ""% thực hiện so với kế hoạch quý hiện tại""
    },
    ""performancePercentagePlanQuarterColor"": {
      ""type"": ""BigDecimal"",
      ""description"": ""Màu sắc % thực hiện so với kế hoạch quý hiện tại""
    },
    ""performancePercentageQuarter"": {
      ""type"": ""BigDecimal"",
      ""description"": ""% chênh lệch thực hiện quý so với cùng kỳ năm trước""
    },
    ""performancePercentageQuarterColor"": {
      ""type"": ""BigDecimal"",
      ""description"": ""Màu sắc % chênh lệch thực hiện quý so với cùng kỳ năm trước""
    },
    ""planQuarter"": {
      ""type"": ""BigDecimal"",
      ""description"": ""Kế hoạch quý""
    },
    ""performPercentageCompareMinusYear"": {
      ""type"": ""BigDecimal"",
      ""description"": ""% chênh lệch quý hiện tại với quý cùng kỳ năm trước""
    },
    ""performancePercentageQuarterYearMinus"": {
      ""type"": ""BigDecimal"",
      ""description"": ""So sánh phần trăm thực hiện hiện tại với cùng kỳ năm trước""
    },
    ""performAverage"": {
      ""type"": ""BigDecimal"",
      ""description"": ""Giá trị trung bình thực hiện""
    },
    ""unit"": {
      ""type"": ""String"",
      ""description"": ""Đơn vị tiền tệ""
    }
  },
  ""structured_output"": {},
  ""allow_empty_result"": false
}"
get_revenue_by_period_by_revenue_type,Lấy thông tin doanh thu theo chu kỳ (ngày/tuần/tháng/quý/năm) theo Loại doanh thu,"API này truy xuất dữ liệu tổng hợp về doanh thu theo loại doanh thu của một đơn vị cụ thể hoặc cả công ty(VTIT). API này trả về dữ liệu tổng hợp về doanh thu thực hiện, kế hoạch và các chỉ số hoàn thành.","- Trong T12/2025, Doanh thu theo loại Doanh thu dịch vụ VTIT là bao nhiêu","{
  ""request"": {
    ""method"": ""GET"",
    ""path"": ""/api/v1/dashboard/business-management/KD-002?summaryDate=2025-05-26&organizationCode=VTIT&targetCode=DT"",
    ""content_type"": ""application/json"",
    ""query"": ""['summaryDate', 'organizationCode', 'targetCode']"",
    ""body"": ""{}""
  },
  ""example_call"": [
    {
      ""url_endpoint"": ""{{base_url}}/api/v1/dashboard/business-management/KD-002?summaryDate=2025-05-26&organizationCode=VTIT&targetCode=DT"",
      ""query"": """",
      ""body"": ""{}""
    }
  ],
  ""required_params"": [
    {
      ""name"": ""summaryDate"",
      ""type"": ""String"",
      ""description"": ""Ngày search""
    },
    {
      ""name"": ""organizationCode"",
      ""type"": ""String"",
      ""description"": ""Mã đơn vị""
    },
    {
      ""name"": ""targetCode"",
      ""type"": ""String"",
      ""description"": ""Mã chỉ tiêu""
    }
  ],
  ""optional_params"": [],
  ""response_schema"": {
    ""organizationCode"": {
      ""type"": ""String"",
      ""description"": ""Mã đơn vị tổ chức""
    },
    ""organizationName"": {
      ""type"": ""String"",
      ""description"": ""Tên đơn vị tổ chức""
    },
    ""targetName"": {
      ""type"": ""String"",
      ""description"": ""Tên mục tiêu""
    },
    ""targetCode"": {
      ""type"": ""String"",
      ""description"": ""Mã mục tiêu""
    },
    ""monthYear"": {
      ""type"": ""Date(yyyy-mm-dd)"",
      ""description"": ""Thời gian theo tháng""
    },
    ""summaryDate"": {
      ""type"": ""Date(yyyy-mm-dd)"",
      ""description"": ""Ngày tổng hợp dữ liệu""
    },
    ""performDayAccumulated"": {
      ""type"": ""BigDecimal"",
      ""description"": ""Lũy kế thực hiện đến ngày hiện tại""
    },
    ""performMonthAccumulated"": {
      ""type"": ""BigDecimal"",
      ""description"": ""Lũy kế thực hiện đến hiện tại trong tháng""
    },
    ""performQuarterAccumulated"": {
      ""type"": ""BigDecimal"",
      ""description"": ""Lũy kế thực hiện trong quý""
    },
    ""performYearAccumulated"": {
      ""type"": ""BigDecimal"",
      ""description"": ""Lũy kế thực hiện trong năm""
    },
    ""planMonth"": {
      ""type"": ""BigDecimal"",
      ""description"": ""Kế hoạch tháng""
    },
    ""value"": {
      ""type"": ""BigDecimal"",
      ""description"": ""Giá trị hiện tại của chỉ tiêu""
    },
    ""dataPeriodId"": {
      ""type"": ""BigDecimal"",
      ""description"": ""ID định danh cho chu kỳ dữ liệu""
    },
    ""performancePercentage"": {
      ""type"": ""BigDecimal"",
      ""description"": ""Tỷ lệ hoàn thành tháng hiện tại so với kế hoạch tháng (%)""
    },
    ""performancePercentageColor"": {
      ""type"": ""BigDecimal"",
      ""description"": ""Màu sắc hiển thị tương ứng với mức độ hoàn thành""
    },
    ""performMonthAccumulatedMonthMinus"": {
      ""type"": ""BigDecimal"",
      ""description"": ""Lũy kế thực hiện tháng liền trước""
    },
    ""performancePercentageMonthMinus"": {
      ""type"": ""BigDecimal"",
      ""description"": ""% chênh lệch giữa tháng hiện tại và tháng trước""
    },
    ""performancePercentageMonthMinusColor"": {
      ""type"": ""BigDecimal"",
      ""description"": ""Màu sắc % chênh lệch giữa tháng hiện tại và tháng trước""
    },
    ""planMonthMinus"": {
      ""type"": ""BigDecimal"",
      ""description"": ""Kế hoạch tháng trước""
    },
    ""performancePercentagePlanMonthMinus"": {
      ""type"": ""BigDecimal"",
      ""description"": ""% hoàn thành kế hoạch tháng trước""
    },
    ""performancePercentagePlanMonthMinusColor"": {
      ""type"": ""BigDecimal"",
      ""description"": ""Màu sắc % hoàn thành kế hoạch tháng trước""
    },
    ""performMonthAccumulatedYearMinus"": {
      ""type"": ""BigDecimal"",
      ""description"": ""Lũy kế thực hiện cùng kỳ năm trước""
    },
    ""performancePercentageYearMinus"": {
      ""type"": ""BigDecimal"",
      ""description"": ""% chênh lệch giữa năm hiện tại và năm trước cùng kỳ""
    },
    ""performancePercentageYearMinusColor"": {
      ""type"": ""BigDecimal"",
      ""description"": ""Màu sắc % chênh lệch giữa năm hiện tại và năm trước cùng kỳ""
    },
    ""performancePercentagePlanYearMinus"": {
      ""type"": ""BigDecimal"",
      ""description"": ""% hoàn thành kế hoạch năm trước""
    },
    ""performancePercentagePlanYearMinusColor"": {
      ""type"": ""BigDecimal"",
      ""description"": ""Màu sắc % hoàn thành kế hoạch năm trước""
    },
    ""planYear"": {
      ""type"": ""BigDecimal"",
      ""description"": ""Kế hoạch cả năm""
    },
    ""performancePercentageYear"": {
      ""type"": ""BigDecimal"",
      ""description"": ""% chênh lệch so với năm hiện tại""
    },
    ""performancePercentageYearColor"": {
      ""type"": ""BigDecimal"",
      ""description"": ""Màu sắc % chênh lệch so với năm hiện tại""
    },
    ""performancePercentagePlanYear"": {
      ""type"": ""BigDecimal"",
      ""description"": ""% thực hiện so với kế hoạch năm hiện tại""
    },
    ""performancePercentagePlanYearColor"": {
      ""type"": ""BigDecimal"",
      ""description"": ""Màu sắc % thực hiện so với kế hoạch năm hiện tại""
    },
    ""performancePercentagePlanQuarter"": {
      ""type"": ""BigDecimal"",
      ""description"": ""% thực hiện so với kế hoạch quý hiện tại""
    },
    ""performancePercentagePlanQuarterColor"": {
      ""type"": ""BigDecimal"",
      ""description"": ""Màu sắc % thực hiện so với kế hoạch quý hiện tại""
    },
    ""performancePercentageQuarter"": {
      ""type"": ""BigDecimal"",
      ""description"": ""% chênh lệch thực hiện quý so với cùng kỳ năm trước""
    },
    ""performancePercentageQuarterColor"": {
      ""type"": ""BigDecimal"",
      ""description"": ""Màu sắc % chênh lệch thực hiện quý so với cùng kỳ năm trước""
    },
    ""planQuarter"": {
      ""type"": ""BigDecimal"",
      ""description"": ""Kế hoạch quý""
    },
    ""performPercentageCompareMinusYear"": {
      ""type"": ""BigDecimal"",
      ""description"": ""% chênh lệch quý hiện tại với quý cùng kỳ năm trước""
    },
    ""performancePercentageQuarterYearMinus"": {
      ""type"": ""BigDecimal"",
      ""description"": ""So sánh phần trăm thực hiện hiện tại với cùng kỳ năm trước""
    },
    ""performAverage"": {
      ""type"": ""BigDecimal"",
      ""description"": ""Giá trị trung bình thực hiện""
    },
    ""unit"": {
      ""type"": ""String"",
      ""description"": ""Đơn vị tiền tệ""
    }
  },
  ""structured_output"": {},
  ""allow_empty_result"": false
}"
get_average_revenue_by_period_by_unit,Lấy thông tin doanh thu trung bình theo chu kỳ (ngày/tuần/tháng/quý/năm) theo đơn vị,"API này truy xuất dữ liệu doanh thu trung bình theo tháng, quý, năm cho một đơn vị cụ thể, dựa trên ngày tổng hợp, mã đơn vị và mã chỉ tiêu. Dữ liệu phản hồi bao gồm các chỉ số lũy kế thực hiện, kế hoạch, tỷ lệ hoàn thành theo ngày, tháng, quý, năm, cùng các so sánh với kỳ trước và giá trị doanh thu trung bình.","- Trong T11/2025, thì doanh thu trung bình của TTPMTCS là bao nhiêu","{
  ""request"": {
    ""method"": ""GET"",
    ""path"": ""/api/v1/dashboard/business-management/KD-007?summaryDate=2025-05-26&organizationCode=VTIT&targetCode=DT"",
    ""content_type"": ""application/json"",
    ""query"": ""['summaryDate', 'organizationCode', 'targetCode']"",
    ""body"": ""{}""
  },
  ""example_call"": [
    {
      ""url_endpoint"": ""{{base_url}}/api/v1/dashboard/business-management/KD-007?summaryDate=2025-05-26&organizationCode=VTIT&targetCode=DT"",
      ""query"": """",
      ""body"": ""{}""
    }
  ],
  ""required_params"": [
    {
      ""name"": ""summaryDate"",
      ""type"": ""String"",
      ""description"": ""Ngày search""
    },
    {
      ""name"": ""organizationCode"",
      ""type"": ""String"",
      ""description"": ""Mã đơn vị""
    },
    {
      ""name"": ""targetCode"",
      ""type"": ""String"",
      ""description"": ""Mã chỉ tiêu""
    }
  ],
  ""optional_params"": [],
  ""response_schema"": {
    ""month"": {
      ""type"": ""Integer"",
      ""description"": ""Tháng của dữ liệu""
    },
    ""percentMonthAccumulatedMinus1"": {
      ""type"": ""BigDecimal"",
      ""description"": ""% chênh lệch giữa tháng hiện tại và tháng trước""
    },
    ""percentMonthAccumulatedMinus1Color"": {
      ""type"": ""String"",
      ""description"": ""Màu sắc % chênh lệch giữa tháng hiện tại và tháng trước""
    },
    ""percentMonthAccumulatedMinus2"": {
      ""type"": ""BigDecimal"",
      ""description"": ""% chênh lệch giữa tháng hiện tại và 2 tháng trước""
    },
    ""percentMonthAccumulatedMinus2Color"": {
      ""type"": ""String"",
      ""description"": ""Màu sắc % chênh lệch giữa tháng hiện tại và 2 tháng trước""
    },
    ""percentMonthPlan"": {
      ""type"": ""BigDecimal"",
      ""description"": ""Tỷ lệ hoàn thành tháng hiện tại so với kế hoạch tháng (%)""
    },
    ""percentMonthPlanColor"": {
      ""type"": ""String"",
      ""description"": ""Màu sắc hiển thị tương ứng với mức độ hoàn thành""
    },
    ""performMonthAccumulatedCur"": {
      ""type"": ""BigDecimal"",
      ""description"": ""Lũy kế thực hiện đến hiện tại trong tháng""
    },
    ""performMonthAccumulatedMinus1"": {
      ""type"": ""BigDecimal"",
      ""description"": ""Lũy kế thực hiện tháng liền trước""
    },
    ""performMonthAccumulatedMinus2"": {
      ""type"": ""BigDecimal"",
      ""description"": ""Lũy kế thực hiện 2 tháng liền trước""
    },
    ""plan"": {
      ""type"": ""BigDecimal"",
      ""description"": ""Kế hoạch tháng""
    },
    ""targetCode"": {
      ""type"": ""String"",
      ""description"": ""Mã mục tiêu""
    },
    ""targetName"": {
      ""type"": ""String"",
      ""description"": ""Tên mục tiêu""
    },
    ""unit"": {
      ""type"": ""String"",
      ""description"": ""Đơn vị tiền tệ""
    },
    ""year"": {
      ""type"": ""Integer"",
      ""description"": ""Năm của dữ liệu""
    }
  },
  ""structured_output"": {},
  ""allow_empty_result"": false
}"
get_total_revenue_comparison_by_bu_by_month,Lấy thông tin tổng Doanh Thu so sánh theo các BU theo tháng,"API này truy xuất dữ liệu tổng doanh thu so sánh giữa các đơn vị phòng/ban theo tháng. Giá trị trả về bao gồm giá trị thực hiện, kế hoạch và tỷ lệ so với kế hoạch theo tháng cho các đơn vị kinh doanh.","- Trong T12/2025, Doanh thu so sánh các đơn vị diễn biến ra sao","{
  ""request"": {
    ""method"": ""GET"",
    ""path"": ""/api/v1/dashboard/business-management/KD-059?summaryDate=2025-05-26&targetCode=DT&cycleType=month=VTIT&targetCode=DT"",
    ""content_type"": ""application/json"",
    ""query"": ""['summaryDate', 'targetCode', 'cycleType']"",
    ""body"": ""{}""
  },
  ""example_call"": [
    {
      ""url_endpoint"": ""{{base_url}}/api/v1/dashboard/business-management/KD-059?summaryDate=2025-05-26&targetCode=DT&cycleType=month=VTIT&targetCode=DT"",
      ""query"": """",
      ""body"": ""{}""
    }
  ],
  ""required_params"": [
    {
      ""name"": ""summaryDate"",
      ""type"": ""String"",
      ""description"": ""Ngày search. Trả về ngày cuối cùng của khoảng thời gian nếu không chỉ định ngày cụ thể.""
    },
    {
      ""name"": ""targetCode"",
      ""type"": ""String"",
      ""description"": ""Mã chỉ tiêu""
    },
    {
      ""name"": ""cycleType"",
      ""type"": ""String"",
      ""description"": ""Kiểu chu kỳ""
    }
  ],
  ""optional_params"": [],
  ""response_schema"": {
    ""organizationCode"": {
      ""type"": ""String"",
      ""description"": ""Mã đơn vị tổ chức""
    },
    ""targetName"": {
      ""type"": ""String"",
      ""description"": ""Tên mục tiêu""
    },
    ""month"": {
      ""type"": ""Integer"",
      ""description"": ""Thời gian theo tháng""
    },
    ""executed"": {
      ""type"": ""BigDecimal"",
      ""description"": ""Giá trị thực hiện (đơn vị: Tr đồng)""
    },
    ""plan"": {
      ""type"": ""BigDecimal"",
      ""description"": ""Giá trị kế hoạch (đơn vị: Tr đồng)""
    },
    ""percent"": {
      ""type"": ""BigDecimal"",
      ""description"": ""Tỷ lệ thực hiện so với kế hoạch (%)""
    },
    ""percentColor"": {
      ""type"": ""String"",
      ""description"": ""Mã màu biểu diễn tỷ lệ thực hiện (ví dụ: #ff0000 cho màu đỏ)""
    },
    ""unit"": {
      ""type"": ""String"",
      ""description"": ""Đơn vị tiền tệ""
    },
    ""quarter"": {
      ""type"": ""Integer"",
      ""description"": ""Quý của dữ liệu""
    }
  },
  ""structured_output"": {},
  ""allow_empty_result"": false
}"
get_acceptance_output_by_period_by_revenue_type,Lấy thông tin SLNT theo tháng/quý/năm theo loại doanh thu,"API này truy xuất dữ liệu sản lượng nghiệm thu (SLNT) được phân loại theo loại doanh thu (Tự SX/OS/Liên kết). API yêu cầu mã đơn vị và ngày tìm kiếm, trả về tổng giá trị và tỉ lệ phần trăm sản lượng nghiệm thu cho từng loại doanh thu.","- Trong T7/2025, thì SLNT theo Tự SX/OS/Liên kết của TTPMVT là bao nhiêu","{
  ""request"": {
    ""method"": ""POST"",
    ""path"": ""/api/v1/dashboard/business-management/KD-009"",
    ""content_type"": ""application/json"",
    ""query"": ""{}"",
    ""body"": ""['organization', 'toDate']""
  },
  ""example_call"": [
    {
      ""url_endpoint"": ""{{base_url}}/api/v1/dashboard/business-management/KD-009"",
      ""query"": ""{}"",
      ""body"": ""{\n \""organization\"": [],\n \""toDate\"": \""2025-04-30\""\n}""
    }
  ],
  ""required_params"": [
    {
      ""name"": ""organization"",
      ""type"": ""List<String>"",
      ""description"": ""Danh sách phòng ban. Nếu query không đề cập đến tên phòng ban -> trả về []""
    },
    {
      ""name"": ""toDate"",
      ""type"": ""String"",
      ""description"": ""đến ngày""
    }
  ],
  ""optional_params"": [],
  ""response_schema"": {
    ""chartData"": {
      ""type"": ""List<Object>"",
      ""description"": ""Dữ liệu chi tiết cho biểu đồ""
    },
    ""label"": {
      ""type"": ""String"",
      ""description"": ""Nhãn chính của biểu đồ""
    },
    ""normValue"": {
      ""type"": ""BigDecimal"",
      ""description"": ""Giá trị định mức để so sánh trên biểu đồ""
    },
    ""percent"": {
      ""type"": ""BigDecimal"",
      ""description"": ""Tổng tỷ lệ phần trăm""
    },
    ""subData"": {
      ""type"": ""List<Object>"",
      ""description"": ""Dữ liệu phụ cho biểu đồ""
    },
    ""totalValue"": {
      ""type"": ""BigDecimal"",
      ""description"": ""Tổng giá trị của tất cả các mục trong biểu đồ""
    }
  },
  ""structured_output"": {},
  ""allow_empty_result"": false
}"
get_acceptance_output_by_period_by_unit,Lấy thông tin SLNT theo chu kỳ (ngày/tuần/tháng/quý/năm) theo đơn vị,"API này truy vấn dữ liệu Sản lượng nghiệm thu (SLNT) theo tháng, quý và năm cho một ngày, đơn vị và chỉ tiêu cụ thể. Dữ liệu trả về bao gồm các giá trị thực hiện, kế hoạch và tỷ lệ hoàn thành lũy kế theo ngày, tháng, quý, năm.",- Trong T5/2025 thì SLNT của trung tâm KDNHTCS là bao nhiêu MM,"{
  ""request"": {
    ""method"": ""GET"",
    ""path"": ""/api/v1/dashboard/business-management/KD-010?summaryDate=2025-05-26&organizationCode=VTIT&targetCode=DT"",
    ""content_type"": ""application/json"",
    ""query"": ""['summaryDate', 'organizationCode', 'targetCode']"",
    ""body"": ""{}""
  },
  ""example_call"": [
    {
      ""url_endpoint"": ""{{base_url}}/api/v1/dashboard/business-management/KD-010?summaryDate=2025-05-26&organizationCode=VTIT&targetCode=DT"",
      ""query"": """",
      ""body"": ""{}""
    }
  ],
  ""required_params"": [
    {
      ""name"": ""summaryDate"",
      ""type"": ""String"",
      ""description"": ""Ngày search""
    },
    {
      ""name"": ""organizationCode"",
      ""type"": ""String"",
      ""description"": ""Mã đơn vị""
    },
    {
      ""name"": ""targetCode"",
      ""type"": ""String"",
      ""description"": ""Mã chỉ tiêu""
    }
  ],
  ""optional_params"": [],
  ""response_schema"": {
    ""organizationCode"": {
      ""type"": ""String"",
      ""description"": ""Mã đơn vị tổ chức""
    },
    ""organizationName"": {
      ""type"": ""String"",
      ""description"": ""Tên đơn vị tổ chức""
    },
    ""targetName"": {
      ""type"": ""String"",
      ""description"": ""Tên mục tiêu""
    },
    ""targetCode"": {
      ""type"": ""String"",
      ""description"": ""Mã mục tiêu""
    },
    ""monthYear"": {
      ""type"": ""Date(yyyy-mm-dd)"",
      ""description"": ""Thời gian theo tháng""
    },
    ""summaryDate"": {
      ""type"": ""Date(yyyy-mm-dd)"",
      ""description"": ""Ngày tổng hợp dữ liệu""
    },
    ""performDayAccumulated"": {
      ""type"": ""BigDecimal"",
      ""description"": ""Lũy kế thực hiện đến ngày hiện tại""
    },
    ""performMonthAccumulated"": {
      ""type"": ""BigDecimal"",
      ""description"": ""Lũy kế thực hiện đến hiện tại trong tháng""
    },
    ""performQuarterAccumulated"": {
      ""type"": ""BigDecimal"",
      ""description"": ""Lũy kế thực hiện trong quý""
    },
    ""performYearAccumulated"": {
      ""type"": ""BigDecimal"",
      ""description"": ""Lũy kế thực hiện trong năm""
    },
    ""planMonth"": {
      ""type"": ""BigDecimal"",
      ""description"": ""Kế hoạch tháng""
    },
    ""value"": {
      ""type"": ""BigDecimal"",
      ""description"": ""Giá trị hiện tại của chỉ tiêu""
    },
    ""dataPeriodId"": {
      ""type"": ""BigDecimal"",
      ""description"": ""ID định danh cho chu kỳ dữ liệu""
    },
    ""performancePercentage"": {
      ""type"": ""BigDecimal"",
      ""description"": ""Tỷ lệ hoàn thành tháng hiện tại so với kế hoạch tháng (%)""
    },
    ""performancePercentageColor"": {
      ""type"": ""BigDecimal"",
      ""description"": ""Màu sắc hiển thị tương ứng với mức độ hoàn thành""
    },
    ""performMonthAccumulatedMonthMinus"": {
      ""type"": ""BigDecimal"",
      ""description"": ""Lũy kế thực hiện tháng liền trước""
    },
    ""performancePercentageMonthMinus"": {
      ""type"": ""BigDecimal"",
      ""description"": ""% chênh lệch giữa tháng hiện tại và tháng trước""
    },
    ""performancePercentageMonthMinusColor"": {
      ""type"": ""BigDecimal"",
      ""description"": ""Màu sắc % chênh lệch giữa tháng hiện tại và tháng trước""
    },
    ""planMonthMinus"": {
      ""type"": ""BigDecimal"",
      ""description"": ""Kế hoạch tháng trước""
    },
    ""performancePercentagePlanMonthMinus"": {
      ""type"": ""BigDecimal"",
      ""description"": ""% hoàn thành kế hoạch tháng trước""
    },
    ""performancePercentagePlanMonthMinusColor"": {
      ""type"": ""BigDecimal"",
      ""description"": ""Màu sắc % hoàn thành kế hoạch tháng trước""
    },
    ""performMonthAccumulatedYearMinus"": {
      ""type"": ""BigDecimal"",
      ""description"": ""Lũy kế thực hiện cùng kỳ năm trước""
    },
    ""performancePercentageYearMinus"": {
      ""type"": ""BigDecimal"",
      ""description"": ""% chênh lệch giữa năm hiện tại và năm trước cùng kỳ""
    },
    ""performancePercentageYearMinusColor"": {
      ""type"": ""BigDecimal"",
      ""description"": ""Màu sắc % chênh lệch giữa năm hiện tại và năm trước cùng kỳ""
    },
    ""performancePercentagePlanYearMinus"": {
      ""type"": ""BigDecimal"",
      ""description"": ""% hoàn thành kế hoạch năm trước""
    },
    ""performancePercentagePlanYearMinusColor"": {
      ""type"": ""BigDecimal"",
      ""description"": ""Màu sắc % hoàn thành kế hoạch năm trước""
    },
    ""planYear"": {
      ""type"": ""BigDecimal"",
      ""description"": ""Kế hoạch cả năm""
    },
    ""performancePercentageYear"": {
      ""type"": ""BigDecimal"",
      ""description"": ""% chênh lệch so với năm hiện tại""
    },
    ""performancePercentageYearColor"": {
      ""type"": ""BigDecimal"",
      ""description"": ""Màu sắc % chênh lệch so với năm hiện tại""
    },
    ""performancePercentagePlanYear"": {
      ""type"": ""BigDecimal"",
      ""description"": ""% thực hiện so với kế hoạch năm hiện tại""
    },
    ""performancePercentagePlanYearColor"": {
      ""type"": ""BigDecimal"",
      ""description"": ""Màu sắc % thực hiện so với kế hoạch năm hiện tại""
    },
    ""performancePercentagePlanQuarter"": {
      ""type"": ""BigDecimal"",
      ""description"": ""% thực hiện so với kế hoạch quý hiện tại""
    },
    ""performancePercentagePlanQuarterColor"": {
      ""type"": ""BigDecimal"",
      ""description"": ""Màu sắc % thực hiện so với kế hoạch quý hiện tại""
    },
    ""performancePercentageQuarter"": {
      ""type"": ""BigDecimal"",
      ""description"": ""% chênh lệch thực hiện quý so với cùng kỳ năm trước""
    },
    ""performancePercentageQuarterColor"": {
      ""type"": ""BigDecimal"",
      ""description"": ""Màu sắc % chênh lệch thực hiện quý so với cùng kỳ năm trước""
    },
    ""planQuarter"": {
      ""type"": ""BigDecimal"",
      ""description"": ""Kế hoạch quý""
    },
    ""performPercentageCompareMinusYear"": {
      ""type"": ""BigDecimal"",
      ""description"": ""% chênh lệch quý hiện tại với quý cùng kỳ năm trước""
    },
    ""performancePercentageQuarterYearMinus"": {
      ""type"": ""BigDecimal"",
      ""description"": ""So sánh phần trăm thực hiện hiện tại với cùng kỳ năm trước""
    },
    ""performAverage"": {
      ""type"": ""BigDecimal"",
      ""description"": ""Giá trị trung bình thực hiện""
    },
    ""unit"": {
      ""type"": ""String"",
      ""description"": ""Đơn vị tiền tệ""
    }
  },
  ""structured_output"": {},
  ""allow_empty_result"": false
}"
get_acceptance_output_by_unit_bu_level,Lấy thông tin SLNT theo đơn vị (Cấp BU) (Bỏ BU02),"API này truy xuất dữ liệu sản lượng nghiệm thu lũy kế (SLNT lũy kế) theo đơn vị, phòng/ban hoặc công ty (VTIT). API trả về các chỉ số SLNT lũy kế theo ngày, tháng, quý, năm, kế hoạch, và tỷ lệ hoàn thành so với các kỳ trước cho đơn vị được chỉ định.","- Trong T12/2025, thì SLNT lũy kế của Trung tâm KDMN là bao nhiêu","{
  ""request"": {
    ""method"": ""GET"",
    ""path"": ""/api/v1/dashboard/business-management/KD-061?summaryDate=2025-05-26&organizationCode=VTIT&targetCode=DT"",
    ""content_type"": ""application/json"",
    ""query"": ""['summaryDate', 'organizationCode', 'targetCode']"",
    ""body"": ""{}""
  },
  ""example_call"": [
    {
      ""url_endpoint"": ""{{base_url}}/api/v1/dashboard/business-management/KD-061?summaryDate=2025-05-26&organizationCode=VTIT&targetCode=DT"",
      ""query"": """",
      ""body"": ""{}""
    }
  ],
  ""required_params"": [
    {
      ""name"": ""summaryDate"",
      ""type"": ""String"",
      ""description"": ""Ngày search""
    },
    {
      ""name"": ""organizationCode"",
      ""type"": ""String"",
      ""description"": ""Mã đơn vị""
    },
    {
      ""name"": ""targetCode"",
      ""type"": ""String"",
      ""description"": ""Mã chỉ tiêu""
    }
  ],
  ""optional_params"": [],
  ""response_schema"": {
    ""organizationCode"": {
      ""type"": ""String"",
      ""description"": ""Mã đơn vị tổ chức""
    },
    ""organizationName"": {
      ""type"": ""String"",
      ""description"": ""Tên đơn vị tổ chức""
    },
    ""targetName"": {
      ""type"": ""String"",
      ""description"": ""Tên mục tiêu""
    },
    ""targetCode"": {
      ""type"": ""String"",
      ""description"": ""Mã mục tiêu""
    },
    ""monthYear"": {
      ""type"": ""Date(yyyy-mm-dd)"",
      ""description"": ""Thời gian theo tháng""
    },
    ""summaryDate"": {
      ""type"": ""Date(yyyy-mm-dd)"",
      ""description"": ""Ngày tổng hợp dữ liệu""
    },
    ""performDayAccumulated"": {
      ""type"": ""BigDecimal"",
      ""description"": ""Lũy kế thực hiện đến ngày hiện tại""
    },
    ""performMonthAccumulated"": {
      ""type"": ""BigDecimal"",
      ""description"": ""Lũy kế thực hiện đến hiện tại trong tháng""
    },
    ""performQuarterAccumulated"": {
      ""type"": ""BigDecimal"",
      ""description"": ""Lũy kế thực hiện trong quý""
    },
    ""performYearAccumulated"": {
      ""type"": ""BigDecimal"",
      ""description"": ""Lũy kế thực hiện trong năm""
    },
    ""planMonth"": {
      ""type"": ""BigDecimal"",
      ""description"": ""Kế hoạch tháng""
    },
    ""value"": {
      ""type"": ""BigDecimal"",
      ""description"": ""Giá trị hiện tại của chỉ tiêu""
    },
    ""dataPeriodId"": {
      ""type"": ""BigDecimal"",
      ""description"": ""ID định danh cho chu kỳ dữ liệu""
    },
    ""performancePercentage"": {
      ""type"": ""BigDecimal"",
      ""description"": ""Tỷ lệ hoàn thành tháng hiện tại so với kế hoạch tháng (%)""
    },
    ""performancePercentageColor"": {
      ""type"": ""BigDecimal"",
      ""description"": ""Màu sắc hiển thị tương ứng với mức độ hoàn thành""
    },
    ""performMonthAccumulatedMonthMinus"": {
      ""type"": ""BigDecimal"",
      ""description"": ""Lũy kế thực hiện tháng liền trước""
    },
    ""performancePercentageMonthMinus"": {
      ""type"": ""BigDecimal"",
      ""description"": ""% chênh lệch giữa tháng hiện tại và tháng trước""
    },
    ""performancePercentageMonthMinusColor"": {
      ""type"": ""BigDecimal"",
      ""description"": ""Màu sắc % chênh lệch giữa tháng hiện tại và tháng trước""
    },
    ""planMonthMinus"": {
      ""type"": ""BigDecimal"",
      ""description"": ""Kế hoạch tháng trước""
    },
    ""performancePercentagePlanMonthMinus"": {
      ""type"": ""BigDecimal"",
      ""description"": ""% hoàn thành kế hoạch tháng trước""
    },
    ""performancePercentagePlanMonthMinusColor"": {
      ""type"": ""BigDecimal"",
      ""description"": ""Màu sắc % hoàn thành kế hoạch tháng trước""
    },
    ""performMonthAccumulatedYearMinus"": {
      ""type"": ""BigDecimal"",
      ""description"": ""Lũy kế thực hiện cùng kỳ năm trước""
    },
    ""performancePercentageYearMinus"": {
      ""type"": ""BigDecimal"",
      ""description"": ""% chênh lệch giữa năm hiện tại và năm trước cùng kỳ""
    },
    ""performancePercentageYearMinusColor"": {
      ""type"": ""BigDecimal"",
      ""description"": ""Màu sắc % chênh lệch giữa năm hiện tại và năm trước cùng kỳ""
    },
    ""performancePercentagePlanYearMinus"": {
      ""type"": ""BigDecimal"",
      ""description"": ""% hoàn thành kế hoạch năm trước""
    },
    ""performancePercentagePlanYearMinusColor"": {
      ""type"": ""BigDecimal"",
      ""description"": ""Màu sắc % hoàn thành kế hoạch năm trước""
    },
    ""planYear"": {
      ""type"": ""BigDecimal"",
      ""description"": ""Kế hoạch cả năm""
    },
    ""performancePercentageYear"": {
      ""type"": ""BigDecimal"",
      ""description"": ""% chênh lệch so với năm hiện tại""
    },
    ""performancePercentageYearColor"": {
      ""type"": ""BigDecimal"",
      ""description"": ""Màu sắc % chênh lệch so với năm hiện tại""
    },
    ""performancePercentagePlanYear"": {
      ""type"": ""BigDecimal"",
      ""description"": ""% thực hiện so với kế hoạch năm hiện tại""
    },
    ""performancePercentagePlanYearColor"": {
      ""type"": ""BigDecimal"",
      ""description"": ""Màu sắc % thực hiện so với kế hoạch năm hiện tại""
    },
    ""performancePercentagePlanQuarter"": {
      ""type"": ""BigDecimal"",
      ""description"": ""% thực hiện so với kế hoạch quý hiện tại""
    },
    ""performancePercentagePlanQuarterColor"": {
      ""type"": ""BigDecimal"",
      ""description"": ""Màu sắc % thực hiện so với kế hoạch quý hiện tại""
    },
    ""performancePercentageQuarter"": {
      ""type"": ""BigDecimal"",
      ""description"": ""% chênh lệch thực hiện quý so với cùng kỳ năm trước""
    },
    ""performancePercentageQuarterColor"": {
      ""type"": ""BigDecimal"",
      ""description"": ""Màu sắc % chênh lệch thực hiện quý so với cùng kỳ năm trước""
    },
    ""planQuarter"": {
      ""type"": ""BigDecimal"",
      ""description"": ""Kế hoạch quý""
    },
    ""performPercentageCompareMinusYear"": {
      ""type"": ""BigDecimal"",
      ""description"": ""% chênh lệch quý hiện tại với quý cùng kỳ năm trước""
    },
    ""performancePercentageQuarterYearMinus"": {
      ""type"": ""BigDecimal"",
      ""description"": ""So sánh phần trăm thực hiện hiện tại với cùng kỳ năm trước""
    },
    ""performAverage"": {
      ""type"": ""BigDecimal"",
      ""description"": ""Giá trị trung bình thực hiện""
    },
    ""unit"": {
      ""type"": ""String"",
      ""description"": ""Đơn vị tiền tệ""
    }
  },
  ""structured_output"": {},
  ""allow_empty_result"": false
}"
get_new_contract_value_by_period_by_contract_type,Lấy thông tin giá trị hợp đồng ký mới theo chu kỳ (ngày/tuần/tháng/quý/năm) theo loại hợp đồng (SX/DV/TM),"API này truy xuất giá trị hợp đồng ký mới theo loại doanh thu (SX/DV/TM) dựa trên ngày được chỉ định và mã phòng ban cung cấp. Nó trả về tổng giá trị, giá trị chi tiết theo từng loại doanh thu cùng với phần trăm và đơn vị tiền tệ.",- Giá trị hợp đồng ký mới theo Loại doanh thu trong tháng 12/2025 của TTPMVT là bao nhiêu,"{
  ""request"": {
    ""method"": ""POST"",
    ""path"": ""/api/v1/dashboard/business-management/KD-016"",
    ""content_type"": ""application/json"",
    ""query"": ""{}"",
    ""body"": ""['toDate', 'organization']""
  },
  ""example_call"": [
    {
      ""url_endpoint"": ""{{base_url}}/api/v1/dashboard/business-management/KD-016"",
      ""query"": ""{}"",
      ""body"": ""{\n \""toDate\"": \""2025-04-19\"",\n \""organization\"": [\""VTIT\""]\n}""
    }
  ],
  ""required_params"": [
    {
      ""name"": ""toDate"",
      ""type"": ""Date(yyyy-mm-dd)"",
      ""description"": ""đến ngày""
    },
    {
      ""name"": ""organization"",
      ""type"": ""List<String>"",
      ""description"": ""Danh sách code phòng ban. Nếu query không đề cập đến tên phòng ban -> trả về []""
    }
  ],
  ""optional_params"": [],
  ""response_schema"": {
    ""chartData"": {
      ""type"": ""List<Object>"",
      ""description"": ""Dữ liệu chi tiết cho biểu đồ""
    },
    ""label"": {
      ""type"": ""String"",
      ""description"": ""Nhãn chính của biểu đồ""
    },
    ""normValue"": {
      ""type"": ""BigDecimal"",
      ""description"": ""Giá trị tham chiếu/định mức""
    },
    ""percent"": {
      ""type"": ""BigDecimal"",
      ""description"": ""Tỷ lệ phần trăm tổng""
    },
    ""subData"": {
      ""type"": ""List<Object>"",
      ""description"": ""Dữ liệu phụ cho biểu đồ""
    },
    ""totalValue"": {
      ""type"": ""BigDecimal"",
      ""description"": ""Tổng giá trị""
    }
  },
  ""structured_output"": {},
  ""allow_empty_result"": false
}"
get_new_contract_value_by_period_by_unit,Lấy thông tin giá trị hợp đồng ký mới theo chu kỳ (ngày/tuần/tháng/quý/năm) theo đơn vị,"API này truy vấn các chỉ số về giá trị hợp đồng ký mới của công ty (VTIT). API trả về giá trị hiện tại, các giá trị lũy kế, kế hoạch và tỷ lệ hoàn thành của hợp đồng theo ngày, tháng, quý, năm.",- Giá trị hợp đồng ký mới trong tháng 11/2025 của công ty là bao nhiêu,"{
  ""request"": {
    ""method"": ""GET"",
    ""path"": ""/api/v1/dashboard/business-management/KD-017?summaryDate=2025-05-06&organizationCode=VTIT&targetCode=DT"",
    ""content_type"": ""application/json"",
    ""query"": ""{}"",
    ""body"": ""{}""
  },
  ""example_call"": [
    {
      ""url_endpoint"": ""{{base_url}}/api/v1/dashboard/business-management/KD-017?summaryDate=2025-05-06&organizationCode=VTIT&targetCode=DT"",
      ""query"": ""{}"",
      ""body"": ""{}""
    }
  ],
  ""required_params"": [
    {
      ""name"": ""summaryDate"",
      ""type"": ""Date(yyyy-mm-dd)"",
      ""description"": ""đến ngày""
    },
    {
      ""name"": ""targetCode"",
      ""type"": ""String"",
      ""description"": ""mã api""
    },
    {
      ""name"": ""organizationCode"",
      ""type"": ""String"",
      ""description"": ""Tên phòng ban""
    }
  ],
  ""optional_params"": [],
  ""response_schema"": {
    ""organizationCode"": {
      ""type"": ""String"",
      ""description"": ""Mã đơn vị tổ chức""
    },
    ""organizationName"": {
      ""type"": ""String"",
      ""description"": ""Tên đơn vị tổ chức""
    },
    ""targetName"": {
      ""type"": ""String"",
      ""description"": ""Tên mục tiêu""
    },
    ""targetCode"": {
      ""type"": ""String"",
      ""description"": ""Mã mục tiêu""
    },
    ""monthYear"": {
      ""type"": ""Date(yyyy-mm-dd)"",
      ""description"": ""Thời gian theo tháng""
    },
    ""summaryDate"": {
      ""type"": ""Date(yyyy-mm-dd)"",
      ""description"": ""Ngày tổng hợp dữ liệu""
    },
    ""performDayAccumulated"": {
      ""type"": ""BigDecimal"",
      ""description"": ""Lũy kế thực hiện đến ngày hiện tại""
    },
    ""performMonthAccumulated"": {
      ""type"": ""BigDecimal"",
      ""description"": ""Lũy kế thực hiện đến hiện tại trong tháng""
    },
    ""performQuarterAccumulated"": {
      ""type"": ""BigDecimal"",
      ""description"": ""Lũy kế thực hiện trong quý""
    },
    ""performYearAccumulated"": {
      ""type"": ""BigDecimal"",
      ""description"": ""Lũy kế thực hiện trong năm""
    },
    ""planMonth"": {
      ""type"": ""BigDecimal"",
      ""description"": ""Kế hoạch tháng""
    },
    ""value"": {
      ""type"": ""BigDecimal"",
      ""description"": ""Giá trị hiện tại của chỉ tiêu""
    },
    ""dataPeriodId"": {
      ""type"": ""BigDecimal"",
      ""description"": ""ID định danh cho chu kỳ dữ liệu""
    },
    ""performancePercentage"": {
      ""type"": ""BigDecimal"",
      ""description"": ""Tỷ lệ hoàn thành tháng hiện tại so với kế hoạch tháng (%)""
    },
    ""performancePercentageColor"": {
      ""type"": ""BigDecimal"",
      ""description"": ""Màu sắc hiển thị tương ứng với mức độ hoàn thành""
    },
    ""performMonthAccumulatedMonthMinus"": {
      ""type"": ""BigDecimal"",
      ""description"": ""Lũy kế thực hiện tháng liền trước""
    },
    ""performancePercentageMonthMinus"": {
      ""type"": ""BigDecimal"",
      ""description"": ""% chênh lệch giữa tháng hiện tại và tháng trước""
    },
    ""performancePercentageMonthMinusColor"": {
      ""type"": ""BigDecimal"",
      ""description"": ""Màu sắc % chênh lệch giữa tháng hiện tại và tháng trước""
    },
    ""planMonthMinus"": {
      ""type"": ""BigDecimal"",
      ""description"": ""Kế hoạch tháng trước""
    },
    ""performancePercentagePlanMonthMinus"": {
      ""type"": ""BigDecimal"",
      ""description"": ""% hoàn thành kế hoạch tháng trước""
    },
    ""performancePercentagePlanMonthMinusColor"": {
      ""type"": ""BigDecimal"",
      ""description"": ""Màu sắc % hoàn thành kế hoạch tháng trước""
    },
    ""performMonthAccumulatedYearMinus"": {
      ""type"": ""BigDecimal"",
      ""description"": ""Lũy kế thực hiện cùng kỳ năm trước""
    },
    ""performancePercentageYearMinus"": {
      ""type"": ""BigDecimal"",
      ""description"": ""% chênh lệch giữa năm hiện tại và năm trước cùng kỳ""
    },
    ""performancePercentageYearMinusColor"": {
      ""type"": ""BigDecimal"",
      ""description"": ""Màu sắc % chênh lệch giữa năm hiện tại và năm trước cùng kỳ""
    },
    ""performancePercentagePlanYearMinus"": {
      ""type"": ""BigDecimal"",
      ""description"": ""% hoàn thành kế hoạch năm trước""
    },
    ""performancePercentagePlanYearMinusColor"": {
      ""type"": ""BigDecimal"",
      ""description"": ""Màu sắc % hoàn thành kế hoạch năm trước""
    },
    ""planYear"": {
      ""type"": ""BigDecimal"",
      ""description"": ""Kế hoạch cả năm""
    },
    ""performancePercentageYear"": {
      ""type"": ""BigDecimal"",
      ""description"": ""% chênh lệch so với năm hiện tại""
    },
    ""performancePercentageYearColor"": {
      ""type"": ""BigDecimal"",
      ""description"": ""Màu sắc % chênh lệch so với năm hiện tại""
    },
    ""performancePercentagePlanYear"": {
      ""type"": ""BigDecimal"",
      ""description"": ""% thực hiện so với kế hoạch năm hiện tại""
    },
    ""performancePercentagePlanYearColor"": {
      ""type"": ""BigDecimal"",
      ""description"": ""Màu sắc % thực hiện so với kế hoạch năm hiện tại""
    },
    ""performancePercentagePlanQuarter"": {
      ""type"": ""BigDecimal"",
      ""description"": ""% thực hiện so với kế hoạch quý hiện tại""
    },
    ""performancePercentagePlanQuarterColor"": {
      ""type"": ""BigDecimal"",
      ""description"": ""Màu sắc % thực hiện so với kế hoạch quý hiện tại""
    },
    ""performancePercentageQuarter"": {
      ""type"": ""BigDecimal"",
      ""description"": ""% chênh lệch thực hiện quý so với cùng kỳ năm trước""
    },
    ""performancePercentageQuarterColor"": {
      ""type"": ""BigDecimal"",
      ""description"": ""Màu sắc % chênh lệch thực hiện quý so với cùng kỳ năm trước""
    },
    ""planQuarter"": {
      ""type"": ""BigDecimal"",
      ""description"": ""Kế hoạch quý""
    },
    ""performPercentageCompareMinusYear"": {
      ""type"": ""BigDecimal"",
      ""description"": ""% chênh lệch quý hiện tại với quý cùng kỳ năm trước""
    },
    ""performancePercentageQuarterYearMinus"": {
      ""type"": ""BigDecimal"",
      ""description"": ""So sánh phần trăm thực hiện hiện tại với cùng kỳ năm trước""
    },
    ""performAverage"": {
      ""type"": ""BigDecimal"",
      ""description"": ""Giá trị trung bình thực hiện""
    },
    ""unit"": {
      ""type"": ""String"",
      ""description"": ""Đơn vị tiền tệ""
    }
  },
  ""structured_output"": {},
  ""allow_empty_result"": false
}"
get_new_contract_value_by_unit_bu_level,Lấy thông tin giá trị hợp đồng ký mới theo đơn vị (Cấp BU),"API này dùng để truy xuất dữ liệu về giá trị hợp đồng ký mới theo đơn vị, phòng/ban. Nó trả về các chỉ số lũy kế, kế hoạch và tỷ lệ hoàn thành liên quan đến giá trị này, dựa trên ngày tổng hợp và mã đơn vị được cung cấp.",- Giá trị hợp đồng ký mới trong tháng 4/2025 của TTPMTCS là bao nhiêu,"{
  ""request"": {
    ""method"": ""GET"",
    ""path"": ""/api/v1/dashboard/business-management/KD-063?summaryDate=2025-05-06&organizationCode=VTIT&targetCode=GTHĐKM"",
    ""content_type"": ""application/json"",
    ""query"": ""{}"",
    ""body"": ""{}""
  },
  ""example_call"": [
    {
      ""url_endpoint"": ""{{base_url}}/api/v1/dashboard/business-management/KD-063?summaryDate=2025-05-06&organizationCode=VTIT&targetCode=GTHĐKM"",
      ""query"": ""{}"",
      ""body"": ""{}""
    }
  ],
  ""required_params"": [
    {
      ""name"": ""summaryDate"",
      ""type"": ""Date(yyyy-mm-dd)"",
      ""description"": ""đến ngày""
    },
    {
      ""name"": ""targetCode"",
      ""type"": ""String"",
      ""description"": ""mã api""
    },
    {
      ""name"": ""organizationCode"",
      ""type"": ""String"",
      ""description"": ""Tên phòng ban""
    }
  ],
  ""optional_params"": [],
  ""response_schema"": {
    ""organizationCode"": {
      ""type"": ""String"",
      ""description"": ""Mã đơn vị tổ chức""
    },
    ""organizationName"": {
      ""type"": ""String"",
      ""description"": ""Tên đơn vị tổ chức""
    },
    ""targetName"": {
      ""type"": ""String"",
      ""description"": ""Tên mục tiêu""
    },
    ""targetCode"": {
      ""type"": ""String"",
      ""description"": ""Mã mục tiêu""
    },
    ""monthYear"": {
      ""type"": ""Date(yyyy-mm-dd)"",
      ""description"": ""Thời gian theo tháng""
    },
    ""summaryDate"": {
      ""type"": ""Date(yyyy-mm-dd)"",
      ""description"": ""Ngày tổng hợp dữ liệu""
    },
    ""performDayAccumulated"": {
      ""type"": ""BigDecimal"",
      ""description"": ""Lũy kế thực hiện đến ngày hiện tại""
    },
    ""performMonthAccumulated"": {
      ""type"": ""BigDecimal"",
      ""description"": ""Lũy kế thực hiện đến hiện tại trong tháng""
    },
    ""performQuarterAccumulated"": {
      ""type"": ""BigDecimal"",
      ""description"": ""Lũy kế thực hiện trong quý""
    },
    ""performYearAccumulated"": {
      ""type"": ""BigDecimal"",
      ""description"": ""Lũy kế thực hiện trong năm""
    },
    ""planMonth"": {
      ""type"": ""BigDecimal"",
      ""description"": ""Kế hoạch tháng""
    },
    ""value"": {
      ""type"": ""BigDecimal"",
      ""description"": ""Giá trị hiện tại của chỉ tiêu""
    },
    ""dataPeriodId"": {
      ""type"": ""BigDecimal"",
      ""description"": ""ID định danh cho chu kỳ dữ liệu""
    },
    ""performancePercentage"": {
      ""type"": ""BigDecimal"",
      ""description"": ""Tỷ lệ hoàn thành tháng hiện tại so với kế hoạch tháng (%)""
    },
    ""performancePercentageColor"": {
      ""type"": ""BigDecimal"",
      ""description"": ""Màu sắc hiển thị tương ứng với mức độ hoàn thành""
    },
    ""performMonthAccumulatedMonthMinus"": {
      ""type"": ""BigDecimal"",
      ""description"": ""Lũy kế thực hiện tháng liền trước""
    },
    ""performancePercentageMonthMinus"": {
      ""type"": ""BigDecimal"",
      ""description"": ""% chênh lệch giữa tháng hiện tại và tháng trước""
    },
    ""performancePercentageMonthMinusColor"": {
      ""type"": ""BigDecimal"",
      ""description"": ""Màu sắc % chênh lệch giữa tháng hiện tại và tháng trước""
    },
    ""planMonthMinus"": {
      ""type"": ""BigDecimal"",
      ""description"": ""Kế hoạch tháng trước""
    },
    ""performancePercentagePlanMonthMinus"": {
      ""type"": ""BigDecimal"",
      ""description"": ""% hoàn thành kế hoạch tháng trước""
    },
    ""performancePercentagePlanMonthMinusColor"": {
      ""type"": ""BigDecimal"",
      ""description"": ""Màu sắc % hoàn thành kế hoạch tháng trước""
    },
    ""performMonthAccumulatedYearMinus"": {
      ""type"": ""BigDecimal"",
      ""description"": ""Lũy kế thực hiện cùng kỳ năm trước""
    },
    ""performancePercentageYearMinus"": {
      ""type"": ""BigDecimal"",
      ""description"": ""% chênh lệch giữa năm hiện tại và năm trước cùng kỳ""
    },
    ""performancePercentageYearMinusColor"": {
      ""type"": ""BigDecimal"",
      ""description"": ""Màu sắc % chênh lệch giữa năm hiện tại và năm trước cùng kỳ""
    },
    ""performancePercentagePlanYearMinus"": {
      ""type"": ""BigDecimal"",
      ""description"": ""% hoàn thành kế hoạch năm trước""
    },
    ""performancePercentagePlanYearMinusColor"": {
      ""type"": ""BigDecimal"",
      ""description"": ""Màu sắc % hoàn thành kế hoạch năm trước""
    },
    ""planYear"": {
      ""type"": ""BigDecimal"",
      ""description"": ""Kế hoạch cả năm""
    },
    ""performancePercentageYear"": {
      ""type"": ""BigDecimal"",
      ""description"": ""% chênh lệch so với năm hiện tại""
    },
    ""performancePercentageYearColor"": {
      ""type"": ""BigDecimal"",
      ""description"": ""Màu sắc % chênh lệch so với năm hiện tại""
    },
    ""performancePercentagePlanYear"": {
      ""type"": ""BigDecimal"",
      ""description"": ""% thực hiện so với kế hoạch năm hiện tại""
    },
    ""performancePercentagePlanYearColor"": {
      ""type"": ""BigDecimal"",
      ""description"": ""Màu sắc % thực hiện so với kế hoạch năm hiện tại""
    },
    ""performancePercentagePlanQuarter"": {
      ""type"": ""BigDecimal"",
      ""description"": ""% thực hiện so với kế hoạch quý hiện tại""
    },
    ""performancePercentagePlanQuarterColor"": {
      ""type"": ""BigDecimal"",
      ""description"": ""Màu sắc % thực hiện so với kế hoạch quý hiện tại""
    },
    ""performancePercentageQuarter"": {
      ""type"": ""BigDecimal"",
      ""description"": ""% chênh lệch thực hiện quý so với cùng kỳ năm trước""
    },
    ""performancePercentageQuarterColor"": {
      ""type"": ""BigDecimal"",
      ""description"": ""Màu sắc % chênh lệch thực hiện quý so với cùng kỳ năm trước""
    },
    ""planQuarter"": {
      ""type"": ""BigDecimal"",
      ""description"": ""Kế hoạch quý""
    },
    ""performPercentageCompareMinusYear"": {
      ""type"": ""BigDecimal"",
      ""description"": ""% chênh lệch quý hiện tại với quý cùng kỳ năm trước""
    },
    ""performancePercentageQuarterYearMinus"": {
      ""type"": ""BigDecimal"",
      ""description"": ""So sánh phần trăm thực hiện hiện tại với cùng kỳ năm trước""
    },
    ""performAverage"": {
      ""type"": ""BigDecimal"",
      ""description"": ""Giá trị trung bình thực hiện""
    },
    ""unit"": {
      ""type"": ""String"",
      ""description"": ""Đơn vị tiền tệ""
    }
  },
  ""structured_output"": {},
  ""allow_empty_result"": false
}"
get_average_unit_price_by_company_bu_by_period,Lấy thông tin đơn giá bình quân Công ty/BU theo chu kỳ (ngày/tuần/tháng/quý/năm),"API này truy xuất dữ liệu đơn giá bình quân của Công ty và các Đơn vị kinh doanh (BU) theo thời gian. Dữ liệu phản hồi bao gồm nhãn thời gian, phần trăm, tổng giá trị công ty và giá trị thực hiện của từng Đơn vị kinh doanh.","- Trong tháng 12/2025, Đơn giá bình quân theo TTPMVT là bao nhiêu Tr đồng","{
  ""request"": {
    ""method"": ""POST"",
    ""path"": ""/api/v1/dashboard/business-management/KD-025"",
    ""content_type"": ""application/json"",
    ""query"": ""{}"",
    ""body"": ""['toDate', 'organization']""
  },
  ""example_call"": [
    {
      ""url_endpoint"": ""{{base_url}}/api/v1/dashboard/business-management/KD-025"",
      ""query"": ""{}"",
      ""body"": ""{\n \""toDate\"": \""2025-09-16\"",\n \""organization\"": [\""VTIT\""]\n}""
    }
  ],
  ""required_params"": [
    {
      ""name"": ""toDate"",
      ""type"": ""Date(yyyy-mm-dd)"",
      ""description"": ""đến ngày""
    },
    {
      ""name"": ""fromDate"",
      ""type"": ""Date(yyyy-mm-dd)"",
      ""description"": ""Từ ngày""
    }
  ],
  ""optional_params"": [
    {
      ""name"": ""organization"",
      ""type"": ""List<String>"",
      ""description"": ""Danh sách code phòng ban. Nếu query không đề cập đến tên phòng ban -> trả về []""
    }
  ],
  ""response_schema"": {
    ""label"": {
      ""type"": ""String"",
      ""description"": ""Nhãn theo tháng năm""
    },
    ""totalCount"": {
      ""type"": ""Long"",
      ""description"": ""Tổng số bản ghi""
    },
    ""totalExecuted"": {
      ""type"": ""BigDecimal"",
      ""description"": ""Tổng số sản xuất thực hiện""
    },
    ""totalPlan"": {
      ""type"": ""BigDecimal"",
      ""description"": ""Tổng số kế hoạch sản xuất""
    },
    ""totalValue"": {
      ""type"": ""BigDecimal"",
      ""description"": ""tổng giá trị công ty""
    },
    ""ttcndt"": {
      ""type"": ""BigDecimal"",
      ""description"": ""Giá trị ttcndt""
    },
    ""ttpmcds"": {
      ""type"": ""BigDecimal"",
      ""description"": ""Giá trị ttpmcds""
    },
    ""ttpmcnm"": {
      ""type"": ""BigDecimal"",
      ""description"": ""Giá trị ttpmcnm""
    },
    ""ttpmqt"": {
      ""type"": ""BigDecimal"",
      ""description"": ""Giá trị ttpmqt""
    },
    ""ttpmtcs"": {
      ""type"": ""BigDecimal"",
      ""description"": ""Giá trị ttpmtcs""
    },
    ""ttpmvt"": {
      ""type"": ""BigDecimal"",
      ""description"": ""Giá trị ttpmvt""
    }
  },
  ""structured_output"": {},
  ""allow_empty_result"": false
}"
get_profit_before_tax,Lấy thông tin LNTT,"API này truy xuất dữ liệu Lợi nhuận trước thuế (LNTT) của công ty dựa trên một ngày kết thúc (`toDate` yêu cầu). API trả về giá trị thực hiện, giá trị kế hoạch, tỷ lệ thực hiện so với kế hoạch và tỷ lệ tăng/giảm so với cùng kỳ năm trước cho chỉ số lợi nhuận trước thuế.",- Trong năm 2025 thì Lợi nhuận trước thuế theo thời gian của cả công ty là bao nhiêu Tr đồng,"{
  ""request"": {
    ""method"": ""POST"",
    ""path"": ""/api/v1/dashboard/profitability/TC-011"",
    ""content_type"": ""application/json"",
    ""query"": ""{}"",
    ""body"": ""['toDate', 'organization']""
  },
  ""example_call"": [
    {
      ""url_endpoint"": ""{{base_url}}/api/v1/dashboard/profitability/TC-011"",
      ""query"": ""{}"",
      ""body"": ""{\n \""fromDate\"": \""2025-01-01\"",\n \""toDate\"": \""2025-12-31\"",\n \""organization\"": [\""VTIT\""],\n \""type\"": 3\n}""
    }
  ],
  ""required_params"": [
    {
      ""name"": ""toDate"",
      ""type"": ""Date(yyyy-mm-dd)"",
      ""description"": ""đến ngày""
    },
    {
      ""name"": ""fromDate"",
      ""type"": ""Date(yyyy-mm-dd)"",
      ""description"": ""từ ngày""
    },
    {
      ""name"": ""organization"",
      ""type"": ""List<String>"",
      ""description"": ""Danh sách code phòng ban. Nếu query không đề cập đến tên phòng ban -> trả về []""
    },
    {
      ""name"": ""type"",
      ""type"": ""Integer"",
      ""description"": ""DAY(1), WEEK(2), MONTH(3), QUATER(4), YEAR(5);""
    }
  ],
  ""optional_params"": [],
  ""response_schema"": {
    ""label"": {
      ""type"": ""String"",
      ""description"": ""Nhãn theo thời gian""
    },
    ""executed"": {
      ""type"": ""BigDecimal"",
      ""description"": ""giá trị thực hiện""
    },
    ""plan"": {
      ""type"": ""BigDecimal"",
      ""description"": ""giá trị kế hoạch""
    },
    ""subLabel"": {
      ""type"": ""String"",
      ""description"": ""nhãn cha""
    },
    ""yoYExecutedPercent"": {
      ""type"": ""BigDecimal"",
      ""description"": ""Tỷ lệ tăng/giảm so với cùng kỳ năm trước""
    },
    ""lastYearExecuted"": {
      ""type"": ""BigDecimal"",
      ""description"": ""Giá trị thực hiện của tháng tương ứng trong năm trước""
    },
    ""lastYearExecutedUnit"": {
      ""type"": ""String"",
      ""description"": ""Đơn vị của lastYearExecuted""
    },
    ""executedPercent"": {
      ""type"": ""BigDecimal"",
      ""description"": ""Tỷ lệ thực hiện so với kế hoạch""
    },
    ""executedUnit"": {
      ""type"": ""String"",
      ""description"": ""Đơn vị của executed""
    },
    ""planUnit"": {
      ""type"": ""String"",
      ""description"": ""Đơn vị của plan""
    }
  },
  ""structured_output"": {},
  ""allow_empty_result"": false
}"
get_pbt_ratio_vs_annual_plan,Lấy thông tin tỷ lệ LNTT so với Kế hoạch năm,"API này truy xuất tỷ lệ lợi nhuận trước thuế so với kế hoạch năm dựa trên ngày cung cấp (`toDate`). API trả về giá trị tỷ lệ phần trăm, số lợi nhuận kế hoạch và số lợi nhuận thực hiện.","- Trong Q2/2025 - Q4/2025, thì Tỷ lệ LNTT thực hiện so với Kế hoạch năm của công ty là bao nhiêu %","{
  ""request"": {
    ""method"": ""POST"",
    ""path"": ""/api/v1/dashboard/profitability/TC-013"",
    ""content_type"": ""application/json"",
    ""query"": ""{}"",
    ""body"": ""['toDate', 'organization']""
  },
  ""example_call"": [
    {
      ""url_endpoint"": ""{{base_url}}/api/v1/dashboard/profitability/TC-013"",
      ""query"": ""{}"",
      ""body"": ""{\n \""fromDate\"": \""2025-01-01\"",\n \""toDate\"": \""2025-05-26\"",\n \""organization\"": [\""VTIT\""]\n}""
    }
  ],
  ""required_params"": [
    {
      ""name"": ""toDate"",
      ""type"": ""Date(yyyy-mm-dd)"",
      ""description"": ""đến ngày""
    },
    {
      ""name"": ""fromDate"",
      ""type"": ""Date(yyyy-mm-dd)"",
      ""description"": ""từ ngày""
    }
  ],
  ""optional_params"": [
    {
      ""name"": ""organization"",
      ""type"": ""List<String>"",
      ""description"": ""Danh sách phòng ban. Nếu query không đề cập đến tên phòng ban -> trả về []""
    }
  ],
  ""response_schema"": {
    ""percent"": {
      ""type"": ""BigDecimal"",
      ""description"": ""tỉ lệ sản xuất kết quả so với kế hoạch""
    },
    ""plan"": {
      ""type"": ""BigDecimal"",
      ""description"": ""Số sản xuất kế hoạch""
    },
    ""executed"": {
      ""type"": ""BigDecimal"",
      ""description"": ""Số sản xuất kết quả""
    }
  },
  ""structured_output"": {},
  ""allow_empty_result"": false
}"
get_actual_gross_profit_by_unit_by_period,Lấy thông tin lợi nhuận gộp thực hiện theo đơn vị theo chu kỳ (ngày/tuần/tháng/quý/năm),"API này truy xuất dữ liệu lợi nhuận gộp cho công ty (VTIT) đến một ngày tổng hợp được chỉ định. Nó trả về các chỉ số về lợi nhuận gộp thực hiện, kế hoạch và các tỷ lệ so sánh theo ngày, tháng, quý, năm.","-Trong T5/2025, thì lợi nhuận gộp của công ty là bao nhiêu Tr đồng","{
  ""request"": {
    ""method"": ""GET"",
    ""path"": ""/api/v1/dashboard/profitability/TC-032?summaryDate=2025-05-26&organizationCode=VTIT&targetCode=LNG"",
    ""content_type"": ""application/json"",
    ""query"": ""{}"",
    ""body"": ""{}""
  },
  ""example_call"": [
    {
      ""url_endpoint"": ""{{base_url}}/api/v1/dashboard/profitability/TC-032?summaryDate=2025-05-26&organizationCode=VTIT&targetCode=LNG"",
      ""query"": ""{}"",
      ""body"": ""{}""
    }
  ],
  ""required_params"": [
    {
      ""name"": ""summaryDate"",
      ""type"": ""Date(yyyy-mm-dd)"",
      ""description"": ""đến ngày""
    },
    {
      ""name"": ""targetCode"",
      ""type"": ""String"",
      ""description"": ""mã chỉ tiêu""
    },
    {
      ""name"": ""organizationCode"",
      ""type"": ""String"",
      ""description"": ""Tên phòng ban""
    }
  ],
  ""optional_params"": [],
  ""response_schema"": {
    ""organizationCode"": {
      ""type"": ""String"",
      ""description"": ""Mã đơn vị tổ chức""
    },
    ""organizationName"": {
      ""type"": ""String"",
      ""description"": ""Tên đơn vị tổ chức""
    },
    ""targetName"": {
      ""type"": ""String"",
      ""description"": ""Tên mục tiêu""
    },
    ""targetCode"": {
      ""type"": ""String"",
      ""description"": ""Mã mục tiêu""
    },
    ""monthYear"": {
      ""type"": ""Date(yyyy-mm-dd)"",
      ""description"": ""Thời gian theo tháng""
    },
    ""summaryDate"": {
      ""type"": ""Date(yyyy-mm-dd)"",
      ""description"": ""Ngày tổng hợp dữ liệu""
    },
    ""performDayAccumulated"": {
      ""type"": ""BigDecimal"",
      ""description"": ""Lũy kế thực hiện đến ngày hiện tại""
    },
    ""performMonthAccumulated"": {
      ""type"": ""BigDecimal"",
      ""description"": ""Lũy kế thực hiện đến hiện tại trong tháng""
    },
    ""performQuarterAccumulated"": {
      ""type"": ""BigDecimal"",
      ""description"": ""Lũy kế thực hiện trong quý""
    },
    ""performYearAccumulated"": {
      ""type"": ""BigDecimal"",
      ""description"": ""Lũy kế thực hiện trong năm""
    },
    ""planMonth"": {
      ""type"": ""BigDecimal"",
      ""description"": ""Kế hoạch tháng""
    },
    ""value"": {
      ""type"": ""BigDecimal"",
      ""description"": ""Giá trị hiện tại của chỉ tiêu""
    },
    ""dataPeriodId"": {
      ""type"": ""BigDecimal"",
      ""description"": ""ID định danh cho chu kỳ dữ liệu""
    },
    ""performancePercentage"": {
      ""type"": ""BigDecimal"",
      ""description"": ""Tỷ lệ hoàn thành tháng hiện tại so với kế hoạch tháng (%)""
    },
    ""performancePercentageColor"": {
      ""type"": ""BigDecimal"",
      ""description"": ""Màu sắc hiển thị tương ứng với mức độ hoàn thành""
    },
    ""performMonthAccumulatedMonthMinus"": {
      ""type"": ""BigDecimal"",
      ""description"": ""Lũy kế thực hiện tháng liền trước""
    },
    ""performancePercentageMonthMinus"": {
      ""type"": ""BigDecimal"",
      ""description"": ""% chênh lệch giữa tháng hiện tại và tháng trước""
    },
    ""performancePercentageMonthMinusColor"": {
      ""type"": ""BigDecimal"",
      ""description"": ""Màu sắc % chênh lệch giữa tháng hiện tại và tháng trước""
    },
    ""planMonthMinus"": {
      ""type"": ""BigDecimal"",
      ""description"": ""Kế hoạch tháng trước""
    },
    ""performancePercentagePlanMonthMinus"": {
      ""type"": ""BigDecimal"",
      ""description"": ""% hoàn thành kế hoạch tháng trước""
    },
    ""performancePercentagePlanMonthMinusColor"": {
      ""type"": ""BigDecimal"",
      ""description"": ""Màu sắc % hoàn thành kế hoạch tháng trước""
    },
    ""performMonthAccumulatedYearMinus"": {
      ""type"": ""BigDecimal"",
      ""description"": ""Lũy kế thực hiện cùng kỳ năm trước""
    },
    ""performancePercentageYearMinus"": {
      ""type"": ""BigDecimal"",
      ""description"": ""% chênh lệch giữa năm hiện tại và năm trước cùng kỳ""
    },
    ""performancePercentageYearMinusColor"": {
      ""type"": ""BigDecimal"",
      ""description"": ""Màu sắc % chênh lệch giữa năm hiện tại và năm trước cùng kỳ""
    },
    ""performancePercentagePlanYearMinus"": {
      ""type"": ""BigDecimal"",
      ""description"": ""% hoàn thành kế hoạch năm trước""
    },
    ""performancePercentagePlanYearMinusColor"": {
      ""type"": ""BigDecimal"",
      ""description"": ""Màu sắc % hoàn thành kế hoạch năm trước""
    },
    ""planYear"": {
      ""type"": ""BigDecimal"",
      ""description"": ""Kế hoạch cả năm""
    },
    ""performancePercentageYear"": {
      ""type"": ""BigDecimal"",
      ""description"": ""% chênh lệch so với năm hiện tại""
    },
    ""performancePercentageYearColor"": {
      ""type"": ""BigDecimal"",
      ""description"": ""Màu sắc % chênh lệch so với năm hiện tại""
    },
    ""performancePercentagePlanYear"": {
      ""type"": ""BigDecimal"",
      ""description"": ""% thực hiện so với kế hoạch năm hiện tại""
    },
    ""performancePercentagePlanYearColor"": {
      ""type"": ""BigDecimal"",
      ""description"": ""Màu sắc % thực hiện so với kế hoạch năm hiện tại""
    },
    ""performancePercentagePlanQuarter"": {
      ""type"": ""BigDecimal"",
      ""description"": ""% thực hiện so với kế hoạch quý hiện tại""
    },
    ""performancePercentagePlanQuarterColor"": {
      ""type"": ""BigDecimal"",
      ""description"": ""Màu sắc % thực hiện so với kế hoạch quý hiện tại""
    },
    ""performancePercentageQuarter"": {
      ""type"": ""BigDecimal"",
      ""description"": ""% chênh lệch thực hiện quý so với cùng kỳ năm trước""
    },
    ""performancePercentageQuarterColor"": {
      ""type"": ""BigDecimal"",
      ""description"": ""Màu sắc % chênh lệch thực hiện quý so với cùng kỳ năm trước""
    },
    ""planQuarter"": {
      ""type"": ""BigDecimal"",
      ""description"": ""Kế hoạch quý""
    },
    ""performPercentageCompareMinusYear"": {
      ""type"": ""BigDecimal"",
      ""description"": ""% chênh lệch quý hiện tại với quý cùng kỳ năm trước""
    },
    ""performancePercentageQuarterYearMinus"": {
      ""type"": ""BigDecimal"",
      ""description"": ""So sánh phần trăm thực hiện hiện tại với cùng kỳ năm trước""
    },
    ""performAverage"": {
      ""type"": ""BigDecimal"",
      ""description"": ""Giá trị trung bình thực hiện""
    },
    ""unit"": {
      ""type"": ""String"",
      ""description"": ""Đơn vị tiền tệ""
    }
  },
  ""structured_output"": {},
  ""allow_empty_result"": false
}"
get_actual_gross_profit_by_unit_bu,Lấy thông tin lợi nhuận gộp thực hiện theo đơn vị (BU),"API này truy xuất dữ liệu lợi nhuận gộp thực hiện theo đơn vị tổ chức, được tổng hợp đến một ngày cụ thể cho các mã chỉ tiêu và phòng ban được chỉ định. Phản hồi bao gồm các chỉ số lợi nhuận gộp lũy kế, kế hoạch và tỷ lệ hoàn thành theo ngày, tháng, quý và năm.",- Trong tháng 12/2025. lợi nhuận gộp của TTPMVT là bao nhiêu Tr đồng,"{
  ""request"": {
    ""method"": ""GET"",
    ""path"": ""/api/v1/dashboard/profitability/TC-036?summaryDate=2025-05-26&organizationCode=VTIT&targetCode=LNG"",
    ""content_type"": ""application/json"",
    ""query"": ""{}"",
    ""body"": ""{}""
  },
  ""example_call"": [
    {
      ""url_endpoint"": ""{{base_url}}/api/v1/dashboard/profitability/TC-036?summaryDate=2025-05-26&organizationCode=VTIT&targetCode=LNG"",
      ""query"": ""{}"",
      ""body"": ""{}""
    }
  ],
  ""required_params"": [
    {
      ""name"": ""summaryDate"",
      ""type"": ""Date(yyyy-mm-dd)"",
      ""description"": ""đến ngày""
    },
    {
      ""name"": ""targetCode"",
      ""type"": ""String"",
      ""description"": ""mã chỉ tiêu""
    },
    {
      ""name"": ""organizationCode"",
      ""type"": ""List<String>"",
      ""description"": ""Danh sách phòng ban. Nếu query không đề cập đến tên phòng ban -> trả về []""
    }
  ],
  ""optional_params"": [],
  ""response_schema"": {
    ""organizationCode"": {
      ""type"": ""String"",
      ""description"": ""Mã đơn vị tổ chức""
    },
    ""organizationName"": {
      ""type"": ""String"",
      ""description"": ""Tên đơn vị tổ chức""
    },
    ""targetName"": {
      ""type"": ""String"",
      ""description"": ""Tên mục tiêu""
    },
    ""targetCode"": {
      ""type"": ""String"",
      ""description"": ""Mã mục tiêu""
    },
    ""monthYear"": {
      ""type"": ""Date(yyyy-mm-dd)"",
      ""description"": ""Thời gian theo tháng""
    },
    ""summaryDate"": {
      ""type"": ""Date(yyyy-mm-dd)"",
      ""description"": ""Ngày tổng hợp dữ liệu""
    },
    ""performDayAccumulated"": {
      ""type"": ""BigDecimal"",
      ""description"": ""Lũy kế thực hiện đến ngày hiện tại""
    },
    ""performMonthAccumulated"": {
      ""type"": ""BigDecimal"",
      ""description"": ""Lũy kế thực hiện đến hiện tại trong tháng""
    },
    ""performQuarterAccumulated"": {
      ""type"": ""BigDecimal"",
      ""description"": ""Lũy kế thực hiện trong quý""
    },
    ""performYearAccumulated"": {
      ""type"": ""BigDecimal"",
      ""description"": ""Lũy kế thực hiện trong năm""
    },
    ""planMonth"": {
      ""type"": ""BigDecimal"",
      ""description"": ""Kế hoạch tháng""
    },
    ""value"": {
      ""type"": ""BigDecimal"",
      ""description"": ""Giá trị hiện tại của chỉ tiêu""
    },
    ""dataPeriodId"": {
      ""type"": ""BigDecimal"",
      ""description"": ""ID định danh cho chu kỳ dữ liệu""
    },
    ""performancePercentage"": {
      ""type"": ""BigDecimal"",
      ""description"": ""Tỷ lệ hoàn thành tháng hiện tại so với kế hoạch tháng (%)""
    },
    ""performancePercentageColor"": {
      ""type"": ""BigDecimal"",
      ""description"": ""Màu sắc hiển thị tương ứng với mức độ hoàn thành""
    },
    ""performMonthAccumulatedMonthMinus"": {
      ""type"": ""BigDecimal"",
      ""description"": ""Lũy kế thực hiện tháng liền trước""
    },
    ""performancePercentageMonthMinus"": {
      ""type"": ""BigDecimal"",
      ""description"": ""% chênh lệch giữa tháng hiện tại và tháng trước""
    },
    ""performancePercentageMonthMinusColor"": {
      ""type"": ""BigDecimal"",
      ""description"": ""Màu sắc % chênh lệch giữa tháng hiện tại và tháng trước""
    },
    ""planMonthMinus"": {
      ""type"": ""BigDecimal"",
      ""description"": ""Kế hoạch tháng trước""
    },
    ""performancePercentagePlanMonthMinus"": {
      ""type"": ""BigDecimal"",
      ""description"": ""% hoàn thành kế hoạch tháng trước""
    },
    ""performancePercentagePlanMonthMinusColor"": {
      ""type"": ""BigDecimal"",
      ""description"": ""Màu sắc % hoàn thành kế hoạch tháng trước""
    },
    ""performMonthAccumulatedYearMinus"": {
      ""type"": ""BigDecimal"",
      ""description"": ""Lũy kế thực hiện cùng kỳ năm trước""
    },
    ""performancePercentageYearMinus"": {
      ""type"": ""BigDecimal"",
      ""description"": ""% chênh lệch giữa năm hiện tại và năm trước cùng kỳ""
    },
    ""performancePercentageYearMinusColor"": {
      ""type"": ""BigDecimal"",
      ""description"": ""Màu sắc % chênh lệch giữa năm hiện tại và năm trước cùng kỳ""
    },
    ""performancePercentagePlanYearMinus"": {
      ""type"": ""BigDecimal"",
      ""description"": ""% hoàn thành kế hoạch năm trước""
    },
    ""performancePercentagePlanYearMinusColor"": {
      ""type"": ""BigDecimal"",
      ""description"": ""Màu sắc % hoàn thành kế hoạch năm trước""
    },
    ""planYear"": {
      ""type"": ""BigDecimal"",
      ""description"": ""Kế hoạch cả năm""
    },
    ""performancePercentageYear"": {
      ""type"": ""BigDecimal"",
      ""description"": ""% chênh lệch so với năm hiện tại""
    },
    ""performancePercentageYearColor"": {
      ""type"": ""BigDecimal"",
      ""description"": ""Màu sắc % chênh lệch so với năm hiện tại""
    },
    ""performancePercentagePlanYear"": {
      ""type"": ""BigDecimal"",
      ""description"": ""% thực hiện so với kế hoạch năm hiện tại""
    },
    ""performancePercentagePlanYearColor"": {
      ""type"": ""BigDecimal"",
      ""description"": ""Màu sắc % thực hiện so với kế hoạch năm hiện tại""
    },
    ""performancePercentagePlanQuarter"": {
      ""type"": ""BigDecimal"",
      ""description"": ""% thực hiện so với kế hoạch quý hiện tại""
    },
    ""performancePercentagePlanQuarterColor"": {
      ""type"": ""BigDecimal"",
      ""description"": ""Màu sắc % thực hiện so với kế hoạch quý hiện tại""
    },
    ""performancePercentageQuarter"": {
      ""type"": ""BigDecimal"",
      ""description"": ""% chênh lệch thực hiện quý so với cùng kỳ năm trước""
    },
    ""performancePercentageQuarterColor"": {
      ""type"": ""BigDecimal"",
      ""description"": ""Màu sắc % chênh lệch thực hiện quý so với cùng kỳ năm trước""
    },
    ""planQuarter"": {
      ""type"": ""BigDecimal"",
      ""description"": ""Kế hoạch quý""
    },
    ""performPercentageCompareMinusYear"": {
      ""type"": ""BigDecimal"",
      ""description"": ""% chênh lệch quý hiện tại với quý cùng kỳ năm trước""
    },
    ""performancePercentageQuarterYearMinus"": {
      ""type"": ""BigDecimal"",
      ""description"": ""So sánh phần trăm thực hiện hiện tại với cùng kỳ năm trước""
    },
    ""performAverage"": {
      ""type"": ""BigDecimal"",
      ""description"": ""Giá trị trung bình thực hiện""
    },
    ""unit"": {
      ""type"": ""String"",
      ""description"": ""Đơn vị tiền tệ""
    }
  },
  ""structured_output"": {},
  ""allow_empty_result"": false
}"
get_pbt_to_revenue_ratio,Lấy thông tin tỷ suất LNTT/DT,"API này truy xuất thông tin về Tỷ suất Lợi nhuận trước thuế trên Doanh thu (LNTT/DT) của công ty dựa trên ngày được cung cấp (`toDate`). API trả về giá trị thực hiện, giá trị kế hoạch, tỷ lệ thực hiện so với kế hoạch và tỷ lệ tăng/giảm so với cùng kỳ năm trước.","- Trong Q2/2025 - Q4/2025, thì Tỷ suất LNTT/DT theo thời gian của công ty là bao nhiêu %","{
  ""request"": {
    ""method"": ""POST"",
    ""path"": ""/api/v1/dashboard/profitability/TC-012"",
    ""content_type"": ""application/json"",
    ""query"": ""{}"",
    ""body"": ""['fromDate', 'toDate', 'type', 'organization']""
  },
  ""example_call"": [
    {
      ""url_endpoint"": ""{{base_url}}/api/v1/dashboard/profitability/TC-012"",
      ""query"": ""{}"",
      ""body"": ""{\n \""fromDate\"": \""2025-01-01\"",\n \""toDate\"": \""2025-12-31\"",\n \""type\"": 1,\n \""organization\"": [\""VTIT\""]\n}""
    }
  ],
  ""required_params"": [
    {
      ""name"": ""fromDate"",
      ""type"": ""Date(yyyy-mm-dd)"",
      ""description"": ""Từ ngày""
    },
    {
      ""name"": ""toDate"",
      ""type"": ""Date(yyyy-mm-dd)"",
      ""description"": ""Đến ngày""
    },
    {
      ""name"": ""type"",
      ""type"": ""Integer"",
      ""description"": ""DAY(1), WEEK(2), MONTH(3), QUATER(4), YEAR(5);""
    },
    {
      ""name"": ""organization"",
      ""type"": ""List<String>"",
      ""description"": ""Danh sách code phòng ban. Nếu query không đề cập đến tên phòng ban -> trả về []""
    }
  ],
  ""optional_params"": [],
  ""response_schema"": {
    ""label"": {
      ""type"": ""String"",
      ""description"": ""Nhãn theo thời gian""
    },
    ""executed"": {
      ""type"": ""BigDecimal"",
      ""description"": ""giá trị thực hiện""
    },
    ""plan"": {
      ""type"": ""BigDecimal"",
      ""description"": ""giá trị kế hoạch""
    },
    ""subLabel"": {
      ""type"": ""String"",
      ""description"": ""nhãn cha""
    },
    ""yoYExecutedPercent"": {
      ""type"": ""BigDecimal"",
      ""description"": ""Tỷ lệ tăng/giảm so với cùng kỳ năm trước""
    },
    ""lastYearExecuted"": {
      ""type"": ""BigDecimal"",
      ""description"": ""Giá trị thực hiện của tháng tương ứng trong năm trước""
    },
    ""lastYearExecutedUnit"": {
      ""type"": ""String"",
      ""description"": ""Đơn vị của lastYearExecuted""
    },
    ""executedPercent"": {
      ""type"": ""BigDecimal"",
      ""description"": ""Tỷ lệ thực hiện so với kế hoạch""
    },
    ""executedUnit"": {
      ""type"": ""String"",
      ""description"": ""Đơn vị của executed""
    },
    ""planUnit"": {
      ""type"": ""String"",
      ""description"": ""Đơn vị của plan""
    }
  },
  ""structured_output"": {},
  ""allow_empty_result"": false
}"
get_total_ra_by_period,Lấy thông tin tổng số RA theo chu kỳ (ngày/tuần/tháng/quý/năm),"API này truy xuất tổng số Resource Allocation (RA) theo tháng, quý hoặc năm. Phản hồi trả về bao gồm tổng Resource Allocation (`totalRA`) và cột thời gian (`workingPlan`) tương ứng.","- Trong quý 3/2025, tôi muốn xem tổng RA theo thời gian của TTPMTCS là bao nhiêu","{
  ""request"": {
    ""method"": ""POST"",
    ""path"": ""/api/v1/dashboard/ra-report/total-ra"",
    ""content_type"": ""application/json"",
    ""query"": ""{}"",
    ""body"": ""[\n \""dateFilter\"",\n \""fromDate\"",\n \""toDate\"",\n \""type\"",\n \""organization\""\n]""
  },
  ""example_call"": [
    {
      ""url_endpoint"": ""{{base_url}}/api/v1/dashboard/ra-report/total-ra"",
      ""query"": ""{}"",
      ""body"": ""{\n \""dateFilter\"": {\n \""type\"": 5,\n \""values\"": [\n \""2024-12-31\"",\n \""2025-12-31\""\n ],\n \""typeSearch\"": 3\n },\n \""fromDate\"": \""2024-12-31\"",\n \""toDate\"": \""2025-12-31\"",\n \""type\"": 3,\n \""organization\"": []\n}""
    }
  ],
  ""required_params"": [
    {
      ""name"": ""fromDate"",
      ""type"": ""DateTime(yyyy-mm-dd)"",
      ""description"": ""Từ ngày""
    },
    {
      ""name"": ""toDate"",
      ""type"": ""DateTime(yyyy-mm-dd)"",
      ""description"": ""Đến ngày""
    },
    {
      ""name"": ""type"",
      ""type"": ""Integer"",
      ""description"": ""Loại thống kê: DAY(1), WEEK(2), MONTH(3), QUARTER(4), YEAR(5)""
    }
  ],
  ""optional_params"": [
    {
      ""name"": ""organization"",
      ""type"": ""List<String>"",
      ""description"": ""Danh sách đơn vị/phòng ban cần lọc (viết tắt). Nếu query không đề cập đến tên phòng ban -> trả về []""
    }
  ],
  ""response_schema"": {
    ""workingPlan"": {
      ""type"": ""String"",
      ""description"": ""Cột thời gian""
    },
    ""totalRA"": {
      ""type"": ""Double"",
      ""description"": ""Tổng RA""
    }
  },
  ""structured_output"": {},
  ""allow_empty_result"": false
}"
get_total_ra_by_unit,Lấy thông tin tổng số RA theo đơn vị,API này truy xuất tổng số Resource Allocation(RA) theo đơn vị tổ chức. Nó yêu cầu khoảng thời gian cụ thể (từ ngày đến ngày) và trả về tổng số Resource Allocation cho mỗi đơn vị.,"- Trong quý 4/2025, tôi muốn xem tổng RA của TTPMVT là bao nhiêu","{
  ""request"": {
    ""method"": ""POST"",
    ""path"": ""/api/v1/dashboard/ra-report/total-ra-bu"",
    ""content_type"": ""application/json"",
    ""query"": ""{}"",
    ""body"": ""[\n \""dateFilter\"",\n \""fromDate\"",\n \""toDate\"",\n \""type\"",\n \""organization\""\n]""
  },
  ""example_call"": [
    {
      ""url_endpoint"": ""{{base_url}}/api/v1/dashboard/ra-report/total-ra-bu"",
      ""query"": ""{}"",
      ""body"": ""{\n \""dateFilter\"": {\n \""type\"": 3,\n \""values\"": [\n \""2024-12-31\"",\n \""2025-12-31\""\n ],\n \""typeSearch\"": 3\n },\n \""fromDate\"": \""2024-12-31\"",\n \""toDate\"": \""2025-12-31\"",\n \""type\"": 3,\n \""organization\"": []\n}""
    }
  ],
  ""required_params"": [
    {
      ""name"": ""fromDate"",
      ""type"": ""DateTime(yyyy-mm-dd)"",
      ""description"": ""Từ ngày""
    },
    {
      ""name"": ""toDate"",
      ""type"": ""DateTime(yyyy-mm-dd)"",
      ""description"": ""Đến ngày""
    },
    {
      ""name"": ""type"",
      ""type"": ""Integer"",
      ""description"": ""Loại thống kê: DAY(1), WEEK(2), MONTH(3), QUATER(4), YEAR(5);""
    }
  ],
  ""optional_params"": [
    {
      ""name"": ""organization"",
      ""type"": ""List<String>"",
      ""description"": ""Danh sách đơn vị/phòng ban cần lọc (viết tắt). Nếu query không đề cập đến tên phòng ban -> trả về []""
    }
  ],
  ""response_schema"": {
    ""organizationCode"": {
      ""type"": ""String"",
      ""description"": ""Đơn vị""
    },
    ""totalRA"": {
      ""type"": ""Double"",
      ""description"": ""Tổng RA""
    }
  },
  ""structured_output"": {},
  ""allow_empty_result"": false
}"
get_average_leakage_rate_of_projects_by_period,Lấy thông tin điểm bình quân Leakage rate các dự án theo chu kỳ (ngày/tuần/tháng/quý/năm),"API này truy xuất Leakage rate lũy kế theo đơn vị, theo tháng/quý/năm. API yêu cầu tham số `toDate` để xác định phạm vi thời gian và trả về một giá trị kiểu Double là điểm bình quân.",- Trong T11/2025 thì leakage rate lũy kế của TTPMQT là bao nhiêu,"{
  ""request"": {
    ""method"": ""POST"",
    ""path"": ""/api/v1/dashboard/leakage-rate/QA-027"",
    ""content_type"": ""application/json"",
    ""query"": ""{}"",
    ""body"": ""[\n \""fromDate\"",\n \""toDate\"",\n \""organization\"",\n \""projectList\"",\n \""customerList\"",\n \""projectType\"",\n \""projectStatus\"",\n \""sort\"",\n \""standardComparison\""\n]""
  },
  ""example_call"": [
    {
      ""url_endpoint"": ""{{base_url}}/api/v1/dashboard/leakage-rate/QA-027"",
      ""query"": ""{}"",
      ""body"": ""{\n \""fromDate\"": \""2025-07-01\"",\n \""toDate\"": \""2025-07-31\"",\n \""organization\"": [],\n \""projectList\"": [],\n \""customerList\"": [],\n \""projectType\"": [\n \""package\"",\n \""T&M\""\n ],\n \""projectStatus\"": [\n \""closed\"",\n \""in-progress\""\n ],\n \""sort\"": 2,\n \""standardComparison\"": null\n}""
    }
  ],
  ""required_params"": [
    {
      ""name"": ""fromDate"",
      ""type"": ""DateTime(yyyy-mm-dd)"",
      ""description"": ""Từ ngày""
    },
    {
      ""name"": ""toDate"",
      ""type"": ""DateTime(yyyy-mm-dd)"",
      ""description"": ""Đến ngày""
    },
    {
      ""name"": ""projectType"",
      ""type"": ""List<String>"",
      ""description"": ""Danh sách loại dự án (T&M, presales, odc/osdc, package). Nếu query không đề cập đến loại dự án -> trả về []""
    },
    {
      ""name"": ""projectStatus"",
      ""type"": ""List<String>"",
      ""description"": ""Danh sách trạng thái dự án (in-progress, hold, closed, presale, open). Nếu query không đề cập đến trạng thái dự án -> trả về []""
    },
    {
      ""name"": ""sort"",
      ""type"": ""Integer"",
      ""description"": ""Kiểu sắp xếp (VD: 1 - tăng dần, 2 - giảm dần)""
    }
  ],
  ""optional_params"": [
    {
      ""name"": ""organization"",
      ""type"": ""List<String>"",
      ""description"": ""Danh sách phòng ban. Nếu query không đề cập đến tên phòng ban -> trả về []""
    },
    {
      ""name"": ""projectList"",
      ""type"": ""List<Integer>"",
      ""description"": ""Danh sách id dự án. Nếu query không đề cập đến số id dự án -> trả về []""
    },
    {
      ""name"": ""customerList"",
      ""type"": ""List<String>"",
      ""description"": ""Danh sách khách hàng. Nếu query không đề cập đến tên khách hàng -> trả về []""
    },
    {
      ""name"": ""standardComparison"",
      ""type"": ""Any"",
      ""description"": ""Thông tin dùng để so sánh với chuẩn nếu có""
    }
  ],
  ""response_schema"": {
    ""value"": {
      ""type"": ""Double"",
      ""description"": ""Điểm bình quân các dự án theo tháng/quý/năm""
    }
  },
  ""structured_output"": {},
  ""allow_empty_result"": false
}"
get_average_leakage_rate_of_previous_period,Lấy thông tin điềm bình quân Leakage rate kỳ liền kề,API này truy xuất Leakage rate lũy kế của kỳ liền kề dựa trên tham số ngày đến (`toDate`). Kết quả trả về là một giá trị số thực (Double) đại diện cho điểm leakage rate kỳ liền kề.,- Trong T11/2025 thì leakage rate lũy kế liền kề của TTPMQT là bao nhiêu,"{
  ""request"": {
    ""method"": ""POST"",
    ""path"": ""/api/v1/dashboard/leakage-rate/QA-028"",
    ""content_type"": ""application/json"",
    ""query"": ""{}"",
    ""body"": ""[\n \""fromDate\"",\n \""toDate\"",\n \""organization\"",\n \""projectList\"",\n \""customerList\"",\n \""projectType\"",\n \""projectStatus\"",\n \""sort\"",\n \""standardComparison\""\n]""
  },
  ""example_call"": [
    {
      ""url_endpoint"": ""{{base_url}}/api/v1/dashboard/leakage-rate/QA-028"",
      ""query"": ""{}"",
      ""body"": ""{\n \""fromDate\"": \""2025-07-01\"",\n \""toDate\"": \""2025-07-31\"",\n \""organization\"": [],\n \""projectList\"": [],\n \""customerList\"": [],\n \""projectType\"": [\n \""package\"",\n \""T&M\""\n ],\n \""projectStatus\"": [\n \""closed\"",\n \""in-progress\""\n ],\n \""sort\"": 2,\n \""standardComparison\"": null\n}""
    }
  ],
  ""required_params"": [
    {
      ""name"": ""fromDate"",
      ""type"": ""Date(yyyy-mm-dd)"",
      ""description"": ""Từ ngày""
    },
    {
      ""name"": ""toDate"",
      ""type"": ""Date(yyyy-mm-dd)"",
      ""description"": ""Đến ngày""
    },
    {
      ""name"": ""projectType"",
      ""type"": ""List<String>"",
      ""description"": ""Danh sách loại dự án (T&M, presales, odc/osdc, package). Nếu query không đề cập đến loại dự án -> trả về []""
    },
    {
      ""name"": ""projectStatus"",
      ""type"": ""List<String>"",
      ""description"": ""Danh sách trạng thái dự án (in-progress, hold, closed, presale, open). Nếu query không đề cập đến trạng thái dự án -> trả về []""
    },
    {
      ""name"": ""sort"",
      ""type"": ""Integer"",
      ""description"": ""Kiểu sắp xếp: 1 - tăng dần, 2 - giảm dần""
    }
  ],
  ""optional_params"": [
    {
      ""name"": ""organization"",
      ""type"": ""List<String>"",
      ""description"": ""Danh sách phòng ban. Nếu query không đề cập đến tên phòng ban -> trả về []""
    },
    {
      ""name"": ""projectList"",
      ""type"": ""List<Integer>"",
      ""description"": ""Danh sách id dự án. Nếu query không đề cập đến số id dự án -> trả về []""
    },
    {
      ""name"": ""customerList"",
      ""type"": ""List<String>"",
      ""description"": ""Danh sách khách hàng. Nếu query không đề cập đến tên khách hàng -> trả về []""
    },
    {
      ""name"": ""standardComparison"",
      ""type"": ""Any"",
      ""description"": ""Thông tin so sánh chuẩn (nếu có)""
    }
  ],
  ""response_schema"": {
    ""value"": {
      ""type"": ""Double"",
      ""description"": ""Điểm bình quân kì liền kề""
    }
  },
  ""structured_output"": {},
  ""allow_empty_result"": false
}"
get_average_defect_rate_of_previous_period,Lấy thông tin điềm bình quân Defect rate kỳ liền kề,API này truy vấn điểm Defect Rate lũy kế của kỳ liền kề. Nó trả về một giá trị `BigDecimal` là điểm Defect Rate kỳ liền kề,- Trong T10/2025 thì defect rate lũy kế kỳ liền kề của TTPMVT là bao nhiêu,"{
  ""request"": {
    ""method"": ""POST"",
    ""path"": ""/api/v1/dashboard/defect-rate/prev"",
    ""content_type"": ""application/json"",
    ""query"": ""{}"",
    ""body"": ""[\n \""fromDate\"",\n \""toDate\"",\n \""organization\"",\n \""projectList\"",\n \""customerList\"",\n \""projectType\"",\n \""projectStatus\"",\n \""sort\"",\n \""standardComparison\""\n]""
  },
  ""example_call"": [
    {
      ""url_endpoint"": ""{{base_url}}/api/v1/dashboard/defect-rate/prev"",
      ""query"": ""{}"",
      ""body"": ""{\n \""fromDate\"": \""2025-07-01\"",\n \""toDate\"": \""2025-07-31\"",\n \""organization\"": [],\n \""projectList\"": [],\n \""customerList\"": [],\n \""projectType\"": [\n \""package\"",\n \""T&M\""\n ],\n \""projectStatus\"": [\n \""closed\"",\n \""in-progress\""\n ],\n \""sort\"": 2,\n \""standardComparison\"": null\n}""
    }
  ],
  ""required_params"": [
    {
      ""name"": ""fromDate"",
      ""type"": ""Date(yyyy-mm-dd)"",
      ""description"": ""Từ ngày""
    },
    {
      ""name"": ""toDate"",
      ""type"": ""Date(yyyy-mm-dd)"",
      ""description"": ""Đến ngày""
    },
    {
      ""name"": ""projectType"",
      ""type"": ""List<String>"",
      ""description"": ""Danh sách loại dự án (T&M, presales, odc/osdc, package). Nếu query không đề cập đến loại dự án -> trả về []""
    },
    {
      ""name"": ""projectStatus"",
      ""type"": ""List<String>"",
      ""description"": ""Danh sách trạng thái dự án (in-progress, hold, closed, presale, open). Nếu query không đề cập đến trạng thái dự án -> trả về []""
    },
    {
      ""name"": ""sort"",
      ""type"": ""Integer"",
      ""description"": ""Kiểu sắp xếp: 1 - tăng dần, 2 - giảm dần""
    }
  ],
  ""optional_params"": [
    {
      ""name"": ""organization"",
      ""type"": ""List<String>"",
      ""description"": ""Danh sách phòng ban. Nếu query không đề cập đến tên phòng ban -> trả về []""
    },
    {
      ""name"": ""projectList"",
      ""type"": ""List<Integer>"",
      ""description"": ""Danh sách ID dự án. Nếu query không đề cập đến số id dự án -> trả về []""
    },
    {
      ""name"": ""customerList"",
      ""type"": ""List<String>"",
      ""description"": ""Danh sách khách hàng. Nếu query không đề cập đến tên khách hàng -> trả về []""
    },
    {
      ""name"": ""standardComparison"",
      ""type"": ""Any"",
      ""description"": ""Thông tin dùng để so sánh với chuẩn nếu có""
    }
  ],
  ""response_schema"": {
    ""value"": {
      ""type"": ""BigDecimal"",
      ""description"": ""Điềm Defect rate lũy kế kỳ liền kề""
    }
  },
  ""structured_output"": {},
  ""allow_empty_result"": false
}"
get_average_defect_rate_of_projects_by_period,Lấy thông tin điểm bình quân Defect rate các dự án theo chu kỳ (ngày/tuần/tháng/quý/năm),API này truy xuất Defect rate lũy kế của các dự án. Nó trả về một giá trị BigDecimal là điểm Defect rate lũy kế.,- Trong T11/2025 thì defect rate lũy kế của TTPMQT là bao nhiêu,"{
  ""request"": {
    ""method"": ""POST"",
    ""path"": ""/api/v1/dashboard/defect-rate/cum"",
    ""content_type"": ""application/json"",
    ""query"": ""{}"",
    ""body"": ""[\n \""fromDate\"",\n \""toDate\"",\n \""organization\"",\n \""projectList\"",\n \""customerList\"",\n \""projectType\"",\n \""projectStatus\"",\n \""sort\"",\n \""standardComparison\""\n]""
  },
  ""example_call"": [
    {
      ""url_endpoint"": ""{{base_url}}/api/v1/dashboard/defect-rate/cum"",
      ""query"": ""{}"",
      ""body"": ""{\n \""fromDate\"": \""2025-07-01\"",\n \""toDate\"": \""2025-07-31\"",\n \""organization\"": [],\n \""projectList\"": [],\n \""customerList\"": [],\n \""projectType\"": [\n \""package\"",\n \""T&M\""\n ],\n \""projectStatus\"": [\n \""closed\"",\n \""in-progress\""\n ],\n \""sort\"": 2,\n \""standardComparison\"": null\n}""
    }
  ],
  ""required_params"": [
    {
      ""name"": ""fromDate"",
      ""type"": ""DateTime(yyyy-mm-dd)"",
      ""description"": ""Từ ngày""
    },
    {
      ""name"": ""toDate"",
      ""type"": ""DateTime(yyyy-mm-dd)"",
      ""description"": ""Đến ngày""
    },
    {
      ""name"": ""projectType"",
      ""type"": ""List<String>"",
      ""description"": ""Danh sách loại dự án (T&M, presales, odc/osdc, package). Nếu query không đề cập đến loại dự án -> trả về []""
    },
    {
      ""name"": ""projectStatus"",
      ""type"": ""List<String>"",
      ""description"": ""Danh sách trạng thái dự án (in-progress, hold, closed, presale, open). Nếu query không đề cập đến trạng thái dự án -> trả về []""
    },
    {
      ""name"": ""sort"",
      ""type"": ""Integer"",
      ""description"": ""Kiểu sắp xếp: 1 - tăng dần, 2 - giảm dần""
    }
  ],
  ""optional_params"": [
    {
      ""name"": ""organization"",
      ""type"": ""List<String>"",
      ""description"": ""Danh sách phòng ban. Nếu query không đề cập đến tên phòng ban -> trả về []""
    },
    {
      ""name"": ""projectList"",
      ""type"": ""List<Integer>"",
      ""description"": ""Danh sách ID dự án. Nếu query không đề cập đến số id dự án -> trả về []""
    },
    {
      ""name"": ""customerList"",
      ""type"": ""List<String>"",
      ""description"": ""Danh sách khách hàng. Nếu query không đề cập đến tên khách hàng -> trả về []""
    },
    {
      ""name"": ""standardComparison"",
      ""type"": ""Any"",
      ""description"": ""Thông tin so sánh với chuẩn (nếu có)""
    }
  ],
  ""response_schema"": {
    ""value"": {
      ""type"": ""BigDecimal"",
      ""description"": ""Điểm Defect rate lũy kế""
    }
  },
  ""structured_output"": {},
  ""allow_empty_result"": false
}"
get_idle_ra_by_bu_role_level,Lấy thông tin RA rảnh rỗi theo BU (Role. level),API này cung cấp dữ liệu về tổng free effort theo resource allocation (RA) phân loại theo vai trò (role).,"- Trong T11/2025, thì chi tiết free effort theo RA role DEV là bao nhiêu MM","{
  ""request"": {
    ""method"": ""POST"",
    ""path"": ""/api/v1/dashboard/ra-report/get-free-effort-bu"",
    ""content_type"": ""application/json"",
    ""query"": ""{}"",
    ""body"": ""[\n \""fromDate\"",\n \""toDate\"",\n \""type\"",\n \""position\"",\n \""organization\""\n]""
  },
  ""example_call"": [
    {
      ""url_endpoint"": ""{{base_url}}/api/v1/dashboard/ra-report/get-free-effort-bu"",
      ""query"": ""{}"",
      ""body"": ""{\n \""fromDate\"": \""2024-12-31\"",\n \""toDate\"": \""2025-12-31\"",\n \""type\"": 3,\n \""position\"": [],\n \""organization\"": []\n}""
    }
  ],
  ""required_params"": [
    {
      ""name"": ""fromDate"",
      ""type"": ""DateTime(yyyy-MM-dd)"",
      ""description"": ""Từ ngày bắt đầu tính effort""
    },
    {
      ""name"": ""toDate"",
      ""type"": ""DateTime(yyyy-MM-dd)"",
      ""description"": ""Đến ngày kết thúc tính effort""
    },
    {
      ""name"": ""type"",
      ""type"": ""Integer"",
      ""description"": ""Kiểu thống kê theo: DAY(1), WEEK(2), MONTH(3), QUATER(4), YEAR(5);""
    }
  ],
  ""optional_params"": [
    {
      ""name"": ""position"",
      ""type"": ""List<String>"",
      ""description"": ""Danh sách vai trò (chức danh). Nếu query không đề cập đến vị trí -> trả về [] ""
    },
    {
      ""name"": ""organization"",
      ""type"": ""List<String>"",
      ""description"": ""Danh sách đơn vị/phòng ban. Nếu query không đề cập đến tên phòng ban -> trả về []""
    }
  ],
  ""response_schema"": {
    ""freeEffort"": {
      ""type"": ""Double"",
      ""description"": ""Tổng free effort""
    },
    ""employeeLevel"": {
      ""type"": ""String"",
      ""description"": ""Tên Level""
    },
    ""employeeRole"": {
      ""type"": ""String"",
      ""description"": ""Tên role""
    },
    ""organizationName"": {
      ""type"": ""String"",
      ""description"": ""Tên phòng ban""
    }
  },
  ""structured_output"": {},
  ""allow_empty_result"": false
}"
get_free_effort_by_company_bu_du_by_period,Lấy thông tin tỉ lệ nhân sự rảnh rỗi (free effort) theo thời gian,"API này truy xuất dữ liệu số `Free effort` (nhân sự rảnh rỗi) theo thời gian theo công ty, BU, DU . Nó yêu cầu ngày bắt đầu và ngày kết thúc, sau đó trả về các chỉ số như tổng `freeRu`, tên thời gian và mã phòng ban.","- Trong T10/2025, cho tôi biết tỉ lệ nhân sự rảnh rỗi theo theo gian của TTPMTCS là bao nhiêu %","{
  ""request"": {
    ""method"": ""POST"",
    ""path"": ""/api/v1/dashboard/ra-report/free-ru"",
    ""content_type"": ""application/json"",
    ""query"": ""{}"",
    ""body"": ""[\n \""fromDate\"",\n \""toDate\"",\n \""type\"",\n \""organization\"",\n \""sort\""\n]""
  },
  ""example_call"": [
    {
      ""url_endpoint"": ""{{base_url}}/api/v1/dashboard/ra-report/free-ru"",
      ""query"": ""{}"",
      ""body"": ""{\n \""fromDate\"": \""2024-12-31\"",\n \""toDate\"": \""2025-12-31\"",\n \""type\"": 3,\n \""organization\"": [],\n \""sort\"": null\n}""
    }
  ],
  ""required_params"": [
    {
      ""name"": ""fromDate"",
      ""type"": ""DateTime(yyyy-MM-dd)"",
      ""description"": ""Ngày bắt đầu thống kê""
    },
    {
      ""name"": ""toDate"",
      ""type"": ""DateTime(yyyy-MM-dd)"",
      ""description"": ""Ngày kết thúc thống kê""
    },
    {
      ""name"": ""type"",
      ""type"": ""Integer"",
      ""description"": ""Kiểu thống kê:DAY(1), WEEK(2), MONTH(3), QUATER(4), YEAR(5);""
    }
  ],
  ""optional_params"": [
    {
      ""name"": ""organization"",
      ""type"": ""List<String>"",
      ""description"": ""Danh sách mã đơn vị (BU, DU). Nếu query không đề cập đến tên phòng ban -> trả về []""
    },
    {
      ""name"": ""sort"",
      ""type"": ""Integer|null"",
      ""description"": ""Thứ tự sắp xếp: ASC(1), DESC(2), hoặc null nếu không sắp""
    }
  ],
  ""response_schema"": {
    ""freeRuMM"": {
      ""type"": ""Double"",
      ""description"": ""Tổng số free effort theo Man-month""
    },
    ""freeRu"": {
      ""type"": ""Double"",
      ""description"": ""Tổng free ru""
    },
    ""workingPlan"": {
      ""type"": ""String"",
      ""description"": ""Tên thời gian""
    },
    ""organization"": {
      ""type"": ""String"",
      ""description"": ""Tên phòng ban""
    },
    ""valueDefault"": {
      ""type"": ""Double"",
      ""description"": ""Giá trị mặc định""
    }
  },
  ""structured_output"": {},
  ""allow_empty_result"": false
}"
get_total_available_production_headcount_by_company_bu,Lấy thông tin tổng nguồn lực khả dụng tham gia sản xuất (Headcount) theo Công ty/BU,"API này truy xuất tổng Resource Allocation, Resource Utilization và Headcount của nguồn lực khả dụng tham gia sản xuất theo đơn vị. API yêu cầu một khoảng thời gian cụ thể và trả về các chỉ số này cùng mã đơn vị tương ứng.","-Trong quý 4/2025, tôi muốn xem Tổng nguồn lực khả dụng SX của TTPMVT là bao nhiêu","{
  ""request"": {
    ""method"": ""POST"",
    ""path"": ""/api/v1/dashboard/ra-report/get-ra-ru-hc"",
    ""content_type"": ""application/json"",
    ""query"": ""{}"",
    ""body"": ""[\n \""dateFilter\"",\n \""fromDate\"",\n \""toDate\"",\n \""type\"",\n \""organization\""\n]""
  },
  ""example_call"": [
    {
      ""url_endpoint"": ""{{base_url}}/api/v1/dashboard/ra-report/get-ra-ru-hc"",
      ""query"": ""{}"",
      ""body"": ""{\n \""dateFilter\"": {\n \""type\"": 5,\n \""values\"": [\n \""2024-12-31\"",\n \""2025-12-31\""\n ],\n \""typeSearch\"": 3\n },\n \""fromDate\"": \""2024-12-31\"",\n \""toDate\"": \""2025-12-31\"",\n \""type\"": 3,\n \""organization\"": []\n}""
    }
  ],
  ""required_params"": [
    {
      ""name"": ""fromDate"",
      ""type"": ""DateTime(yyyy-MM-dd)"",
      ""description"": ""Ngày bắt đầu thống kê""
    },
    {
      ""name"": ""toDate"",
      ""type"": ""DateTime(yyyy-MM-dd)"",
      ""description"": ""Ngày kết thúc thống kê""
    },
    {
      ""name"": ""type"",
      ""type"": ""Integer"",
      ""description"": ""Loại thời gian với: DAY(1), WEEK(2), MONTH(3), QUATER(4), YEAR(5);""
    }
  ],
  ""optional_params"": [
    {
      ""name"": ""organization"",
      ""type"": ""List<String>"",
      ""description"": ""Danh sách mã đơn vị cần thống kê. Nếu query không đề cập đến tên phòng ban -> trả về []""
    }
  ],
  ""response_schema"": {
    ""ra"": {
      ""type"": ""Double"",
      ""description"": ""Tổng RA""
    },
    ""headCount"": {
      ""type"": ""Double"",
      ""description"": ""Tổng head count""
    },
    ""organizationCode"": {
      ""type"": ""String"",
      ""description"": ""Đơn vị""
    },
    ""ru"": {
      ""type"": ""Double"",
      ""description"": ""Tổng RU""
    }
  },
  ""structured_output"": {},
  ""allow_empty_result"": false
}"
get_labor_productivity_report_by_production_revenue,Lấy thông tin năng suất lao động theo Doanh thu sản xuất,"API này truy xuất dữ liệu năng suất lao động theo doanh thu sản xuất, yêu cầu khoảng thời gian (từ ngày, đến ngày) và loại kỳ báo cáo (tháng, quý, hoặc năm). Dữ liệu trả về bao gồm thông tin về năng suất lao động, doanh thu, lao động bình quân, giá trị thực hiện, giá trị kế hoạch và xu hướng theo từng kỳ.","- Trong T12/2025, thì NSLĐ theo doanh thu sản sản xuất của cả công ty là bao nhiêu, NSLĐ theo KH là bao nhiêu Trđ/Người/Tháng, NSLĐ theo TH là bao nhiêu Trđ/Người/Tháng, LĐBQ là bao nhiêu người","{
  ""request"": {
    ""method"": ""POST"",
    ""path"": ""/api/v1/dashboard/productivity/NS-015"",
    ""content_type"": ""application/json"",
    ""query"": ""{}"",
    ""body"": ""['fromDate', 'toDate', 'type']""
  },
  ""example_call"": [
    {
      ""url_endpoint"": ""{{base_url}}/api/v1/dashboard/productivity/NS-015"",
      ""query"": ""{}"",
      ""body"": ""{\n \""fromDate\"": \""2025-01-01\"",\n \""toDate\"": \""2025-06-09\"",\n \""type\"": 4\n}""
    }
  ],
  ""required_params"": [
    {
      ""name"": ""fromDate"",
      ""type"": ""Date(yyyy-mm-dd)"",
      ""description"": ""Từ ngày""
    },
    {
      ""name"": ""toDate"",
      ""type"": ""Date(yyyy-mm-dd)"",
      ""description"": ""đến ngày""
    },
    {
      ""name"": ""type"",
      ""type"": ""Integer"",
      ""description"": ""loại bảng DAY(1), WEEK(2), MONTH(3), QUATER(4), YEAR(5);""
    }
  ],
  ""optional_params"": [
    {
      ""name"": ""organization"",
      ""type"": ""List<String>"",
      ""description"": ""Danh sách mã phòng ban. Nếu query không đề cập đến tên phòng ban -> trả về []""
    }
  ],
  ""response_schema"": {
    ""label"": {
      ""type"": ""String"",
      ""description"": ""Nhãn thời gian theo type nhập vào""
    },
    ""extValue"": {
      ""type"": ""BigDecimal"",
      ""description"": ""Giá trị LĐBQ""
    },
    ""value"": {
      ""type"": ""BigDecimal"",
      ""description"": ""Giá trị doanh thu""
    },
    ""th"": {
      ""type"": ""BigDecimal"",
      ""description"": ""Giá trị thực hiện""
    },
    ""kh"": {
      ""type"": ""BigDecimal"",
      ""description"": ""Giá trị kế hoạch""
    },
    ""trend"": {
      ""type"": ""BigDecimal"",
      ""description"": ""Giá trị trend""
    },
    ""calculateTrend"": {
      ""type"": ""integer"",
      ""description"": ""Giá trị xu hướng được tính toán""
    }
  },
  ""structured_output"": {},
  ""allow_empty_result"": false
}"
get_unit_labor_productivity_by_revenue_and_contract,Lấy thông tin năng suất lao động Theo Doanh thu sản xuất đơn vị,"API này tính toán năng suất lao động theo doanh thu sản xuất cho từng đơn vị, phòng/ban. API yêu cầu cung cấp khoảng thời gian từ `fromDate` đến `toDate` và trả về danh sách dữ liệu năng suất bao gồm doanh thu, giá trị lao động bình quân, thực hiện, kế hoạch và xu hướng theo từng đơn vị.","- Trong T11/2025, thì NSLĐ theo doanh thu sản sản xuất của TTPMCNM là bao nhiêu, NSLĐ theo KH là bao nhiêu Trđ/Người/Tháng, NSLĐ theo TH là bao nhiêu Trđ/Người/Tháng, LĐBQ là bao nhiêu người","{
  ""request"": {
    ""method"": ""POST"",
    ""path"": ""/api/v1/dashboard/productivity/NS-016"",
    ""content_type"": ""application/json"",
    ""query"": ""{}"",
    ""body"": ""['fromDate', 'toDate']""
  },
  ""example_call"": [
    {
      ""url_endpoint"": ""{{base_url}}/api/v1/dashboard/productivity/NS-016"",
      ""query"": ""{}"",
      ""body"": ""{\n \""fromDate\"": \""2025-01-01\"",\n \""toDate\"": \""2025-06-09\""\n}""
    }
  ],
  ""required_params"": [
    {
      ""name"": ""fromDate"",
      ""type"": ""Date(yyyy-mm-dd)"",
      ""description"": ""Từ ngày""
    },
    {
      ""name"": ""toDate"",
      ""type"": ""Date(yyyy-mm-dd)"",
      ""description"": ""đến ngày""
    }
  ],
  ""optional_params"": [
    {
      ""name"": ""organization"",
      ""type"": ""List<String>"",
      ""description"": ""Danh sách phòng ban. Nếu query không đề cập đến tên phòng ban -> trả về []""
    }
  ],
  ""response_schema"": {
    ""calculateTrend"": {
      ""type"": ""Integer"",
      ""description"": ""Giá trị xu hướng tính toán""
    },
    ""extValue"": {
      ""type"": ""BigDecimal"",
      ""description"": ""Giá trị LĐBQ""
    },
    ""kh"": {
      ""type"": ""BigDecimal"",
      ""description"": ""Giá trị kế hoạch""
    },
    ""label"": {
      ""type"": ""String"",
      ""description"": ""Nhãn theo tên phòng ban""
    },
    ""th"": {
      ""type"": ""BigDecimal"",
      ""description"": ""giá trị thực hiện""
    },
    ""trend"": {
      ""type"": ""BigDecimal"",
      ""description"": ""Giá trị trend""
    },
    ""value"": {
      ""type"": ""BigDecimal"",
      ""description"": ""Giá trị doanh thu""
    }
  },
  ""structured_output"": {},
  ""allow_empty_result"": false
}"
get_labor_productivity_by_period,Lấy thông tin năng suất lao động theo Sản lượng sản xuất,"API này truy xuất dữ liệu năng suất lao động theo sản lượng sản xuất. Nó yêu cầu khoảng thời gian (từ ngày, đến ngày) và loại báo cáo (tháng, quý, năm), và trả về các giá trị năng suất lao động theo từng kỳ.","- Trong Quý 3/2025, NSLĐ theo Sản lượng sản xuất của cả công ty là bao nhiêu MM/người/tháng","{
  ""request"": {
    ""method"": ""POST"",
    ""path"": ""/api/v1/dashboard/productivity/NS-017"",
    ""content_type"": ""application/json"",
    ""query"": ""{}"",
    ""body"": ""['fromDate', 'toDate', 'type']""
  },
  ""example_call"": [
    {
      ""url_endpoint"": ""{{base_url}}/api/v1/dashboard/productivity/NS-017"",
      ""query"": ""{}"",
      ""body"": ""{\n \""fromDate\"": \""2025-01-01\"",\n \""toDate\"": \""2025-06-09\"",\n \""type\"": 4\n}""
    }
  ],
  ""required_params"": [
    {
      ""name"": ""fromDate"",
      ""type"": ""Date(yyyy-mm-dd)"",
      ""description"": ""Từ ngày""
    },
    {
      ""name"": ""toDate"",
      ""type"": ""Date(yyyy-mm-dd)"",
      ""description"": ""đến ngày""
    },
    {
      ""name"": ""type"",
      ""type"": ""Integer"",
      ""description"": ""loại bảng DAY(1), WEEK(2), MONTH(3), QUATER(4), YEAR(5);""
    }
  ],
  ""optional_params"": [
    {
      ""name"": ""organization"",
      ""type"": ""List<String>"",
      ""description"": ""Danh sách phòng ban. Nếu query không đề cập đến tên phòng ban -> trả về []""
    }
  ],
  ""response_schema"": {
    ""label"": {
      ""type"": ""String"",
      ""description"": ""Nhãn thời gian theo type nhập vào""
    },
    ""extValue"": {
      ""type"": ""BigDecimal"",
      ""description"": ""Giá trị LĐBQ""
    },
    ""value"": {
      ""type"": ""BigDecimal"",
      ""description"": ""Giá trị doanh thu""
    },
    ""th"": {
      ""type"": ""BigDecimal"",
      ""description"": ""giá trị thực hiện""
    },
    ""kh"": {
      ""type"": ""BigDecimal"",
      ""description"": ""Giá trị kế hoạch""
    },
    ""trend"": {
      ""type"": ""BigDecimal"",
      ""description"": ""Giá trị trend""
    },
    ""calculateTrend"": {
      ""type"": ""Integer"",
      ""description"": ""Giá trị xu hướng được tính toán""
    }
  },
  ""structured_output"": {},
  ""allow_empty_result"": false
}"
get_labor_productivity_index_by_period,Lấy chỉ số năng suất lao động theo Doanh thu tự sản xuất,"API này truy vấn dữ liệu năng suất lao động theo doanh thu tự sản xuất và tổng số lao động bình quân cho một khoảng thời gian cụ thể, được phân loại theo tháng, quý hoặc năm dựa trên tham số `type`. Dữ liệu trả về bao gồm giá trị doanh thu, tổng số lao động bình quân, nhãn thời gian, giá trị thực hiện, giá trị kế hoạch và giá trị xu hướng cho từng kỳ.","-Trong tháng 12/2025, NSLĐ theo Doanh thu tự sản xuất của cả công ty là bao nhiêu, NSLĐ KH và NSLĐ TH là bao nhiêuTrđ/người/tháng","{
  ""request"": {
    ""method"": ""POST"",
    ""path"": ""/api/v1/dashboard/productivity/NS-023"",
    ""content_type"": ""application/json"",
    ""query"": ""{}"",
    ""body"": ""['fromDate', 'toDate', 'type']""
  },
  ""example_call"": [
    {
      ""url_endpoint"": ""{{base_url}}/api/v1/dashboard/productivity/NS-023"",
      ""query"": ""{}"",
      ""body"": ""{\n \""fromDate\"": \""2025-01-01\"",\n \""toDate\"": \""2025-06-09\"",\n \""type\"": 4\n}""
    }
  ],
  ""required_params"": [
    {
      ""name"": ""fromDate"",
      ""type"": ""Date(yyyy-mm-dd)"",
      ""description"": ""Từ ngày""
    },
    {
      ""name"": ""toDate"",
      ""type"": ""Date(yyyy-mm-dd)"",
      ""description"": ""đến ngày""
    },
    {
      ""name"": ""type"",
      ""type"": ""Integer"",
      ""description"": ""loại bảng :DAY(1), WEEK(2), MONTH(3), QUATER(4), YEAR(5);""
    }
  ],
  ""optional_params"": [
    {
      ""name"": ""organization"",
      ""type"": ""List<String>"",
      ""description"": ""Danh sách phòng ban. Nếu query không đề cập đến tên phòng ban -> trả về []""
    }
  ],
  ""response_schema"": {
    ""label"": {
      ""type"": ""String"",
      ""description"": ""Nhãn thời gian theo type nhập vào""
    },
    ""extValue"": {
      ""type"": ""BigDecimal"",
      ""description"": ""Giá trị LĐBQ""
    },
    ""value"": {
      ""type"": ""BigDecimal"",
      ""description"": ""Giá trị doanh thu""
    },
    ""th"": {
      ""type"": ""BigDecimal"",
      ""description"": ""giá trị thực hiện""
    },
    ""kh"": {
      ""type"": ""BigDecimal"",
      ""description"": ""Giá trị kế hoạch""
    },
    ""trend"": {
      ""type"": ""BigDecimal"",
      ""description"": ""Giá trị trend""
    },
    ""calculateTrend"": {
      ""type"": ""Integer"",
      ""description"": ""Giá trị xu hướng được tính toán""
    }
  },
  ""structured_output"": {},
  ""allow_empty_result"": false
}"
get_labor_productivity_by_unit_revenue,Lấy thông tin năng suất Theo Doanh thu tự sản xuất đơn vị,"API này truy vấn dữ liệu năng suất lao động theo doanh thu TỰ sản xuất cho từng đơn vị, phòng/ban, yêu cầu cung cấp khoảng thời gian từ `fromDate` đến `toDate`. API trả về danh sách các đơn vị, kèm theo thông tin về doanh thu, giá trị lao động bình quân, giá trị thực hiện, giá trị kế hoạch và xu hướng.","-Trong tháng 12/2025, NSLĐ theo Doanh thu tự SX của TTPMCNM là bao nhiêu, NSLĐ KH và NSLĐ TH là bao nhiêuTrđ/người/tháng","{
  ""request"": {
    ""method"": ""POST"",
    ""path"": ""/api/v1/dashboard/productivity/NS-024"",
    ""content_type"": ""application/json"",
    ""query"": ""{}"",
    ""body"": ""['fromDate', 'toDate']""
  },
  ""example_call"": [
    {
      ""url_endpoint"": ""{{base_url}}/api/v1/dashboard/productivity/NS-024"",
      ""query"": ""{}"",
      ""body"": ""{\n \""fromDate\"": \""2025-01-01\"",\n \""toDate\"": \""2025-06-09\""\n}""
    }
  ],
  ""required_params"": [
    {
      ""name"": ""fromDate"",
      ""type"": ""Date(yyyy-mm-dd)"",
      ""description"": ""Từ ngày""
    },
    {
      ""name"": ""toDate"",
      ""type"": ""Date(yyyy-mm-dd)"",
      ""description"": ""đến ngày""
    }
  ],
  ""optional_params"": [
    {
      ""name"": ""organization"",
      ""type"": ""List<String>"",
      ""description"": ""mã phòng ban. Nếu query không đề cập đến tên phòng ban -> trả về []""
    }
  ],
  ""response_schema"": {
    ""label"": {
      ""type"": ""String"",
      ""description"": ""Nhãn theo tên phòng ban""
    },
    ""extValue"": {
      ""type"": ""BigDecimal"",
      ""description"": ""Giá trị LĐBQ""
    },
    ""value"": {
      ""type"": ""BigDecimal"",
      ""description"": ""Giá trị doanh thu""
    },
    ""th"": {
      ""type"": ""BigDecimal"",
      ""description"": ""giá trị thực hiện""
    },
    ""kh"": {
      ""type"": ""BigDecimal"",
      ""description"": ""Giá trị kế hoạch""
    },
    ""trend"": {
      ""type"": ""BigDecimal"",
      ""description"": ""Giá trị trend""
    },
    ""calculateTrend"": {
      ""type"": ""Integer"",
      ""description"": ""Giá trị xu hướng được tính toán""
    }
  },
  ""structured_output"": {},
  ""allow_empty_result"": false
}"
get_production_labor_productivity_report,Lấy thông tin năng suất lao động theo Sản lượng tự sản xuất,"API này truy xuất dữ liệu năng suất lao động theo sản lượng tự sản xuất, yêu cầu khoảng thời gian (từ ngày, đến ngày) và loại tổng hợp (tháng, quý hoặc năm). API trả về danh sách các kỳ với doanh thu, giá trị lao động bình quân, giá trị thực hiện, kế hoạch và xu hướng tương ứng.","- Trong tháng 12/2025, NSLĐ theo Sản lượng TSX của cả công ty là bao nhiêu, NSLĐ KH và NSLĐ TH là bao nhiêu MM/người/tháng","{
  ""request"": {
    ""method"": ""POST"",
    ""path"": ""/api/v1/dashboard/productivity/NS-025"",
    ""content_type"": ""application/json"",
    ""query"": ""{}"",
    ""body"": ""['fromDate', 'toDate', 'type']""
  },
  ""example_call"": [
    {
      ""url_endpoint"": ""{{base_url}}/api/v1/dashboard/productivity/NS-025"",
      ""query"": ""{}"",
      ""body"": ""{\n \""fromDate\"": \""2025-01-01\"",\n \""toDate\"": \""2025-06-09\"",\n \""type\"": 4\n}""
    }
  ],
  ""required_params"": [
    {
      ""name"": ""fromDate"",
      ""type"": ""Date(yyyy-mm-dd)"",
      ""description"": ""Từ ngày""
    },
    {
      ""name"": ""toDate"",
      ""type"": ""Date(yyyy-mm-dd)"",
      ""description"": ""đến ngày""
    },
    {
      ""name"": ""type"",
      ""type"": ""Integer"",
      ""description"": ""loại bảng: DAY(1), WEEK(2), MONTH(3), QUATER(4), YEAR(5);""
    }
  ],
  ""optional_params"": [
    {
      ""name"": ""organization"",
      ""type"": ""List<String>"",
      ""description"": ""mã phòng ban. Nếu query không đề cập đến tên phòng ban -> trả về []""
    }
  ],
  ""response_schema"": {
    ""calculateTrend"": {
      ""type"": ""Integer"",
      ""description"": ""Giá trị xu hướng được tính toán""
    },
    ""extValue"": {
      ""type"": ""BigDecimal"",
      ""description"": ""Giá trị LĐBQ""
    },
    ""kh"": {
      ""type"": ""BigDecimal"",
      ""description"": ""Giá trị kế hoạch""
    },
    ""label"": {
      ""type"": ""String"",
      ""description"": ""Nhãn thời gian theo type nhập vào""
    },
    ""th"": {
      ""type"": ""BigDecimal"",
      ""description"": ""giá trị thực hiện""
    },
    ""trend"": {
      ""type"": ""BigDecimal"",
      ""description"": ""Giá trị trend""
    },
    ""value"": {
      ""type"": ""BigDecimal"",
      ""description"": ""Giá trị doanh thu""
    }
  },
  ""structured_output"": {},
  ""allow_empty_result"": false
}"
get_unit_labor_productivity_by_period,Lấy thông tin Năng suất lao động Theo Sản lượng TSX đơn vị,"API này truy xuất dữ liệu năng suất lao động dựa trên sản lượng tự sản xuất theo từng đơn vị, phòng/ban, yêu cầu cung cấp `fromDate` và `toDate` để xác định khoảng thời gian. Dữ liệu trả về bao gồm danh sách các đơn vị, cùng với các chỉ số năng suất như giá trị thực hiện, giá trị kế hoạch và xu hướng cho mỗi đơn vị.","- Trong tháng 7 /2025, thì TTPMTCS có bao nhiêu NSLĐ theo sản lượng TSX, NSLĐ KH và NSLĐ là bao nhiêu MM/người/tháng","{
  ""request"": {
    ""method"": ""POST"",
    ""path"": ""/api/v1/dashboard/productivity/NS-026"",
    ""content_type"": ""application/json"",
    ""query"": ""{}"",
    ""body"": ""['fromDate', 'toDate']""
  },
  ""example_call"": [
    {
      ""url_endpoint"": ""{{base_url}}/api/v1/dashboard/productivity/NS-026"",
      ""query"": ""{}"",
      ""body"": ""{\n \""fromDate\"": \""2025-01-01\"",\n \""toDate\"": \""2025-06-09\""\n}""
    }
  ],
  ""required_params"": [
    {
      ""name"": ""fromDate"",
      ""type"": ""Date(yyyy-mm-dd)"",
      ""description"": ""Từ ngày""
    },
    {
      ""name"": ""toDate"",
      ""type"": ""Date(yyyy-mm-dd)"",
      ""description"": ""đến ngày""
    }
  ],
  ""optional_params"": [
    {
      ""name"": ""organization"",
      ""type"": ""List<String>"",
      ""description"": ""mã phòng ban. Nếu query không đề cập đến tên phòng ban -> trả về []""
    }
  ],
  ""response_schema"": {
    ""label"": {
      ""type"": ""String"",
      ""description"": ""Nhãn theo tên phòng ban""
    },
    ""extValue"": {
      ""type"": ""BigDecimal"",
      ""description"": ""Giá trị LĐBQ""
    },
    ""value"": {
      ""type"": ""BigDecimal"",
      ""description"": ""Giá trị doanh thu""
    },
    ""th"": {
      ""type"": ""BigDecimal"",
      ""description"": ""giá trị thực hiện""
    },
    ""kh"": {
      ""type"": ""BigDecimal"",
      ""description"": ""Giá trị kế hoạch""
    },
    ""trend"": {
      ""type"": ""BigDecimal"",
      ""description"": ""Giá trị trend""
    },
    ""calculateTrend"": {
      ""type"": ""Integer"",
      ""description"": ""Giá trị xu hướng được tính toán""
    }
  },
  ""structured_output"": {},
  ""allow_empty_result"": false
}"
get_classified_idle_labor_cost,Lấy chi phí nhân công rảnh rỗi phân loại,"API này truy xuất chi phí nhân công rảnh rỗi dựa trên khoảng thời gian được cung cấp và tùy chọn danh sách các phòng ban. Dữ liệu trả về bao gồm chi phí rảnh rỗi được phân loại theo tên phòng ban, vai trò nhân viên và cấp bậc.","- Trong T7/2025, thì CPNC rảnh rỗi của TTPMVT là bao nhiêu","{
  ""request"": {
    ""method"": ""POST"",
    ""path"": ""/api/v1/dashboard/ra-report/NS-039"",
    ""content_type"": ""application/json"",
    ""query"": ""{}"",
    ""body"": ""['fromDate', 'toDate', 'organization']""
  },
  ""example_call"": [
    {
      ""url_endpoint"": ""{{base_url}}/api/v1/dashboard/ra-report/NS-039"",
      ""query"": ""{}"",
      ""body"": ""{\n \""fromDate\"": \""2025-07-01\"",\n \""toDate\"": \""2025-07-31\"",\n \""organization\"": []\n}""
    }
  ],
  ""required_params"": [
    {
      ""name"": ""fromDate"",
      ""type"": ""Date(yyyy-mm-dd)"",
      ""description"": ""Từ ngày""
    },
    {
      ""name"": ""toDate"",
      ""type"": ""Date(yyyy-mm-dd)"",
      ""description"": ""đến ngày""
    }
  ],
  ""optional_params"": [
    {
      ""name"": ""organization"",
      ""type"": ""List<String>"",
      ""description"": ""mã phòng ban. Nếu query không đề cập đến tên phòng ban -> trả về []""
    },
    {
      ""name"": ""level"",
      ""type"": ""List<String>"",
      ""description"": ""mã level. Nếu query không đề cập đến cấp bậc -> trả về [] ""
    }
  ],
  ""response_schema"": {
    ""organizationName"": {
      ""type"": ""String"",
      ""description"": ""Nhãn theo tên phòng ban""
    },
    ""employeeRole"": {
      ""type"": ""String"",
      ""description"": ""Nhãn theo tên role""
    },
    ""employeeLevel"": {
      ""type"": ""String"",
      ""description"": ""Nhãn theo tên level""
    },
    ""freeEffort"": {
      ""type"": ""BigDecimal"",
      ""description"": ""giá trị rảnh rỗi""
    }
  },
  ""structured_output"": {},
  ""allow_empty_result"": false
}"
get_monthly_resource_plan_summary,Lấy tổng hợp kế hoạch nguồn lực theo tháng,"API này truy xuất Tỉ lệ dự án có kế hoạch nguồn lực tháng so với Tổng số dự án đang hoạt động, yêu cầu ngày bắt đầu (`fromDate`) và ngày kết thúc (`toDate`). API trả về thông tin kế hoạch nguồn lực, bao gồm giá trị, tổng giá trị và tỷ lệ phần trăm cho từng loại.",- Trong T12/2025 thì Tỉ lệ dự án có KH nguồn lực tháng/ Tổng số dự án đang hoạt động của cả công ty là bao nhiêu %,"{
  ""request"": {
    ""method"": ""POST"",
    ""path"": ""/api/v1/dashboard/ra-report/NS-045"",
    ""content_type"": ""application/json"",
    ""query"": ""{}"",
    ""body"": ""['fromDate', 'toDate']""
  },
  ""example_call"": [
    {
      ""url_endpoint"": ""{{base_url}}/api/v1/dashboard/ra-report/NS-045"",
      ""query"": ""{}"",
      ""body"": ""{\n \""fromDate\"": \""2025-01-01\"",\n \""toDate\"": \""2025-06-09\""\n}""
    }
  ],
  ""required_params"": [
    {
      ""name"": ""fromDate"",
      ""type"": ""Date(yyyy-mm-dd)"",
      ""description"": ""Từ ngày""
    },
    {
      ""name"": ""toDate"",
      ""type"": ""Date(yyyy-mm-dd)"",
      ""description"": ""Đến ngày""
    }
  ],
  ""optional_params"": [
    {
      ""name"": ""organization"",
      ""type"": ""List<String>"",
      ""description"": ""Danh sách phòng ban. Nếu query không đề cập đến tên phòng ban -> trả về []""
    }
  ],
  ""response_schema"": {
    ""normValue"": {
      ""type"": ""BigDecimal"",
      ""description"": ""Giá trị chuẩn để so sánh""
    },
    ""chartData"": {
      ""type"": ""List<Object>"",
      ""description"": ""Dữ liệu cho biểu đồ""
    },
    ""subData"": {
      ""type"": ""List<Object>"",
      ""description"": ""Dữ liệu phụ""
    },
    ""label"": {
      ""type"": ""String"",
      ""description"": ""Loại dự án""
    },
    ""totalValue"": {
      ""type"": ""BigDecimal"",
      ""description"": ""Tổng số KHNL""
    },
    ""percent"": {
      ""type"": ""BigDecimal"",
      ""description"": ""Tỷ lệ phần trăm""
    }
  },
  ""structured_output"": {},
  ""allow_empty_result"": false
}"
get_contract_staff_resignation_report,Lấy báo cáo nghỉ việc nhân sự hợp đồng,"API này truy xuất số lượng và tỷ lệ nhân sự nghỉ việc có hợp đồng lao động trong một khoảng thời gian được chỉ định. Dữ liệu đầu vào bao gồm ngày bắt đầu và ngày kết thúc, API trả về thông tin chi tiết theo tháng về số lượng nhân sự nghỉ việc, tỷ lệ phần trăm và lao động bình quân.","- Trong năm 2025 thì TTPMVT có số lượng nghỉ việc với diện HĐLĐ của cả công ty là bao nhiêu, chiếm bao nhiêu %","{
  ""request"": {
    ""method"": ""POST"",
    ""path"": ""/api/v1/dashboard/resignation/NS-048"",
    ""content_type"": ""application/json"",
    ""query"": ""{}"",
    ""body"": ""['fromDate', 'toDate']""
  },
  ""example_call"": [
    {
      ""url_endpoint"": ""{{base_url}}/api/v1/dashboard/resignation/NS-048"",
      ""query"": ""{}"",
      ""body"": ""{\n \""fromDate\"": \""2025-01-01\"",\n \""toDate\"": \""2025-06-09\""\n}""
    }
  ],
  ""required_params"": [
    {
      ""name"": ""fromDate"",
      ""type"": ""Date(yyyy-mm-dd)"",
      ""description"": ""Từ ngày""
    },
    {
      ""name"": ""toDate"",
      ""type"": ""Date(yyyy-mm-dd)"",
      ""description"": ""đến ngày""
    }
  ],
  ""optional_params"": [
    {
      ""name"": ""type"",
      ""type"": ""Integer"",
      ""description"": ""Loại bảng: DAY(1), WEEK(2), MONTH(3), QUATER(4), YEAR(5);""
    },
    {
      ""name"": ""getIsProbation"",
      ""type"": ""Boolean"",
      ""description"": ""Loại lao động""
    },
    {
      ""name"": ""organization"",
      ""type"": ""List<String>"",
      ""description"": ""mã phòng ban. Nếu query không đề cập đến tên phòng ban -> trả về []""
    }
  ],
  ""response_schema"": {
    ""normValue"": {
      ""type"": ""Number"",
      ""description"": ""Giá trị định mức để so sánh trên biểu đồ""
    },
    ""chartData"": {
      ""type"": ""List<Object>"",
      ""description"": ""Dữ liệu chính cho biểu đồ""
    },
    ""subData"": {
      ""type"": ""List<Object>"",
      ""description"": ""Dữ liệu phụ cho biểu đồ""
    },
    ""label"": {
      ""type"": ""String"",
      ""description"": ""Nhãn theo loại tháng/quý/năm""
    },
    ""totalValue"": {
      ""type"": ""Number"",
      ""description"": ""Tổng giá trị""
    },
    ""percent"": {
      ""type"": ""Number"",
      ""description"": ""Phần trăm người nghỉ trong thời gian tìm kiếm""
    }
  },
  ""structured_output"": {},
  ""allow_empty_result"": false
}"
get_calculate_staff_turnover_by_seniority,Tính toán nhân sự nghỉ việc phân loại thâm niên,"API này tính toán số lượng nhân sự nghỉ việc và phân loại theo thâm niên trong một khoảng thời gian được chỉ định bởi `fromDate` và `toDate`. Kết quả trả về bao gồm số lượng nhân sự, tổng số nhân sự nghỉ việc và tỷ lệ phần trăm cho từng nhóm thâm niên.","- Trong năm 2025, thì số lượng nhân sự nghỉ việc với thâm niên là 2y-3y của cả công ty là bao nhiêu người","{
  ""request"": {
    ""method"": ""POST"",
    ""path"": ""/api/v1/dashboard/resignation/NS-050"",
    ""content_type"": ""application/json"",
    ""query"": ""{}"",
    ""body"": ""['fromDate', 'toDate']""
  },
  ""example_call"": [
    {
      ""url_endpoint"": ""{{base_url}}/api/v1/dashboard/resignation/NS-050"",
      ""query"": ""{}"",
      ""body"": ""{\n \""fromDate\"": \""2025-01-01\"",\n \""toDate\"": \""2025-06-09\""\n}""
    }
  ],
  ""required_params"": [
    {
      ""name"": ""fromDate"",
      ""type"": ""Date(yyyy-mm-dd)"",
      ""description"": ""Từ ngày""
    },
    {
      ""name"": ""toDate"",
      ""type"": ""Date(yyyy-mm-dd)"",
      ""description"": ""Đến ngày""
    }
  ],
  ""optional_params"": [
    {
      ""name"": ""organization"",
      ""type"": ""List<String>"",
      ""description"": ""Mã phòng ban. Nếu query không đề cập đến tên phòng ban -> trả về []""
    }
  ],
  ""response_schema"": {
    ""normValue"": {
      ""type"": ""Number"",
      ""description"": ""Giá trị định mức hoặc giá trị chuẩn để so sánh""
    },
    ""chartData"": {
      ""type"": ""Array"",
      ""description"": ""Dữ liệu chi tiết cho biểu đồ, mỗi phần tử là một mốc thâm niên""
    },
    ""subData"": {
      ""type"": ""Array"",
      ""description"": ""Dữ liệu phụ (nếu có)""
    },
    ""label"": {
      ""type"": ""String"",
      ""description"": ""Thời gian theo tháng/quý/năm""
    },
    ""totalValue"": {
      ""type"": ""Number"",
      ""description"": ""Tổng số nhân sự nghỉ việc trong khoảng thời gian đã chọn""
    },
    ""percent"": {
      ""type"": ""Number"",
      ""description"": ""Tỷ lệ phần trăm tổng thể (nếu có)""
    }
  },
  ""structured_output"": {},
  ""allow_empty_result"": false
}"
get_probationary_employee_resignation_rate_statistics_by_time,Xem thống kê Tỷ lệ nghỉ việc trong thời gian Onboard,"API này truy xuất tỷ lệ nghỉ việc của nhân viên trong thời gian thử việc (thời gian onboard), yêu cầu khoảng thời gian từ ngày bắt đầu đến ngày kết thúc. API trả về tổng số nhân viên vào, số nhân viên nghỉ việc và tỷ lệ nghỉ việc tương ứng, được phân loại theo từng mốc thời gian nghỉ.","- Trong năm 2025, thì tỉ lệ nghỉ việc trong thời gian Onboard của cả công ty là bao nhiêu %","{
  ""request"": {
    ""method"": ""POST"",
    ""path"": ""/api/v1/dashboard/training/NS-111"",
    ""content_type"": ""application/json"",
    ""query"": ""{}"",
    ""body"": ""['fromDate', 'toDate']""
  },
  ""example_call"": [
    {
      ""url_endpoint"": ""{{base_url}}/api/v1/dashboard/training/NS-111"",
      ""query"": ""{}"",
      ""body"": ""{\n \""fromDate\"": \""2025-01-01\"",\n \""toDate\"": \""2025-06-09\""\n}""
    }
  ],
  ""required_params"": [
    {
      ""name"": ""fromDate"",
      ""type"": ""Date(yyyy-mm-dd)"",
      ""description"": ""Từ ngày""
    },
    {
      ""name"": ""toDate"",
      ""type"": ""Date(yyyy-mm-dd)"",
      ""description"": ""đến ngày""
    }
  ],
  ""optional_params"": [
    {
      ""name"": ""organization"",
      ""type"": ""List<String>"",
      ""description"": ""mã phòng ban. Nếu query không đề cập đến tên phòng ban -> trả về []""
    }
  ],
  ""response_schema"": {
    ""normValue"": {
      ""type"": ""Number"",
      ""description"": ""Giá trị chuẩn hóa""
    },
    ""chartData"": {
      ""type"": ""List<Object>"",
      ""description"": ""Dữ liệu cho biểu đồ""
    },
    ""subData"": {
      ""type"": ""List<Object>"",
      ""description"": ""Dữ liệu phụ""
    },
    ""label"": {
      ""type"": ""String"",
      ""description"": ""Thời gian theo tháng""
    },
    ""totalValue"": {
      ""type"": ""Number"",
      ""description"": ""Tổng số CBNV vào (onboard) theo thời gian chọn""
    },
    ""percent"": {
      ""type"": ""Number"",
      ""description"": ""Tỷ lệ nghỉ (%)""
    }
  },
  ""structured_output"": {},
  ""allow_empty_result"": false
}"
get_new_hires_by_tenure,Phân tích nhân sự tiếp nhận theo thời gian gắn bó,API này truy xuất tổng số thực tập sinh được tiếp nhận. Nó trả về dữ liệu phân tích số lượng và thực tập sinh đó theo các khoảng thời gian gắn bó khác nhau.,- Trong T12/2025 thì có bao nhiêu thực tập sinh tiếp nhận tại công ty,"{
  ""request"": {
    ""method"": ""POST"",
    ""path"": ""/api/v1/dashboard/training/NS-116"",
    ""content_type"": ""application/json"",
    ""query"": ""{}"",
    ""body"": ""['fromDate', 'toDate']""
  },
  ""example_call"": [
    {
      ""url_endpoint"": ""{{base_url}}/api/v1/dashboard/training/NS-116"",
      ""query"": ""{}"",
      ""body"": ""{\n \""fromDate\"": \""2025-01-01\"",\n \""toDate\"": \""2025-06-09\""\n}""
    }
  ],
  ""required_params"": [
    {
      ""name"": ""fromDate"",
      ""type"": ""Date(yyyy-mm-dd)"",
      ""description"": ""Từ ngày""
    },
    {
      ""name"": ""toDate"",
      ""type"": ""Date(yyyy-mm-dd)"",
      ""description"": ""Đến ngày""
    }
  ],
  ""optional_params"": [
    {
      ""name"": ""organization"",
      ""type"": ""List<String>"",
      ""description"": ""Mã phòng ban. Nếu query không đề cập đến tên phòng ban -> trả về []""
    }
  ],
  ""response_schema"": {
    ""chartData"": {
      ""type"": ""List<Object>"",
      ""description"": ""Dữ liệu chi tiết cho biểu đồ""
    },
    ""label"": {
      ""type"": ""String"",
      ""description"": ""Thời gian theo tháng/quý/năm""
    },
    ""normValue"": {
      ""type"": ""Number"",
      ""description"": ""Giá trị chuẩn để so sánh""
    },
    ""percent"": {
      ""type"": ""BigDecimal"",
      ""description"": ""Tỷ lệ nghỉ (%)""
    },
    ""subData"": {
      ""type"": ""List<Object>"",
      ""description"": ""Dữ liệu phụ cho biểu đồ""
    },
    ""totalValue"": {
      ""type"": ""Number"",
      ""description"": ""Tổng giá trị""
    }
  },
  ""structured_output"": {},
  ""allow_empty_result"": false
}"
get_intern_completion_rate_stats,Thống kê tỷ lệ hoàn thành thực tập sinh,"API này truy xuất tỷ lệ thực tập sinh hoàn thành chương trình đào tạo, yêu cầu cung cấp khoảng thời gian từ `fromDate` đến `toDate`. API trả về dữ liệu thống kê về số lượng và tỷ lệ phần trăm thực tập sinh hoàn thành chương trình theo các nhóm thời gian khác nhau.",- Trong T12/2025 thì công ty có bao nhiêu thực tập sinh hoàn thành chương trình đào tạo,"{
  ""request"": {
    ""method"": ""POST"",
    ""path"": ""/api/v1/dashboard/training/NS-117"",
    ""content_type"": ""application/json"",
    ""query"": ""{}"",
    ""body"": ""['fromDate', 'toDate']""
  },
  ""example_call"": [
    {
      ""url_endpoint"": ""{{base_url}}/api/v1/dashboard/training/NS-117"",
      ""query"": ""{}"",
      ""body"": ""{\n \""fromDate\"": \""2025-01-01\"",\n \""toDate\"": \""2025-06-09\""\n}""
    }
  ],
  ""required_params"": [
    {
      ""name"": ""fromDate"",
      ""type"": ""Date(yyyy-mm-dd)"",
      ""description"": ""Từ ngày""
    },
    {
      ""name"": ""toDate"",
      ""type"": ""Date(yyyy-mm-dd)"",
      ""description"": ""Đến ngày""
    }
  ],
  ""optional_params"": [
    {
      ""name"": ""organization"",
      ""type"": ""List<String>"",
      ""description"": ""Mã phòng ban. Nếu query không đề cập đến tên phòng ban -> trả về []""
    }
  ],
  ""response_schema"": {
    ""chartData"": {
      ""type"": ""Array"",
      ""description"": ""Dữ liệu chi tiết cho biểu đồ""
    },
    ""label"": {
      ""type"": ""String"",
      ""description"": ""Thời gian theo tháng/quý/năm""
    },
    ""normValue"": {
      ""type"": ""Number"",
      ""description"": ""Giá trị định mức hoặc giá trị tham chiếu""
    },
    ""percent"": {
      ""type"": ""Number"",
      ""description"": ""Tỷ lệ nghỉ (%)""
    },
    ""subData"": {
      ""type"": ""Array"",
      ""description"": ""Dữ liệu phụ cho biểu đồ""
    },
    ""totalValue"": {
      ""type"": ""Number"",
      ""description"": ""Tổng giá trị""
    }
  },
  ""structured_output"": {},
  ""allow_empty_result"": false
}"
get_intern_to_employee_conversion_rate,Lấy thống kê tỷ lệ thực tập sinh được tuyển dụng thành nhân viên chính thức,"API này truy xuất tỷ lệ thực tập sinh được tuyển dụng thành nhân viên chính thức. API yêu cầu ngày bắt đầu (`fromDate`) và ngày kết thúc (`toDate`), và trả về dữ liệu thống kê về số lượng và tỷ lệ phần trăm thực tập sinh được tuyển dụng, phân loại theo các mốc thời gian thực tập.",- Trong T12/2025 thì công ty có bao nhiêu thực tập sinh pass tuyển dụng thành nhân viên,"{
  ""request"": {
    ""method"": ""POST"",
    ""path"": ""/api/v1/dashboard/training/NS-118"",
    ""content_type"": ""application/json"",
    ""query"": ""{}"",
    ""body"": ""['fromDate', 'toDate']""
  },
  ""example_call"": [
    {
      ""url_endpoint"": ""{{base_url}}/api/v1/dashboard/training/NS-118"",
      ""query"": ""{}"",
      ""body"": ""{\n \""fromDate\"": \""2025-01-01\"",\n \""toDate\"": \""2025-06-09\""\n}""
    }
  ],
  ""required_params"": [
    {
      ""name"": ""fromDate"",
      ""type"": ""Date(yyyy-mm-dd)"",
      ""description"": ""Từ ngày""
    },
    {
      ""name"": ""toDate"",
      ""type"": ""Date(yyyy-mm-dd)"",
      ""description"": ""Đến ngày""
    }
  ],
  ""optional_params"": [
    {
      ""name"": ""organization"",
      ""type"": ""List<String>"",
      ""description"": ""Mã phòng ban. Nếu query không đề cập đến tên phòng ban -> trả về []""
    }
  ],
  ""response_schema"": {
    ""chartData"": {
      ""type"": ""List<Object>"",
      ""description"": ""Dữ liệu chi tiết cho biểu đồ""
    },
    ""label"": {
      ""type"": ""String"",
      ""description"": ""Nhãn chính của dữ liệu""
    },
    ""normValue"": {
      ""type"": ""Number"",
      ""description"": ""Giá trị định mức/chuẩn""
    },
    ""percent"": {
      ""type"": ""Number"",
      ""description"": ""Tỷ lệ phần trăm tổng thể""
    },
    ""subData"": {
      ""type"": ""List<Object>"",
      ""description"": ""Dữ liệu phụ (nếu có)""
    },
    ""totalValue"": {
      ""type"": ""Number"",
      ""description"": ""Tổng giá trị""
    }
  },
  ""structured_output"": {},
  ""allow_empty_result"": false
}"
get_total_intern_support_costs_over_time,Tính tổng chi phí hỗ trợ thực tập sinh theo thời gian,API này tính toán và trả về tổng chi phí hỗ trợ thực tập sinh trong khoảng thời gian được chỉ định bởi `fromDate` và `toDate`. Dữ liệu trả về bao gồm chi phí được phân loại theo các khoảng thời gian hỗ trợ và tổng chi phí chung.,- Trong năm 2025 thì tổng chi phí hỗ trợ thực tập sinh của cả công ty là bao nhiêu,"{
  ""request"": {
    ""method"": ""POST"",
    ""path"": ""/api/v1/dashboard/training/NS-119"",
    ""content_type"": ""application/json"",
    ""query"": ""{}"",
    ""body"": ""['fromDate', 'toDate']""
  },
  ""example_call"": [
    {
      ""url_endpoint"": ""{{base_url}}/api/v1/dashboard/training/NS-119"",
      ""query"": ""{}"",
      ""body"": ""{\n \""fromDate\"": \""2023-12-31\"",\n \""toDate\"": \""2024-12-31\""\n}""
    }
  ],
  ""required_params"": [
    {
      ""name"": ""fromDate"",
      ""type"": ""Date(yyyy-mm-dd)"",
      ""description"": ""Từ ngày""
    },
    {
      ""name"": ""toDate"",
      ""type"": ""Date(yyyy-mm-dd)"",
      ""description"": ""Đến ngày""
    }
  ],
  ""optional_params"": [
    {
      ""name"": ""organization"",
      ""type"": ""List<String>"",
      ""description"": ""Mã phòng ban. Nếu query không đề cập đến tên phòng ban -> trả về []""
    }
  ],
  ""response_schema"": {
    ""normValue"": {
      ""type"": ""Number"",
      ""description"": ""Giá trị chuẩn, dùng để so sánh (có thể null)""
    },
    ""chartData"": {
      ""type"": ""Array"",
      ""description"": ""Danh sách dữ liệu chi tiết của biểu đồ"",
      ""items"": {
        ""type"": ""object"",
        ""properties"": {
          ""value"": {
            ""type"": ""Number"",
            ""description"": ""Giá trị tại nhãn/subLabel.""
          },
          ""percent"": {
            ""type"": ""Number"",
            ""description"": ""Tỷ lệ phần trăm.""
          },
          ""totalCount"": {
            ""type"": ""Number"",
            ""description"": ""Tổng số lượng.""
          },
          ""percentDRole"": {
            ""type"": ""Number"",
            ""description"": ""Tỷ lệ phần trăm theo vai trò.""
          },
          ""isData"": {
            ""type"": ""Integer"",
            ""description"": ""Cờ có dữ liệu hay không (1/0).""
          },
          ""compareData"": {
            ""type"": ""Number"",
            ""description"": ""Giá trị để so sánh.""
          },
          ""inProcessValue"": {
            ""type"": ""Number"",
            ""description"": ""Giá trị đang xử lý.""
          },
          ""inProcessPercent"": {
            ""type"": ""Number"",
            ""description"": ""Tỷ lệ % đang xử lý.""
          },
          ""passInGroup"": {
            ""type"": ""Number"",
            ""description"": ""Số lượng đạt trong nhóm.""
          },
          ""percentPassInGroup"": {
            ""type"": ""Number"",
            ""description"": ""Tỷ lệ % đạt trong nhóm.""
          },
          ""failInGroup"": {
            ""type"": ""Number"",
            ""description"": ""Số lượng không đạt trong nhóm.""
          },
          ""percentFailInGroup"": {
            ""type"": ""Number"",
            ""description"": ""Tỷ lệ % không đạt trong nhóm.""
          },
          ""fromLabel"": {
            ""type"": ""String"",
            ""description"": ""Nhãn mốc bắt đầu.""
          },
          ""toLabel"": {
            ""type"": ""String"",
            ""description"": ""Nhãn mốc kết thúc.""
          },
          ""preLabel"": {
            ""type"": ""String"",
            ""description"": ""Nhãn kỳ trước.""
          },
          ""preValue"": {
            ""type"": ""Number"",
            ""description"": ""Giá trị kỳ trước.""
          },
          ""prePercent"": {
            ""type"": ""Number"",
            ""description"": ""Tỷ lệ kỳ trước.""
          },
          ""preYearLabel"": {
            ""type"": ""String"",
            ""description"": ""Nhãn cùng kỳ năm trước.""
          },
          ""preYearValue"": {
            ""type"": ""Number"",
            ""description"": ""Giá trị cùng kỳ năm trước.""
          },
          ""preYearPercent"": {
            ""type"": ""Number"",
            ""description"": ""Tỷ lệ cùng kỳ năm trước.""
          },
          ""valueTgRole"": {
            ""type"": ""Number"",
            ""description"": ""Giá trị mục tiêu theo vai trò.""
          },
          ""totalValueKh"": {
            ""type"": ""Number"",
            ""description"": ""Tổng giá trị kế hoạch.""
          },
          ""unit"": {
            ""type"": ""String"",
            ""description"": ""Đơn vị đo lường.""
          },
          ""extPercent"": {
            ""type"": ""Number"",
            ""description"": ""Tỷ lệ mở rộng.""
          },
          ""label"": {
            ""type"": ""String"",
            ""description"": ""Nhãn chính (ví dụ T01/2024).""
          },
          ""subLabel"": {
            ""type"": ""String"",
            ""description"": ""Nhãn phụ (ví dụ Loại A, B, C).""
          },
          ""extValue"": {
            ""type"": ""Number"",
            ""description"": ""Giá trị mở rộng.""
          },
          ""totalValue"": {
            ""type"": ""Number"",
            ""description"": ""Tổng giá trị tại mốc dữ liệu.""
          }
        }
      }
    },
    ""subData"": {
      ""type"": ""Array"",
      ""description"": ""Dữ liệu phụ của biểu đồ (nếu có)""
    },
    ""label"": {
      ""type"": ""String"",
      ""description"": ""Nhãn tổng thể (ví dụ theo tháng)""
    },
    ""totalValue"": {
      ""type"": ""Number"",
      ""description"": ""Tổng giá trị của toàn bộ dữ liệu""
    },
    ""percent"": {
      ""type"": ""Number"",
      ""description"": ""Tỷ lệ tổng thể""
    }
  },
  ""structured_output"": {},
  ""allow_empty_result"": false
}"
get_project_costs_and_revenues_summary,Lấy thông tin tổng hợp chi phí và doanh thu dự án,"API này truy xuất tổng chi phí nghiên cứu phát triển ước tính và tổng doanh thu thực hiện vào các dự án. Nó yêu cầu khoảng thời gian (từ ngày, đến ngày) và trả về dữ liệu chi phí, doanh thu, cùng tỷ lệ phần trăm được phân loại theo từng loại dự án, công ty, trung tâm hoặc dự án cụ thể.","- Trong T11/2025, thì Tổng CPNC thực hiện vào dự án/ DT theo Công ty/ TT/ Dự án của TTPMQT với loại dự án Package là bao nhiêu Trđ","{
  ""request"": {
    ""method"": ""POST"",
    ""path"": ""/api/v1/dashboard/ra-report/NS-046"",
    ""content_type"": ""application/json"",
    ""query"": ""{}"",
    ""body"": ""['fromDate', 'toDate']""
  },
  ""example_call"": [
    {
      ""url_endpoint"": ""{{base_url}}/api/v1/dashboard/ra-report/NS-046"",
      ""query"": ""{}"",
      ""body"": ""{\n \""fromDate\"": \""2025-01-01\"",\n \""toDate\"": \""2025-06-23\""\n}""
    }
  ],
  ""required_params"": [
    {
      ""name"": ""fromDate"",
      ""type"": ""Date(yyyy-mm-dd)"",
      ""description"": ""Từ ngày""
    },
    {
      ""name"": ""toDate"",
      ""type"": ""Date(yyyy-mm-dd)"",
      ""description"": ""Đến ngày""
    }
  ],
  ""optional_params"": [
    {
      ""name"": ""organization"",
      ""type"": ""List<String>"",
      ""description"": ""Mã phòng ban. Nếu query không đề cập đến tên phòng ban -> trả về []""
    }
  ],
  ""response_schema"": {
    ""normValue"": {
      ""type"": ""BigDecimal"",
      ""description"": ""Tổng doanh thu""
    },
    ""chartData"": {
      ""type"": ""List<BarChartProjection>"",
      ""description"": ""Dữ liệu chi tiết cho biểu đồ chính""
    },
    ""subData"": {
      ""type"": ""List<BarChartProjection>"",
      ""description"": ""Dữ liệu phụ, có thể dùng cho các biểu đồ con hoặc thông tin bổ sung""
    },
    ""label"": {
      ""type"": ""String"",
      ""description"": ""Nhãn chính, thường là loại dự án (package, odc/osdc, T&M)""
    },
    ""totalValue"": {
      ""type"": ""BigDecimal"",
      ""description"": ""Tổng CPNC ước thực hiện dự án""
    },
    ""percent"": {
      ""type"": ""BigDecimal"",
      ""description"": ""Tỷ lệ phần trăm tổng thể của loại dự án""
    }
  },
  ""structured_output"": {},
  ""allow_empty_result"": false
}"
get_employee_english_standard_count_rate_by_level,Lấy số lượng và tỷ lệ đạt chuẩn tiếng Anh so với tổng số nhân viên,"API này truy xuất tỷ lệ nhân viên đạt chuẩn tiếng Anh so với tổng số nhân viên. Nó yêu cầu khoảng thời gian từ ngày (`fromDate`) đến ngày (`toDate`) và trả về dữ liệu số lượng, tỷ lệ phần trăm nhân viên đạt/chưa đạt chuẩn tiếng Anh, phân loại theo cấp bậc.","- Trong năm 2025, tỷ lệ CBNV đạt tiếng Anh / tổng số nhân viên của cả công ty là bao nhiêu người, chiếm bao nhiêu %","{
  ""request"": {
    ""method"": ""POST"",
    ""path"": ""/api/v1/dashboard/certificate/NS-064-1"",
    ""content_type"": ""application/json"",
    ""query"": ""{}"",
    ""body"": ""['fromDate', 'toDate']""
  },
  ""example_call"": [
    {
      ""url_endpoint"": ""{{base_url}}/api/v1/dashboard/certificate/NS-064-1"",
      ""query"": ""{}"",
      ""body"": ""{\n \""fromDate\"": \""2025-01-01\"",\n \""toDate\"": \""2025-06-23\""\n}""
    }
  ],
  ""required_params"": [
    {
      ""name"": ""fromDate"",
      ""type"": ""Date(yyyy-mm-dd)"",
      ""description"": ""Từ ngày""
    },
    {
      ""name"": ""toDate"",
      ""type"": ""Date(yyyy-mm-dd)"",
      ""description"": ""Đến ngày""
    }
  ],
  ""optional_params"": [
    {
      ""name"": ""organization"",
      ""type"": ""List<String>"",
      ""description"": ""Mã phòng ban""
    }
  ],
  ""response_schema"": {
    ""normValue"": {
      ""type"": ""BigDecimal"",
      ""description"": ""Tổng giá trị""
    },
    ""chartData"": {
      ""type"": ""List<BarChartProjection>"",
      ""description"": ""Dữ liệu chi tiết cho biểu đồ""
    },
    ""subData"": {
      ""type"": ""List<BarChartProjection>"",
      ""description"": ""Dữ liệu phụ""
    },
    ""label"": {
      ""type"": ""String"",
      ""description"": ""Nhãn chính, thể hiện trạng thái (Đạt/Không đạt)""
    },
    ""totalValue"": {
      ""type"": ""BigDecimal"",
      ""description"": ""Số nhân sự""
    },
    ""percent"": {
      ""type"": ""BigDecimal"",
      ""description"": ""Tỷ lệ phần trăm tổng hợp""
    }
  },
  ""structured_output"": {},
  ""allow_empty_result"": false
}"
get_staff_english_proficiency_toeic,Lấy tỷ lệ nhân sự đạt chuẩn tiếng Anh theo TOEIC,"API này truy xuất tỷ lệ nhân sự đạt chuẩn tiếng Anh, được phân loại theo các thang điểm TOEIC. API yêu cầu khoảng thời gian (từ ngày, đến ngày) và trả về số lượng, tổng số nhân sự, cùng tỷ lệ phần trăm tương ứng với từng thang điểm.",- Số lượng CBNV đạt số điểm 550 - 650 toeic trong Tháng 12/2025 chiếm bao nhiêu người,"{
  ""request"": {
    ""method"": ""POST"",
    ""path"": ""/api/v1/dashboard/certificate/NS-064-2"",
    ""content_type"": ""application/json"",
    ""query"": ""{}"",
    ""body"": ""['fromDate', 'toDate']""
  },
  ""example_call"": [
    {
      ""url_endpoint"": ""{{base_url}}/api/v1/dashboard/certificate/NS-064-2"",
      ""query"": ""{}"",
      ""body"": ""{\n \""fromDate\"": \""2025-01-01\"",\n \""toDate\"": \""2025-06-23\""\n}""
    }
  ],
  ""required_params"": [
    {
      ""name"": ""fromDate"",
      ""type"": ""Date(yyyy-mm-dd)"",
      ""description"": ""Từ ngày""
    },
    {
      ""name"": ""toDate"",
      ""type"": ""Date(yyyy-mm-dd)"",
      ""description"": ""Đến ngày""
    }
  ],
  ""optional_params"": [
    {
      ""name"": ""organization"",
      ""type"": ""List<String>"",
      ""description"": ""Mã phòng ban""
    }
  ],
  ""response_schema"": {
    ""compareData"": {
      ""type"": ""BigDecimal"",
      ""description"": ""Dữ liệu so sánh""
    },
    ""extPercent"": {
      ""type"": ""BigDecimal"",
      ""description"": ""Tỷ lệ phần trăm mở rộng""
    },
    ""extValue"": {
      ""type"": ""BigDecimal"",
      ""description"": ""giá trị""
    },
    ""failInGroup"": {
      ""type"": ""BigDecimal"",
      ""description"": ""Số lượng không đạt trong nhóm""
    },
    ""fromLabel"": {
      ""type"": ""String"",
      ""description"": ""Nhãn của giá trị bắt đầu""
    },
    ""inProcessPercent"": {
      ""type"": ""BigDecimal"",
      ""description"": ""Tỷ lệ phần trăm đang xử lý""
    },
    ""inProcessValue"": {
      ""type"": ""BigDecimal"",
      ""description"": ""Giá trị đang xử lý""
    },
    ""isData"": {
      ""type"": ""Integer"",
      ""description"": ""Cờ báo có dữ liệu""
    },
    ""label"": {
      ""type"": ""String"",
      ""description"": ""Điểm Toeic""
    },
    ""passInGroup"": {
      ""type"": ""BigDecimal"",
      ""description"": ""Số lượng đạt trong nhóm""
    },
    ""percent"": {
      ""type"": ""BigDecimal"",
      ""description"": ""Tỉ lệ %""
    },
    ""percentDRole"": {
      ""type"": ""BigDecimal"",
      ""description"": ""Tỷ lệ phần trăm của vai trò""
    },
    ""percentFailInGroup"": {
      ""type"": ""BigDecimal"",
      ""description"": ""Tỷ lệ phần trăm không đạt trong nhóm""
    },
    ""percentPassInGroup"": {
      ""type"": ""BigDecimal"",
      ""description"": ""Tỷ lệ phần trăm đạt trong nhóm""
    },
    ""preLabel"": {
      ""type"": ""String"",
      ""description"": ""Nhãn kỳ trước""
    },
    ""prePercent"": {
      ""type"": ""BigDecimal"",
      ""description"": ""Tỷ lệ phần trăm kỳ trước""
    },
    ""preValue"": {
      ""type"": ""BigDecimal"",
      ""description"": ""Giá trị kỳ trước""
    },
    ""preYearLabel"": {
      ""type"": ""String"",
      ""description"": ""Nhãn cùng kỳ năm trước""
    },
    ""preYearPercent"": {
      ""type"": ""BigDecimal"",
      ""description"": ""Tỷ lệ phần trăm cùng kỳ năm trước""
    },
    ""preYearValue"": {
      ""type"": ""BigDecimal"",
      ""description"": ""Giá trị cùng kỳ năm trước""
    },
    ""subLabel"": {
      ""type"": ""String"",
      ""description"": ""Nhãn phụ""
    },
    ""toLabel"": {
      ""type"": ""String"",
      ""description"": ""Nhãn của giá trị kết thúc""
    },
    ""totalCount"": {
      ""type"": ""Long"",
      ""description"": ""Tổng số""
    },
    ""totalValue"": {
      ""type"": ""BigDecimal"",
      ""description"": ""Tổng giá trị""
    },
    ""totalValueKh"": {
      ""type"": ""BigDecimal"",
      ""description"": ""Tổng giá trị kế hoạch""
    },
    ""unit"": {
      ""type"": ""String"",
      ""description"": ""Đơn vị""
    },
    ""value"": {
      ""type"": ""BigDecimal"",
      ""description"": ""Số nhân sự""
    },
    ""valueTgRole"": {
      ""type"": ""BigDecimal"",
      ""description"": ""Giá trị của vai trò""
    }
  },
  ""structured_output"": {},
  ""allow_empty_result"": false
}"
get_staff_training_participation_ratio_vs_plan,Lấy tỷ lệ cán bộ nhân viên tham gia đào tạo so với kế hoạch,"API này truy vấn tỷ lệ cán bộ nhân viên tham gia chương trình đào tạo so với kế hoạch, yêu cầu ngày bắt đầu (fromDate) và ngày kết thúc (toDate). API trả về danh sách các mục bao gồm quý, số nhân sự, tỷ lệ phần trăm và phân loại theo nhân viên hoặc quản lý.","- Trong năm 2025, thì Tỷ lệ CBNV tham gia chương trình đào tạo so với kế hoạch của cả công ty là bao nhiêu %","{
  ""request"": {
    ""method"": ""POST"",
    ""path"": ""/api/v1/dashboard/training/NS-101"",
    ""content_type"": ""application/json"",
    ""query"": ""{}"",
    ""body"": ""['fromDate', 'toDate']""
  },
  ""example_call"": [
    {
      ""url_endpoint"": ""{{base_url}}/api/v1/dashboard/training/NS-101"",
      ""query"": ""{}"",
      ""body"": ""{\n \""fromDate\"": \""2025-01-01\"",\n \""toDate\"": \""2025-06-23\""\n}""
    }
  ],
  ""required_params"": [
    {
      ""name"": ""fromDate"",
      ""type"": ""Date(yyyy-mm-dd)"",
      ""description"": ""Từ ngày""
    },
    {
      ""name"": ""toDate"",
      ""type"": ""Date(yyyy-mm-dd)"",
      ""description"": ""Đến ngày""
    },
    {
      ""name"": ""trainGroup"",
      ""type"": ""List<String>"",
      ""description"": ""Danh sách tên chương trình đào tạo. Nếu không đề cập trả về []""
    },
    {
      ""name"": ""type"",
      ""type"": ""Integer"",
      ""description"": ""Loại thời gian. Nếu nhắc đến năm trả về 5, quý trả về 4, tháng trả về 3. Nếu nhắc đến khoảng thời gian hoặc không đề cập thì trả về 3.""
    }
  ],
  ""optional_params"": [
    {
      ""name"": ""organization"",
      ""type"": ""List<String>"",
      ""description"": ""Mã phòng ban. Nếu query không đề cập đến tên phòng ban -> trả về []""
    }
  ],
  ""response_schema"": {
    ""label"": {
      ""type"": ""String"",
      ""description"": ""Quý trong năm""
    },
    ""percent"": {
      ""type"": ""BigDecimal"",
      ""description"": ""Tổng tỉ lệ %""
    },
    ""normValue"": {
      ""type"": ""BigDecimal"",
      ""description"": ""Giá trị định mức""
    },
    ""chartData"": {
      ""type"": ""List<Object>"",
      ""description"": ""Dữ liệu biểu đồ chính""
    },
    ""subData"": {
      ""type"": ""List<Object>"",
      ""description"": ""Dữ liệu biểu đồ phụ""
    },
    ""totalValue"": {
      ""type"": ""BigDecimal"",
      ""description"": ""Tổng giá trị""
    }
  },
  ""structured_output"": {},
  ""allow_empty_result"": false
}"
get_assess_employee_professional_competence_statistics,Tính toán thống kê đánh giá năng lực chuyên môn nhân viên,API này tính toán tỷ lệ nhân viên đạt/không đạt đánh giá năng lực chuyên môn trong khoảng thời gian xác định bởi `fromDate` và `toDate`. Kết quả trả về bao gồm số lượng và phần trăm nhân viên theo từng kết quả đánh giá (Đạt/Không đạt) và phân loại cấp bậc.,"- Trong năm 2025, thì Tỷ lệ CBNV thi đạt đánh giá năng lực chuyên môn theo đợt của cả công ty là bao nhiêu %","{
  ""request"": {
    ""method"": ""POST"",
    ""path"": ""/api/v1/dashboard/training/NS-103"",
    ""content_type"": ""application/json"",
    ""query"": ""{}"",
    ""body"": ""['fromDate', 'toDate']""
  },
  ""example_call"": [
    {
      ""url_endpoint"": ""{{base_url}}/api/v1/dashboard/training/NS-103"",
      ""query"": ""{}"",
      ""body"": ""{\n \""fromDate\"": \""2025-01-01\"",\n \""toDate\"": \""2025-06-23\""\n}""
    }
  ],
  ""required_params"": [
    {
      ""name"": ""fromDate"",
      ""type"": ""Date(yyyy-mm-dd)"",
      ""description"": ""Từ ngày""
    },
    {
      ""name"": ""toDate"",
      ""type"": ""Date(yyyy-mm-dd)"",
      ""description"": ""Đến ngày""
    }
  ],
  ""optional_params"": [
    {
      ""name"": ""organization"",
      ""type"": ""List<String>"",
      ""description"": ""Mã phòng ban. Nếu query không đề cập đến tên phòng ban -> trả về []""
    }
  ],
  ""response_schema"": {
    ""chartData"": {
      ""type"": ""Array<Object>"",
      ""description"": ""Dữ liệu chi tiết cho biểu đồ""
    },
    ""label"": {
      ""type"": ""String"",
      ""description"": ""Đạt hoặc chưa đạt""
    },
    ""normValue"": {
      ""type"": ""Number"",
      ""description"": ""Giá trị""
    },
    ""percent"": {
      ""type"": ""BigDecimal"",
      ""description"": ""Tỉ lệ %""
    },
    ""subData"": {
      ""type"": ""Array<Object>"",
      ""description"": ""Dữ liệu phụ""
    },
    ""totalValue"": {
      ""type"": ""Number"",
      ""description"": ""Tổng số nhân sự""
    }
  },
  ""structured_output"": {},
  ""allow_empty_result"": false
}"
get_training_results_by_period,Lấy thống kê kết quả đào tạo theo thời gian,"API này truy xuất điểm đánh giá chương trình đào tạo dựa trên khoảng thời gian được chỉ định (từ ngày, đến ngày). Nó trả về dữ liệu về số lượng và tỷ lệ nhân sự đạt hoặc chưa đạt đánh giá, được phân loại theo nhóm.","- Trong Tháng 10/2025, Điểm đánh giá chương trình đào tạo của cả công ty là bao nhiêu","{
  ""request"": {
    ""method"": ""POST"",
    ""path"": ""/api/v1/dashboard/training/NS-107"",
    ""content_type"": ""application/json"",
    ""query"": ""{}"",
    ""body"": ""['fromDate', 'toDate']""
  },
  ""example_call"": [
    {
      ""url_endpoint"": ""{{base_url}}/api/v1/dashboard/training/NS-107"",
      ""query"": ""{}"",
      ""body"": ""{\n \""fromDate\"": \""2025-01-01\"",\n \""toDate\"": \""2025-06-23\""\n}""
    }
  ],
  ""required_params"": [
    {
      ""name"": ""fromDate"",
      ""type"": ""Date(yyyy-mm-dd)"",
      ""description"": ""Từ ngày""
    },
    {
      ""name"": ""toDate"",
      ""type"": ""Date(yyyy-mm-dd)"",
      ""description"": ""Đến ngày""
    }
  ],
  ""optional_params"": [
    {
      ""name"": ""organization"",
      ""type"": ""List<String>"",
      ""description"": ""Mã phòng ban. Nếu query không đề cập đến tên phòng ban -> trả về []""
    },
    {
      ""name"": ""trainGroup"",
      ""type"": ""List<String>"",
      ""description"": ""Danh sách nhóm chương trình đào tạo. Nếu không đề cập đến trả về []""
    }
  ],
  ""response_schema"": {
    ""compareData"": {
      ""type"": ""BigDecimal"",
      ""description"": ""Dữ liệu so sánh""
    },
    ""extPercent"": {
      ""type"": ""BigDecimal"",
      ""description"": ""Tỷ lệ phần trăm giá trị mở rộng""
    },
    ""extValue"": {
      ""type"": ""BigDecimal"",
      ""description"": ""giá trị""
    },
    ""failInGroup"": {
      ""type"": ""BigDecimal"",
      ""description"": ""Số lượng không đạt trong nhóm""
    },
    ""fromLabel"": {
      ""type"": ""String"",
      ""description"": ""Nhãn bắt đầu""
    },
    ""inProcessPercent"": {
      ""type"": ""BigDecimal"",
      ""description"": ""Tỷ lệ phần trăm đang xử lý""
    },
    ""inProcessValue"": {
      ""type"": ""BigDecimal"",
      ""description"": ""Giá trị đang xử lý""
    },
    ""isData"": {
      ""type"": ""Integer"",
      ""description"": ""Cờ xác định có dữ liệu hay không""
    },
    ""label"": {
      ""type"": ""String"",
      ""description"": ""Đạt hoặc chưa đạt""
    },
    ""passInGroup"": {
      ""type"": ""BigDecimal"",
      ""description"": ""Số lượng đạt trong nhóm""
    },
    ""percent"": {
      ""type"": ""BigDecimal"",
      ""description"": ""Tỉ lệ %""
    },
    ""percentDRole"": {
      ""type"": ""BigDecimal"",
      ""description"": ""Tỷ lệ phần trăm D-role""
    },
    ""percentFailInGroup"": {
      ""type"": ""BigDecimal"",
      ""description"": ""Tỷ lệ phần trăm không đạt trong nhóm""
    },
    ""percentPassInGroup"": {
      ""type"": ""BigDecimal"",
      ""description"": ""Tỷ lệ phần trăm đạt trong nhóm""
    },
    ""preLabel"": {
      ""type"": ""String"",
      ""description"": ""Nhãn của kỳ trước""
    },
    ""prePercent"": {
      ""type"": ""BigDecimal"",
      ""description"": ""Tỷ lệ phần trăm của kỳ trước""
    },
    ""preValue"": {
      ""type"": ""BigDecimal"",
      ""description"": ""Giá trị của kỳ trước""
    },
    ""preYearLabel"": {
      ""type"": ""String"",
      ""description"": ""Nhãn của cùng kỳ năm trước""
    },
    ""preYearPercent"": {
      ""type"": ""BigDecimal"",
      ""description"": ""Tỷ lệ phần trăm của cùng kỳ năm trước""
    },
    ""preYearValue"": {
      ""type"": ""BigDecimal"",
      ""description"": ""Giá trị của cùng kỳ năm trước""
    },
    ""subLabel"": {
      ""type"": ""String"",
      ""description"": ""Nhãn phụ""
    },
    ""toLabel"": {
      ""type"": ""String"",
      ""description"": ""Nhãn kết thúc""
    },
    ""totalCount"": {
      ""type"": ""Long"",
      ""description"": ""Tổng số lượng""
    },
    ""totalValue"": {
      ""type"": ""BigDecimal"",
      ""description"": ""Tổng giá trị""
    },
    ""totalValueKh"": {
      ""type"": ""BigDecimal"",
      ""description"": ""Tổng giá trị kế hoạch""
    },
    ""unit"": {
      ""type"": ""String"",
      ""description"": ""Đơn vị tính""
    },
    ""value"": {
      ""type"": ""BigDecimal"",
      ""description"": ""Số nhân sự""
    },
    ""valueTgRole"": {
      ""type"": ""BigDecimal"",
      ""description"": ""Giá trị TG-role""
    }
  },
  ""structured_output"": {},
  ""allow_empty_result"": false
}"
get_query_project_statistics_with_interns,Truy vấn thống kê dự án có thực tập sinh,"API này truy vấn số liệu thống kê liên quan đến các dự án có sử dụng effort từ thực tập sinh, yêu cầu `fromDate` và `toDate`. Dữ liệu trả về bao gồm số lượng nhân sự, tổng giá trị và tỷ lệ phần trăm phân loại theo trạng thái (đạt hoặc chưa đạt) của các dự án.","- Trong tháng 6/2025, có bao nhiêu dự án sử dụng effort từ thực tập sinh.","{
  ""request"": {
    ""method"": ""POST"",
    ""path"": ""/api/v1/dashboard/training/NS-122"",
    ""content_type"": ""application/json"",
    ""query"": ""{}"",
    ""body"": ""['fromDate', 'toDate']""
  },
  ""example_call"": [
    {
      ""url_endpoint"": ""{{base_url}}/api/v1/dashboard/training/NS-122"",
      ""query"": ""{}"",
      ""body"": ""{\n \""fromDate\"": \""2025-01-01\"",\n \""toDate\"": \""2025-06-23\""\n}""
    }
  ],
  ""required_params"": [
    {
      ""name"": ""fromDate"",
      ""type"": ""Date(yyyy-mm-dd)"",
      ""description"": ""Từ ngày""
    },
    {
      ""name"": ""toDate"",
      ""type"": ""Date(yyyy-mm-dd)"",
      ""description"": ""Đến ngày""
    }
  ],
  ""optional_params"": [
    {
      ""name"": ""organization"",
      ""type"": ""List<String>"",
      ""description"": ""Mã phòng ban. Nếu query không đề cập đến tên phòng ban -> trả về []""
    }
  ],
  ""response_schema"": {
    ""compareData"": {
      ""type"": ""Number"",
      ""description"": ""Dữ liệu so sánh""
    },
    ""extPercent"": {
      ""type"": ""Number"",
      ""description"": ""Tỷ lệ phần trăm mở rộng""
    },
    ""extValue"": {
      ""type"": ""BigDecimal"",
      ""description"": ""giá trị""
    },
    ""failInGroup"": {
      ""type"": ""Number"",
      ""description"": ""Số lượng không đạt trong nhóm""
    },
    ""fromLabel"": {
      ""type"": ""String"",
      ""description"": ""Nhãn bắt đầu""
    },
    ""inProcessPercent"": {
      ""type"": ""Number"",
      ""description"": ""Tỷ lệ đang xử lý""
    },
    ""inProcessValue"": {
      ""type"": ""Number"",
      ""description"": ""Giá trị đang xử lý""
    },
    ""isData"": {
      ""type"": ""Integer"",
      ""description"": ""Cờ cho biết có dữ liệu hay không""
    },
    ""label"": {
      ""type"": ""String"",
      ""description"": ""Đạt hoặc chưa đạt""
    },
    ""passInGroup"": {
      ""type"": ""Number"",
      ""description"": ""Số lượng đạt trong nhóm""
    },
    ""percent"": {
      ""type"": ""BigDecimal"",
      ""description"": ""Tỉ lệ %""
    },
    ""percentDRole"": {
      ""type"": ""Number"",
      ""description"": ""Tỷ lệ theo vai trò""
    },
    ""percentFailInGroup"": {
      ""type"": ""Number"",
      ""description"": ""Tỷ lệ không đạt trong nhóm""
    },
    ""percentPassInGroup"": {
      ""type"": ""Number"",
      ""description"": ""Tỷ lệ đạt trong nhóm""
    },
    ""preLabel"": {
      ""type"": ""String"",
      ""description"": ""Nhãn trước đó""
    },
    ""prePercent"": {
      ""type"": ""Number"",
      ""description"": ""Tỷ lệ trước đó""
    },
    ""preValue"": {
      ""type"": ""Number"",
      ""description"": ""Giá trị trước đó""
    },
    ""preYearLabel"": {
      ""type"": ""String"",
      ""description"": ""Nhãn của năm trước""
    },
    ""preYearPercent"": {
      ""type"": ""Number"",
      ""description"": ""Tỷ lệ của năm trước""
    },
    ""preYearValue"": {
      ""type"": ""Number"",
      ""description"": ""Giá trị của năm trước""
    },
    ""subLabel"": {
      ""type"": ""String"",
      ""description"": ""Nhãn phụ""
    },
    ""toLabel"": {
      ""type"": ""String"",
      ""description"": ""Nhãn kết thúc""
    },
    ""totalCount"": {
      ""type"": ""Integer"",
      ""description"": ""Tổng số lượng""
    },
    ""totalValue"": {
      ""type"": ""Number"",
      ""description"": ""Tổng giá trị""
    },
    ""totalValueKh"": {
      ""type"": ""Number"",
      ""description"": ""Tổng giá trị kế hoạch""
    },
    ""unit"": {
      ""type"": ""String"",
      ""description"": ""Đơn vị""
    },
    ""value"": {
      ""type"": ""BigDecimal"",
      ""description"": ""Số nhân sự""
    },
    ""valueTgRole"": {
      ""type"": ""Number"",
      ""description"": ""Giá trị theo vai trò""
    }
  },
  ""structured_output"": {},
  ""allow_empty_result"": false
}"
get_new_asset_purchase_statistics_by_period,Thống kê tài sản mua mới theo giai đoạn,API này truy xuất số lượng tài sản mua mới trong một khoảng thời gian được chỉ định bởi `fromDate` và `toDate`. API trả về tổng số tài sản và danh sách chi tiết số lượng cùng tỉ lệ của từng loại tài sản.,"- Trong năm 2025, có bao nhiêu tài sản mua mới","{
  ""request"": {
    ""method"": ""POST"",
    ""path"": ""/api/v1/dashboard/investment-asset/DTTS-006"",
    ""content_type"": ""application/json"",
    ""query"": ""{}"",
    ""body"": ""['fromDate', 'toDate', 'assetGroup']""
  },
  ""example_call"": [
    {
      ""url_endpoint"": ""{{base_url}}/api/v1/dashboard/investment-asset/DTTS-006"",
      ""query"": ""{}"",
      ""body"": ""{\n \""fromDate\"": \""2025-06-01\"",\n \""toDate\"": \""2025-06-16\"",\n \""assetGroup\"": null\n}""
    }
  ],
  ""required_params"": [
    {
      ""name"": ""fromDate"",
      ""type"": ""Date(yyyy-mm-dd)"",
      ""description"": ""Từ ngày""
    },
    {
      ""name"": ""toDate"",
      ""type"": ""Date(yyyy-mm-dd)"",
      ""description"": ""Đến ngày""
    }
  ],
  ""optional_params"": [
    {
      ""name"": ""assetGroup"",
      ""type"": ""List<String>"",
      ""description"": ""Nhóm tài sản. Nếu query không đề cập đến nhóm tài sản -> trả về []""
    }
  ],
  ""response_schema"": {
    ""label"": {
      ""type"": ""String"",
      ""description"": ""Loại tài sản""
    },
    ""percent"": {
      ""type"": ""BigDecimal"",
      ""description"": ""Tỉ lệ tài sản""
    },
    ""totalValue"": {
      ""type"": ""Long"",
      ""description"": ""Tổng số tài sản""
    },
    ""chartData"": {
      ""type"": ""List<Object>"",
      ""description"": ""Dữ liệu chi tiết của biểu đồ""
    },
    ""normValue"": {
      ""type"": ""Number"",
      ""description"": ""Giá trị tiêu chuẩn""
    },
    ""subData"": {
      ""type"": ""List<Object>"",
      ""description"": ""Dữ liệu phụ của biểu đồ""
    }
  },
  ""structured_output"": {},
  ""allow_empty_result"": false
}"
get_emerging_bid_packages_stats_by_time,Thống kê gói thầu phát sinh theo thời gian,"API này truy vấn thông tin gói thầu phát sinh dựa trên khoảng thời gian. Kết quả trả về bao gồm số lượng và tổng giá trị các gói thầu, được phân loại theo từng mốc thời gian.","- Trong năm 2025, thì Gói thầu phát sinh theo thời gian là bao nhiêu gói, tương ứng với bao nhiêu Tr đồng","{
  ""request"": {
    ""method"": ""POST"",
    ""path"": ""/api/v1/dashboard/investment-asset/DTTS-023"",
    ""content_type"": ""application/json"",
    ""query"": ""{}"",
    ""body"": ""['fromDate', 'toDate', 'type', 'lcntOption', 'lcntOptionDoing', 'lcntType', 'bidPlanType', 'lcntDomainType', 'status']""
  },
  ""example_call"": [
    {
      ""url_endpoint"": ""{{base_url}}/api/v1/dashboard/investment-asset/DTTS-023"",
      ""query"": ""{}"",
      ""body"": ""{\n \""fromDate\"": \""2023-09-01\"",\n \""toDate\"": \""2025-06-24\"",\n \""type\"": 5,\n \""lcntOption\"": [],\n \""lcntOptionDoing\"": [],\n \""lcntType\"": [],\n \""bidPlanType\"": [],\n \""lcntDomainType\"": [],\n \""status\"": []\n}""
    }
  ],
  ""required_params"": [
    {
      ""name"": ""fromDate"",
      ""type"": ""Date(yyyy-mm-dd)"",
      ""description"": ""Từ ngày""
    },
    {
      ""name"": ""toDate"",
      ""type"": ""Date(yyyy-mm-dd)"",
      ""description"": ""Đến ngày""
    },
    {
      ""name"": ""type"",
      ""type"": ""Integer"",
      ""description"": ""Loại thời gian. Nếu nhắc đến năm trả về 5, quý trả về 4, tháng trả về 3. Nếu nhắc đến khoảng thời gian hoặc không đề cập thì trả về 3.""
    }
  ],
  ""optional_params"": [
    {
      ""name"": ""lcntOption"",
      ""type"": ""List<String>"",
      ""description"": ""Phương thức LCNT. Nếu query không đề cập đến phương thúc LCNT -> trả về []""
    },
    {
      ""name"": ""lcntOptionDoing"",
      ""type"": ""List<String>"",
      ""description"": ""Cách thức tổ chức đấu thầu. Nếu query không đề cập đến cách thức đấu thầu -> trả về []""
    },
    {
      ""name"": ""lcntType"",
      ""type"": ""List<String>"",
      ""description"": ""Hình thức LCNT. Nếu query không đề cập đến hình thức LCNT -> trả về []""
    },
    {
      ""name"": ""bidPlanType"",
      ""type"": ""List<String>"",
      ""description"": ""Loại gói thầu. Nếu query không đề cập đến loại gói đấu thầu -> trả về []""
    },
    {
      ""name"": ""lcntDomainType"",
      ""type"": ""List<String>"",
      ""description"": ""Lĩnh vực đấu thầu. Nếu query không đề cập đến lĩnh vực đấu thầu -> trả về []""
    },
    {
      ""name"": ""status"",
      ""type"": ""List<String>"",
      ""description"": ""Trạng thái gói thầu. Nếu query không đề cập đến trạng thái -> trả về []""
    },
    {
      ""name"": ""isProbation"",
      ""type"": ""Integer"",
      ""description"": ""Trạng thái kí duyệt""
    }
  ],
  ""response_schema"": {
    ""compareData"": {
      ""type"": ""BigDecimal"",
      ""description"": ""Dữ liệu so sánh""
    },
    ""extPercent"": {
      ""type"": ""BigDecimal"",
      ""description"": ""Tỷ lệ phần trăm mở rộng""
    },
    ""extValue"": {
      ""type"": ""BigDecimal"",
      ""description"": ""Giá trị mở rộng""
    },
    ""failInGroup"": {
      ""type"": ""BigDecimal"",
      ""description"": ""Số lượng thất bại trong nhóm""
    },
    ""fromLabel"": {
      ""type"": ""String"",
      ""description"": ""Nhãn của mốc thời gian bắt đầu""
    },
    ""inProcessPercent"": {
      ""type"": ""BigDecimal"",
      ""description"": ""Tỷ lệ phần trăm đang trong tiến độ""
    },
    ""inProcessValue"": {
      ""type"": ""BigDecimal"",
      ""description"": ""Giá trị đang trong tiến độ""
    },
    ""isData"": {
      ""type"": ""Integer"",
      ""description"": ""Cờ xác định có dữ liệu hay không""
    },
    ""label"": {
      ""type"": ""String"",
      ""description"": ""nhãn theo thời gian""
    },
    ""passInGroup"": {
      ""type"": ""BigDecimal"",
      ""description"": ""Số lượng thành công trong nhóm""
    },
    ""percent"": {
      ""type"": ""BigDecimal"",
      ""description"": ""Tỷ lệ phần trăm""
    },
    ""percentDRole"": {
      ""type"": ""BigDecimal"",
      ""description"": ""Tỷ lệ phần trăm D-role""
    },
    ""percentFailInGroup"": {
      ""type"": ""BigDecimal"",
      ""description"": ""Tỷ lệ phần trăm thất bại trong nhóm""
    },
    ""percentPassInGroup"": {
      ""type"": ""BigDecimal"",
      ""description"": ""Tỷ lệ phần trăm thành công trong nhóm""
    },
    ""preLabel"": {
      ""type"": ""String"",
      ""description"": ""Nhãn của kỳ trước""
    },
    ""prePercent"": {
      ""type"": ""BigDecimal"",
      ""description"": ""Tỷ lệ phần trăm của kỳ trước""
    },
    ""preValue"": {
      ""type"": ""BigDecimal"",
      ""description"": ""Giá trị của kỳ trước""
    },
    ""preYearLabel"": {
      ""type"": ""String"",
      ""description"": ""Nhãn của cùng kỳ năm trước""
    },
    ""preYearPercent"": {
      ""type"": ""BigDecimal"",
      ""description"": ""Tỷ lệ phần trăm của cùng kỳ năm trước""
    },
    ""preYearValue"": {
      ""type"": ""BigDecimal"",
      ""description"": ""Giá trị của cùng kỳ năm trước""
    },
    ""subLabel"": {
      ""type"": ""String"",
      ""description"": ""Nhãn phụ""
    },
    ""toLabel"": {
      ""type"": ""String"",
      ""description"": ""Nhãn của mốc thời gian kết thúc""
    },
    ""totalCount"": {
      ""type"": ""Long"",
      ""description"": ""Tổng số lượng""
    },
    ""totalValue"": {
      ""type"": ""BigDecimal"",
      ""description"": ""Tổng giá trị""
    },
    ""totalValueKh"": {
      ""type"": ""BigDecimal"",
      ""description"": ""Tổng giá trị kế hoạch""
    },
    ""unit"": {
      ""type"": ""String"",
      ""description"": ""Đơn vị tính""
    },
    ""value"": {
      ""type"": ""Long"",
      ""description"": ""Số lượng""
    },
    ""valueTgRole"": {
      ""type"": ""BigDecimal"",
      ""description"": ""Giá trị TG-role""
    }
  },
  ""structured_output"": {},
  ""allow_empty_result"": false
}"
get_dtms_saving_rate_over_time,Truy vấn tỉ lệ tiết kiệm ĐTMS theo thời gian,"API này truy vấn tỉ lệ tiết kiệm Đầu tư mua sắm (ĐTMS) theo thời gian trong một khoảng thời gian xác định, yêu cầu các tham số `fromDate` và `toDate`. Kết quả trả về là danh sách các đối tượng chứa nhãn thời gian, tổng giá trị tiết kiệm, tỉ lệ tiết kiệm và tổng giá gói thầu sau thuế.","- Trong năm 2025, thì Tỉ lệ tiết kiệm ĐTMS theo thời gian là bao nhiêu %","{
  ""request"": {
    ""method"": ""POST"",
    ""path"": ""/api/v1/dashboard/investment-asset/DTTS-033"",
    ""content_type"": ""application/json"",
    ""query"": ""{}"",
    ""body"": ""['fromDate', 'toDate', 'type', 'lcntOption', 'lcntOptionDoing', 'lcntType', 'bidPlanType', 'lcntDomainType', 'status']""
  },
  ""example_call"": [
    {
      ""url_endpoint"": ""{{base_url}}/api/v1/dashboard/investment-asset/DTTS-033"",
      ""query"": ""{}"",
      ""body"": ""{\n \""fromDate\"": \""2025-07-01\"",\n \""toDate\"": \""2025-07-31\"",\n \""type\"": [],\n \""lcntOption\"": [],\n \""lcntOptionDoing\"": [],\n \""lcntType\"": [],\n \""bidPlanType\"": [],\n \""lcntDomainType\"": [],\n \""status\"": []\n}""
    }
  ],
  ""required_params"": [
    {
      ""name"": ""fromDate"",
      ""type"": ""Date(yyyy-mm-dd)"",
      ""description"": ""Từ ngày""
    },
    {
      ""name"": ""toDate"",
      ""type"": ""Date(yyyy-mm-dd)"",
      ""description"": ""Đến ngày""
    }
  ],
  ""optional_params"": [
    {
      ""name"": ""dtmsType"",
      ""type"": ""List<String>"",
      ""description"": ""Danh sách lĩnh vực đầu tư mua sắm. Nếu không đề cập trả về []""
    },
    {
      ""name"": ""dtmsClass"",
      ""type"": ""List<String>"",
      ""description"": ""Danh sách hạng mục đầu tư mua sắm. Nếu không đề cập trả về []""
    },
    {
      ""name"": ""lcntOption"",
      ""type"": ""List<String>"",
      ""description"": ""Phương thức LCNT. Nếu query không đề cập đến phương thúc LCNT -> trả về []""
    },
    {
      ""name"": ""lcntOptionDoing"",
      ""type"": ""List<String>"",
      ""description"": ""Cách thức tổ chức đấu thầu. Nếu query không đề cập đến cách thức đấu thầu -> trả về []""
    },
    {
      ""name"": ""lcntType"",
      ""type"": ""List<String>"",
      ""description"": ""Hình thức LCNT. Nếu query không đề cập đến hình thức LCNT -> trả về []""
    },
    {
      ""name"": ""bidPlanType"",
      ""type"": ""List<String>"",
      ""description"": ""Loại gói thầu. Nếu query không đề cập đến loại gói đấu thầu -> trả về []""
    },
    {
      ""name"": ""lcntDomainType"",
      ""type"": ""List<String>"",
      ""description"": ""Lĩnh vực đấu thầu. Nếu query không đề cập đến lĩnh vực đấu thầu -> trả về []""
    },
    {
      ""name"": ""status"",
      ""type"": ""List<String>"",
      ""description"": ""Trạng thái gói thầu. Nếu query không đề cập đến trạng thái -> trả về []""
    },
    {
      ""name"": ""isProbation"",
      ""type"": ""Integer"",
      ""description"": ""Trạng thái kí duyệt""
    }
  ],
  ""response_schema"": {
    ""chartData"": {
      ""type"": ""List<Object>"",
      ""description"": ""Dữ liệu biểu đồ chính""
    },
    ""label"": {
      ""type"": ""String"",
      ""description"": ""nhãn theo thời gian""
    },
    ""normValue"": {
      ""type"": ""BigDecimal"",
      ""description"": ""Giá trị tiêu chuẩn""
    },
    ""percent"": {
      ""type"": ""BigDecimal"",
      ""description"": ""tỉ lệ tiết kiệm""
    },
    ""subData"": {
      ""type"": ""List<Object>"",
      ""description"": ""Dữ liệu biểu đồ phụ""
    },
    ""totalValue"": {
      ""type"": ""BigDecimal"",
      ""description"": ""Tổng giá gói thầu sau thuế""
    }
  },
  ""structured_output"": {},
  ""allow_empty_result"": false
}"
get_procurement_contract_statistics_over_time,Thống kê hợp đồng mua sắm theo thời gian,"API này truy xuất dữ liệu về hợp đồng mua sắm trong một khoảng thời gian xác định, yêu cầu `fromDate` và `toDate`. Nó trả về tổng giá trị và số lượng hợp đồng được nhóm theo các mốc thời gian.","- Trong năm 2025, thì có bao nhiêu hợp đồng mua sắm và với mỗi hợp đồng mua sắm thì tương ứng với bao nhiêu Tr đồng","{
  ""request"": {
    ""method"": ""POST"",
    ""path"": ""/api/v1/dashboard/investment-asset/DTTS-049"",
    ""content_type"": ""application/json"",
    ""query"": ""{}"",
    ""body"": ""['fromDate', 'toDate', 'type', 'organization', 'dtmsClass', 'procurementType', 'dtmsType']""
  },
  ""example_call"": [
    {
      ""url_endpoint"": ""{{base_url}}/api/v1/dashboard/investment-asset/DTTS-049"",
      ""query"": ""{}"",
      ""body"": ""{\n \""fromDate\"": \""2023-09-01\"",\n \""toDate\"": \""2025-06-16\"",\n \""type\"": 5,\n \""organization\"": [],\n \""dtmsClass\"": [],\n \""procurementType\"": [],\n \""dtmsType\"": []\n}""
    }
  ],
  ""required_params"": [
    {
      ""name"": ""fromDate"",
      ""type"": ""Date(yyyy-mm-dd)"",
      ""description"": ""Từ ngày""
    },
    {
      ""name"": ""toDate"",
      ""type"": ""Date(yyyy-mm-dd)"",
      ""description"": ""Đến ngày""
    }
  ],
  ""optional_params"": [
    {
      ""name"": ""type"",
      ""type"": ""Integer"",
      ""description"": ""Loai tim kiem""
    },
    {
      ""name"": ""organization"",
      ""type"": ""List<String>"",
      ""description"": ""Đơn vị đề xuất. Nếu query không đề cập đến tên phòng ban -> trả về []""
    },
    {
      ""name"": ""dtmsClass"",
      ""type"": ""List<String>"",
      ""description"": ""Hạng mục ĐTMS. Nếu query không đề cập đến hạng mục -> trả về []""
    },
    {
      ""name"": ""procurementType"",
      ""type"": ""List<String>"",
      ""description"": ""Hình Thức mua sắm. Nếu query không đề cập đến hình thức mua sắm -> trả về []""
    },
    {
      ""name"": ""dtmsType"",
      ""type"": ""List<String>"",
      ""description"": ""Lĩnh Vực Dầu tư mua sắm. Nếu query không đề cập đến lĩnh vực đầu tư mua sắm -> trả về []""
    }
  ],
  ""response_schema"": {
    ""compareData"": {
      ""type"": ""BigDecimal"",
      ""description"": ""Dữ liệu so sánh""
    },
    ""extPercent"": {
      ""type"": ""BigDecimal"",
      ""description"": ""Tỷ lệ phần trăm mở rộng""
    },
    ""extValue"": {
      ""type"": ""BigDecimal"",
      ""description"": ""Tổng giá trị""
    },
    ""failInGroup"": {
      ""type"": ""BigDecimal"",
      ""description"": ""Số lượng không đạt trong nhóm""
    },
    ""fromLabel"": {
      ""type"": ""String"",
      ""description"": ""Nhãn bắt đầu""
    },
    ""inProcessPercent"": {
      ""type"": ""BigDecimal"",
      ""description"": ""Tỷ lệ phần trăm đang xử lý""
    },
    ""inProcessValue"": {
      ""type"": ""BigDecimal"",
      ""description"": ""Giá trị đang xử lý""
    },
    ""isData"": {
      ""type"": ""Integer"",
      ""description"": ""Cờ đánh dấu có dữ liệu hay không""
    },
    ""label"": {
      ""type"": ""String"",
      ""description"": ""nhẫn theo thời gian""
    },
    ""passInGroup"": {
      ""type"": ""BigDecimal"",
      ""description"": ""Số lượng đạt trong nhóm""
    },
    ""percent"": {
      ""type"": ""BigDecimal"",
      ""description"": ""Tỷ lệ phần trăm""
    },
    ""percentDRole"": {
      ""type"": ""BigDecimal"",
      ""description"": ""Tỷ lệ phần trăm vai trò D""
    },
    ""percentFailInGroup"": {
      ""type"": ""BigDecimal"",
      ""description"": ""Tỷ lệ phần trăm không đạt trong nhóm""
    },
    ""percentPassInGroup"": {
      ""type"": ""BigDecimal"",
      ""description"": ""Tỷ lệ phần trăm đạt trong nhóm""
    },
    ""preLabel"": {
      ""type"": ""String"",
      ""description"": ""Nhãn trước""
    },
    ""prePercent"": {
      ""type"": ""BigDecimal"",
      ""description"": ""Tỷ lệ phần trăm trước""
    },
    ""preValue"": {
      ""type"": ""BigDecimal"",
      ""description"": ""Giá trị trước""
    },
    ""preYearLabel"": {
      ""type"": ""String"",
      ""description"": ""Nhãn năm trước""
    },
    ""preYearPercent"": {
      ""type"": ""BigDecimal"",
      ""description"": ""Tỷ lệ phần trăm năm trước""
    },
    ""preYearValue"": {
      ""type"": ""BigDecimal"",
      ""description"": ""Giá trị năm trước""
    },
    ""subLabel"": {
      ""type"": ""String"",
      ""description"": ""Nhãn phụ""
    },
    ""toLabel"": {
      ""type"": ""String"",
      ""description"": ""Nhãn kết thúc""
    },
    ""totalCount"": {
      ""type"": ""Long"",
      ""description"": ""Tổng số lượng""
    },
    ""totalValue"": {
      ""type"": ""BigDecimal"",
      ""description"": ""Tổng giá trị""
    },
    ""totalValueKh"": {
      ""type"": ""BigDecimal"",
      ""description"": ""Tổng giá trị kế hoạch""
    },
    ""unit"": {
      ""type"": ""String"",
      ""description"": ""Đơn vị""
    },
    ""value"": {
      ""type"": ""BigDecimal"",
      ""description"": ""số lượng hợp đồng""
    },
    ""valueTgRole"": {
      ""type"": ""BigDecimal"",
      ""description"": ""Giá trị vai trò TG""
    }
  },
  ""structured_output"": {},
  ""allow_empty_result"": false
}"
get_average_labor_cost_by_unit_and_time,Lấy thông tin chi phí nhân công bình quân theo đơn vị và thời gian,"API này truy xuất dữ liệu chi phí nhân công (CPNC) bình quân thực hiện . Dữ liệu trả về bao gồm tổng chi phí nhân công ước thực hiện, tổng RA, và chi phí nhân công bình quân cho từng hạng mục: dự án, loại dự án, trung tâm.","- Trong T11/2025, thì CPNC BQ TH theo Công ty/ TT/ Dự án của TTPMTCS là bao nhiêu Trđ","{
  ""request"": {
    ""method"": ""POST"",
    ""path"": ""/api/v1/dashboard/ra-report/NS-047"",
    ""content_type"": ""application/json"",
    ""query"": ""{}"",
    ""body"": ""['fromDate', 'toDate']""
  },
  ""example_call"": [
    {
      ""url_endpoint"": ""{{base_url}}/api/v1/dashboard/ra-report/NS-047"",
      ""query"": ""{}"",
      ""body"": ""{\n \""fromDate\"": \""2025-01-01\"",\n \""toDate\"": \""2025-06-23\""\n}""
    }
  ],
  ""required_params"": [
    {
      ""name"": ""fromDate"",
      ""type"": ""Date(yyyy-mm-dd)"",
      ""description"": ""Từ ngày""
    },
    {
      ""name"": ""toDate"",
      ""type"": ""Date(yyyy-mm-dd)"",
      ""description"": ""Đến ngày""
    },
    {
      ""name"": ""type"",
      ""type"": ""Integer"",
      ""description"": ""Loại thời gian. 1(DAY), 2(WEEK), 3(MONTH), 4(QUATER), 5(YEAR)""
    }
  ],
  ""optional_params"": [
    {
      ""name"": ""organization"",
      ""type"": ""List<String>"",
      ""description"": ""Danh sách phòng/ban. Nếu không đề cập trả về []""
    }
  ],
  ""response_schema"": {
    ""chartData"": {
      ""type"": ""List<Object>"",
      ""description"": ""Dữ liệu của biểu đồ""
    },
    ""label"": {
      ""type"": ""String"",
      ""description"": ""Loại dự án""
    },
    ""normValue"": {
      ""type"": ""BigDecimal"",
      ""description"": ""Giá trị định mức""
    },
    ""percent"": {
      ""type"": ""BigDecimal"",
      ""description"": ""Chi phí nhân công bình quân""
    },
    ""subData"": {
      ""type"": ""List<Object>"",
      ""description"": ""Dữ liệu phụ của biểu đồ""
    },
    ""totalValue"": {
      ""type"": ""BigDecimal"",
      ""description"": ""Tổng CPNC ước thực hiện dự án""
    }
  },
  ""structured_output"": {},
  ""allow_empty_result"": false
}"
get_english_compliance_rate_of_employees,Truy xuất Tổng số chương trình đào tạo của Phòng/BU theo tháng/quý/năm,"API này cung cấp thông tin Tổng số chương trình đào tạo, API này trả ra Tổng số chương trình đào tạo, tỉ lệ % của Phòng/BU theo tháng quý năm","- Trong T12/2025, thì Tổng số chương trình đào tạo của Phòng/Ban theo tháng/quý/năm của công ty là bao nhiêu chương trình, kế hoạch là bao nhiêu, hoàn thành là bao nhiêu","{
  ""request"": {
    ""method"": ""POST"",
    ""path"": ""/api/v1/dashboard/training/NS-099"",
    ""content_type"": ""application/json"",
    ""query"": ""{}"",
    ""body"": ""['fromDate', 'toDate']""
  },
  ""example_call"": [
    {
      ""url_endpoint"": ""{{base_url}}/api/v1/dashboard/training/NS-099"",
      ""query"": ""{}"",
      ""body"": ""{\n \""fromDate\"": \""2025-01-01\"",\n \""toDate\"": \""2025-06-23\""\n}""
    }
  ],
  ""required_params"": [
    {
      ""name"": ""fromDate"",
      ""type"": ""Date(yyyy-mm-dd)"",
      ""description"": ""Từ ngày""
    },
    {
      ""name"": ""toDate"",
      ""type"": ""Date(yyyy-mm-dd)"",
      ""description"": ""Đến ngày""
    }
  ],
  ""optional_params"": [
    {
      ""name"": ""organization"",
      ""type"": ""List<String>"",
      ""description"": ""Danh sách phòng/ban, đơn vị. Nếu không đề cập trả về []""
    },
    {
      ""name"": ""trainGroup"",
      ""type"": ""List<String>"",
      ""description"": ""Danh sách tên chương trình đào tạo. Nếu không đề cập trả về []""
    }
  ],
  ""response_schema"": {
    ""label"": {
      ""type"": ""String"",
      ""description"": ""Nhãn của dữ liệu, thường là mốc thời gian""
    },
    ""value"": {
      ""type"": ""BigDecimal"",
      ""description"": ""Giá trị chính của biểu đồ""
    },
    ""extValue"": {
      ""type"": ""BigDecimal"",
      ""description"": ""Giá trị mở rộng""
    },
    ""percent"": {
      ""type"": ""BigDecimal"",
      ""description"": ""Tỷ lệ phần trăm của giá trị so với tổng""
    },
    ""compareData"": {
      ""type"": ""BigDecimal"",
      ""description"": ""Dữ liệu để so sánh""
    },
    ""extPercent"": {
      ""type"": ""BigDecimal"",
      ""description"": ""Phần trăm mở rộng""
    },
    ""failInGroup"": {
      ""type"": ""BigDecimal"",
      ""description"": ""Số lượng không đạt trong nhóm""
    },
    ""fromLabel"": {
      ""type"": ""String"",
      ""description"": ""Nhãn bắt đầu""
    },
    ""inProcessPercent"": {
      ""type"": ""BigDecimal"",
      ""description"": ""Tỷ lệ phần trăm đang thực hiện""
    },
    ""inProcessValue"": {
      ""type"": ""BigDecimal"",
      ""description"": ""Giá trị đang thực hiện""
    },
    ""isData"": {
      ""type"": ""Integer"",
      ""description"": ""Cờ xác định có dữ liệu hay không""
    },
    ""passInGroup"": {
      ""type"": ""BigDecimal"",
      ""description"": ""Số lượng đạt trong nhóm""
    },
    ""percentDRole"": {
      ""type"": ""BigDecimal"",
      ""description"": ""Tỷ lệ phần trăm theo vai trò D""
    },
    ""percentFailInGroup"": {
      ""type"": ""BigDecimal"",
      ""description"": ""Tỷ lệ không đạt trong nhóm""
    },
    ""percentPassInGroup"": {
      ""type"": ""BigDecimal"",
      ""description"": ""Tỷ lệ đạt trong nhóm""
    },
    ""preLabel"": {
      ""type"": ""String"",
      ""description"": ""Nhãn của kỳ trước""
    },
    ""prePercent"": {
      ""type"": ""BigDecimal"",
      ""description"": ""Tỷ lệ phần trăm của kỳ trước""
    },
    ""preValue"": {
      ""type"": ""BigDecimal"",
      ""description"": ""Giá trị của kỳ trước""
    },
    ""preYearLabel"": {
      ""type"": ""String"",
      ""description"": ""Nhãn của cùng kỳ năm trước""
    },
    ""preYearPercent"": {
      ""type"": ""BigDecimal"",
      ""description"": ""Tỷ lệ phần trăm của cùng kỳ năm trước""
    },
    ""preYearValue"": {
      ""type"": ""BigDecimal"",
      ""description"": ""Giá trị của cùng kỳ năm trước""
    },
    ""subLabel"": {
      ""type"": ""String"",
      ""description"": ""Nhãn phụ""
    },
    ""toLabel"": {
      ""type"": ""String"",
      ""description"": ""Nhãn kết thúc""
    },
    ""totalCount"": {
      ""type"": ""Integer"",
      ""description"": ""Tổng số lượng""
    },
    ""totalValue"": {
      ""type"": ""BigDecimal"",
      ""description"": ""Tổng giá trị""
    },
    ""totalValueKh"": {
      ""type"": ""BigDecimal"",
      ""description"": ""Tổng giá trị kế hoạch""
    },
    ""unit"": {
      ""type"": ""String"",
      ""description"": ""Đơn vị tính""
    },
    ""valueTgRole"": {
      ""type"": ""BigDecimal"",
      ""description"": ""Giá trị theo vai trò TG""
    }
  },
  ""structured_output"": {},
  ""allow_empty_result"": false
}"
get_summarize_project_intern_effort,Tổng hợp effort thực tập sinh dự án,"API này tính toán tổng effort của thực tập sinh được phân công vào dự án dựa trên khoảng thời gian được cung cấp bởi `fromDate` và `toDate`. Dữ liệu trả về bao gồm thông tin chi tiết về effort, được phân loại theo trạng thái (như ""PASS"" hoặc ""FAIL"") và vai trò, cùng với số lượng nhân sự và tỷ lệ phần trăm tương ứng.","- Trong tháng 6/2025, Tổng effort thực tập sinh load vào dự án của cả công ty là bao nhiêu MM.","{
  ""request"": {
    ""method"": ""POST"",
    ""path"": ""/api/v1/dashboard/training/NS-120"",
    ""content_type"": ""application/json"",
    ""query"": ""{}"",
    ""body"": ""['fromDate', 'toDate']""
  },
  ""example_call"": [
    {
      ""url_endpoint"": ""{{base_url}}/api/v1/dashboard/training/NS-120"",
      ""query"": ""{}"",
      ""body"": ""{\n \""fromDate\"": \""2025-01-01\"",\n \""toDate\"": \""2025-06-23\""\n}""
    }
  ],
  ""required_params"": [
    {
      ""name"": ""fromDate"",
      ""type"": ""Date(yyyy-mm-dd)"",
      ""description"": ""Từ ngày""
    },
    {
      ""name"": ""toDate"",
      ""type"": ""Date(yyyy-mm-dd)"",
      ""description"": ""Đến ngày""
    }
  ],
  ""optional_params"": [
    {
      ""name"": ""organization"",
      ""type"": ""List<String>"",
      ""description"": ""Danh sách mã phòng ban. Nếu không đề cập đến trả về []""
    }
  ],
  ""response_schema"": {
    ""compareData"": {
      ""type"": ""number"",
      ""description"": ""Dữ liệu so sánh""
    },
    ""extPercent"": {
      ""type"": ""number"",
      ""description"": ""Tỷ lệ phần trăm mở rộng""
    },
    ""extValue"": {
      ""type"": ""BigDecimal"",
      ""description"": ""giá trị""
    },
    ""failInGroup"": {
      ""type"": ""number"",
      ""description"": ""Số lượng không đạt trong nhóm""
    },
    ""fromLabel"": {
      ""type"": ""string"",
      ""description"": ""Nhãn bắt đầu""
    },
    ""inProcessPercent"": {
      ""type"": ""number"",
      ""description"": ""Tỷ lệ đang xử lý""
    },
    ""inProcessValue"": {
      ""type"": ""number"",
      ""description"": ""Giá trị đang xử lý""
    },
    ""isData"": {
      ""type"": ""integer"",
      ""description"": ""Cờ đánh dấu có dữ liệu hay không""
    },
    ""label"": {
      ""type"": ""String"",
      ""description"": ""Đạt hoặc chưa đạt""
    },
    ""passInGroup"": {
      ""type"": ""number"",
      ""description"": ""Số lượng đạt trong nhóm""
    },
    ""percent"": {
      ""type"": ""BigDecimal"",
      ""description"": ""Tỉ lệ %""
    },
    ""percentDRole"": {
      ""type"": ""number"",
      ""description"": ""Tỷ lệ phần trăm D-role""
    },
    ""percentFailInGroup"": {
      ""type"": ""number"",
      ""description"": ""Tỷ lệ không đạt trong nhóm""
    },
    ""percentPassInGroup"": {
      ""type"": ""number"",
      ""description"": ""Tỷ lệ đạt trong nhóm""
    },
    ""preLabel"": {
      ""type"": ""string"",
      ""description"": ""Nhãn kỳ trước""
    },
    ""prePercent"": {
      ""type"": ""number"",
      ""description"": ""Tỷ lệ kỳ trước""
    },
    ""preValue"": {
      ""type"": ""number"",
      ""description"": ""Giá trị kỳ trước""
    },
    ""preYearLabel"": {
      ""type"": ""string"",
      ""description"": ""Nhãn cùng kỳ năm trước""
    },
    ""preYearPercent"": {
      ""type"": ""number"",
      ""description"": ""Tỷ lệ cùng kỳ năm trước""
    },
    ""preYearValue"": {
      ""type"": ""number"",
      ""description"": ""Giá trị cùng kỳ năm trước""
    },
    ""subLabel"": {
      ""type"": ""string"",
      ""description"": ""Nhãn phụ""
    },
    ""toLabel"": {
      ""type"": ""string"",
      ""description"": ""Nhãn kết thúc""
    },
    ""totalCount"": {
      ""type"": ""integer"",
      ""description"": ""Tổng số lượng""
    },
    ""totalValue"": {
      ""type"": ""number"",
      ""description"": ""Tổng giá trị""
    },
    ""totalValueKh"": {
      ""type"": ""number"",
      ""description"": ""Tổng giá trị kế hoạch""
    },
    ""unit"": {
      ""type"": ""string"",
      ""description"": ""Đơn vị""
    },
    ""value"": {
      ""type"": ""BigDecimal"",
      ""description"": ""Số nhân sự""
    },
    ""valueTgRole"": {
      ""type"": ""number"",
      ""description"": ""Giá trị TG-role""
    }
  },
  ""structured_output"": {},
  ""allow_empty_result"": false
}"
get_production_asset_statistics_by_type,Thống kê tài sản sản xuất hiện có,"API này truy vấn số lượng tài sản sản xuất hiện có dựa trên các tiêu chí được cung cấp, yêu cầu tham số `toDate`. Nó trả về tổng số tài sản cùng với chi tiết phân loại tài sản, bao gồm số lượng và tỷ lệ cho từng loại.","- Trong năm 2025, có bao nhiêu tài sản hiện có","{
  ""request"": {
    ""method"": ""POST"",
    ""path"": ""/api/v1/dashboard/investment-asset/DTTS-003"",
    ""content_type"": ""application/json"",
    ""query"": ""{}"",
    ""body"": ""['fromDate', 'toDate', 'type', 'assetGroup']""
  },
  ""example_call"": [
    {
      ""url_endpoint"": ""{{base_url}}/api/v1/dashboard/investment-asset/DTTS-003"",
      ""query"": ""{}"",
      ""body"": ""{\n \""fromDate\"": \""2025-07-01\"",\n \""toDate\"": \""2025-07-31\"",\n \""type\"": 3,\n \""assetGroup\"": null\n}""
    }
  ],
  ""required_params"": [
    {
      ""name"": ""toDate"",
      ""type"": ""Date(yyyy-mm-dd)"",
      ""description"": ""Đến ngày""
    },
    {
      ""name"": ""fromDate"",
      ""type"": ""Date(yyyy-mm-dd)"",
      ""description"": ""từ ngày""
    },
    {
      ""name"": ""type"",
      ""type"": ""Integer"",
      ""description"": ""Nếu người dùng nói đến tháng thì là 3, quý là 4, năm là 5 (mặc định là 3)""
    }
  ],
  ""optional_params"": [
    {
      ""name"": ""assetGroup"",
      ""type"": ""List<String>"",
      ""description"": ""Nhóm tài sản. Nếu query không đề cập đến nhóm tài sản; trả về []""
    }
  ],
  ""response_schema"": {
    ""normValue"": {
      ""type"": ""Number"",
      ""description"": ""Giá trị định mức/tiêu chuẩn cho biểu đồ""
    },
    ""chartData"": {
      ""type"": ""Array"",
      ""description"": ""Dữ liệu cho biểu đồ chính, mỗi phần tử là một loại tài sản""
    },
    ""subData"": {
      ""type"": ""Array"",
      ""description"": ""Dữ liệu phụ cho biểu đồ""
    },
    ""label"": {
      ""type"": ""String"",
      ""description"": ""Loại tài sản""
    },
    ""totalValue"": {
      ""type"": ""Long"",
      ""description"": ""Tổng số tài sản""
    },
    ""percent"": {
      ""type"": ""BigDecimal"",
      ""description"": ""Tỉ lệ tài sản""
    }
  },
  ""structured_output"": {},
  ""allow_empty_result"": false
}"
get_production_inventory_information,Lấy thông tin tồn kho sản xuất,"API này truy xuất số lượng tài sản tồn kho sản xuất hiện có, yêu cầu tham số `toDate`. API trả về tổng số lượng và chi tiết từng loại tài sản, bao gồm giá trị và tỷ lệ.","- Trong năm 2025, có bao nhiêu tài sản tồn kho SX","{
  ""request"": {
    ""method"": ""POST"",
    ""path"": ""/api/v1/dashboard/investment-asset/DTTS-009"",
    ""content_type"": ""application/json"",
    ""query"": ""{}"",
    ""body"": ""['fromDate', 'toDate', 'assetGroup']""
  },
  ""example_call"": [
    {
      ""url_endpoint"": ""{{base_url}}/api/v1/dashboard/investment-asset/DTTS-009"",
      ""query"": ""{}"",
      ""body"": ""{\n \""fromDate\"": \""2025-06-01\"",\n \""toDate\"": \""2025-06-16\"",\n \""assetGroup\"": null,\n \""type\"": 3\n}""
    }
  ],
  ""required_params"": [
    {
      ""name"": ""toDate"",
      ""type"": ""Date(yyyy-mm-dd)"",
      ""description"": ""Đến ngày""
    },
    {
      ""name"": ""fromDate"",
      ""type"": ""Date(yyyy-mm-dd)"",
      ""description"": ""Từ ngày""
    },
    {
      ""name"": ""type"",
      ""type"": ""Integer"",
      ""description"": ""Đề cập đến năm thì trả về 5, quý -> 4, tháng ->3, tuần ->2, ngày ->1. Đề cập đến khoảng thời gian hoặc không nhắc đến thời gian thì mặc định trả về 3""
    }
  ],
  ""optional_params"": [
    {
      ""name"": ""assetGroup"",
      ""type"": ""List<String>"",
      ""description"": ""Nhóm tài sản. Nếu query không đề cập đến nhóm tài sản -> trả về []""
    }
  ],
  ""response_schema"": {
    ""normValue"": {
      ""type"": ""BigDecimal"",
      ""description"": ""Giá trị tham chiếu cho biểu đồ""
    },
    ""chartData"": {
      ""type"": ""List<Object>"",
      ""description"": ""Dữ liệu chi tiết cho biểu đồ, mỗi object chứa thông tin của một loại tài sản""
    },
    ""subData"": {
      ""type"": ""List<Object>"",
      ""description"": ""Dữ liệu phụ cho biểu đồ""
    },
    ""label"": {
      ""type"": ""String"",
      ""description"": ""Nhãn chính của dữ liệu""
    },
    ""totalValue"": {
      ""type"": ""Long"",
      ""description"": ""Tổng số tài sản""
    },
    ""percent"": {
      ""type"": ""BigDecimal"",
      ""description"": ""Tỉ lệ phần trăm tổng""
    }
  },
  ""structured_output"": {},
  ""allow_empty_result"": false
}"
get_special_asset_allocation_statistics_over_time,Tổng hợp thống kê tài sản cấp phát đặc thù theo thời gian,"API này truy xuất số lượng tài sản cấp phát đặc thù dựa trên khoảng thời gian từ `fromDate` đến `toDate`. API trả về tổng số tài sản và dữ liệu chi tiết theo từng loại, bao gồm số lượng và tỷ lệ phần trăm của mỗi loại tài sản.","- Trong năm 2025, có bao nhiêu tài sản cấp phát đặc thù","{
  ""request"": {
    ""method"": ""POST"",
    ""path"": ""/api/v1/dashboard/investment-asset/DTTS-015"",
    ""content_type"": ""application/json"",
    ""query"": ""{}"",
    ""body"": ""['fromDate', 'toDate', 'assetGroup']""
  },
  ""example_call"": [
    {
      ""url_endpoint"": ""{{base_url}}/api/v1/dashboard/investment-asset/DTTS-015"",
      ""query"": ""{}"",
      ""body"": ""{\n \""fromDate\"": \""2023-09-01\"",\n \""toDate\"": \""2025-06-16\"",\n \""assetGroup\"": null\n}""
    }
  ],
  ""required_params"": [
    {
      ""name"": ""fromDate"",
      ""type"": ""Date(yyyy-mm-dd)"",
      ""description"": ""Từ ngày""
    },
    {
      ""name"": ""toDate"",
      ""type"": ""Date(yyyy-mm-dd)"",
      ""description"": ""Đến ngày""
    }
  ],
  ""optional_params"": [
    {
      ""name"": ""assetGroup"",
      ""type"": ""List<String>"",
      ""description"": ""Nhóm tài sản. Nếu query không đề cập đến nhóm tài sản -> trả về []""
    }
  ],
  ""response_schema"": {
    ""normValue"": {
      ""type"": ""Number"",
      ""description"": ""Giá trị tiêu chuẩn""
    },
    ""chartData"": {
      ""type"": ""Array"",
      ""description"": ""Danh sách chi tiết các chart""
    },
    ""subData"": {
      ""type"": ""Array"",
      ""description"": ""Danh sách chi tiết các sub-chart""
    },
    ""label"": {
      ""type"": ""String"",
      ""description"": ""Loại tài sản""
    },
    ""totalValue"": {
      ""type"": ""Long"",
      ""description"": ""Tổng số tài sản""
    },
    ""percent"": {
      ""type"": ""BigDecimal"",
      ""description"": ""Tỉ lệ tài sản""
    }
  },
  ""structured_output"": {},
  ""allow_empty_result"": false
}"
get_proposal_statistics_by_time_range,Lấy thống kê tờ trình theo khoảng thời gian,"API này truy xuất dữ liệu thống kê về số lượng và tổng giá trị của các tờ trình trong một khoảng thời gian cụ thể. Nó yêu cầu cung cấp ngày bắt đầu (`fromDate`) và ngày kết thúc (`toDate`), và trả về số lượng tờ trình cùng tổng giá trị được nhóm theo mốc thời gian.","- Trong năm 2025, thì Đề xuất mua sắm là bao nhiêu tờ trình, tương ứng với bao nhiêu Tr đồng","{
  ""request"": {
    ""method"": ""POST"",
    ""path"": ""/api/v1/dashboard/investment-asset/DTTS-019"",
    ""content_type"": ""application/json"",
    ""query"": ""{}"",
    ""body"": ""['fromDate', 'toDate', 'type', 'organization', 'dtmsClass', 'procurementType', 'dtmsType']""
  },
  ""example_call"": [
    {
      ""url_endpoint"": ""{{base_url}}/api/v1/dashboard/investment-asset/DTTS-019"",
      ""query"": ""{}"",
      ""body"": ""{\n \""fromDate\"": \""2023-09-01\"",\n \""toDate\"": \""2025-06-16\"",\n \""type\"": 5,\n \""organization\"": [],\n \""dtmsClass\"": [],\n \""procurementType\"": [],\n \""dtmsType\"": []\n}""
    }
  ],
  ""required_params"": [
    {
      ""name"": ""fromDate"",
      ""type"": ""Date(yyyy-mm-dd)"",
      ""description"": ""Từ ngày""
    },
    {
      ""name"": ""toDate"",
      ""type"": ""Date(yyyy-mm-dd)"",
      ""description"": ""Đến ngày""
    }
  ],
  ""optional_params"": [
    {
      ""name"": ""type"",
      ""type"": ""Integer"",
      ""description"": ""Loai tim kiem:DAY(1), WEEK(2), MONTH(3), QUATER(4), YEAR(5);""
    },
    {
      ""name"": ""organization"",
      ""type"": ""List<String>"",
      ""description"": ""Đơn vị đề xuất. Nếu query không đề cập đến tên phòng ban -> trả về []""
    },
    {
      ""name"": ""dtmsClass"",
      ""type"": ""List<String>"",
      ""description"": ""Hạng mục Đấu thầu mua sắm(ĐTMS). Nếu query không đề cập đến -> trả về []""
    },
    {
      ""name"": ""procurementType"",
      ""type"": ""List<String>"",
      ""description"": ""Hình Thức mua sắm. Nếu query không đề cập đến -> trả về []""
    },
    {
      ""name"": ""dtmsType"",
      ""type"": ""List<String>"",
      ""description"": ""Lĩnh Vực Đấu thầu mua sắm. Nếu query không đề cập đến Lĩnh vực Đấu thầu mua sắm-> trả về []""
    }
  ],
  ""response_schema"": {
    ""compareData"": {
      ""type"": ""Number"",
      ""description"": ""Dữ liệu so sánh""
    },
    ""extPercent"": {
      ""type"": ""Number"",
      ""description"": ""Tỷ lệ phần trăm mở rộng""
    },
    ""extValue"": {
      ""type"": ""BigDecimal"",
      ""description"": ""Tổng số giá trị tờ trình""
    },
    ""failInGroup"": {
      ""type"": ""Number"",
      ""description"": ""Số lượng thất bại trong nhóm""
    },
    ""fromLabel"": {
      ""type"": ""String"",
      ""description"": ""Nhãn bắt đầu""
    },
    ""inProcessPercent"": {
      ""type"": ""Number"",
      ""description"": ""Tỷ lệ đang xử lý""
    },
    ""inProcessValue"": {
      ""type"": ""Number"",
      ""description"": ""Giá trị đang xử lý""
    },
    ""isData"": {
      ""type"": ""Integer"",
      ""description"": ""Cờ xác định có dữ liệu hay không""
    },
    ""label"": {
      ""type"": ""String"",
      ""description"": ""Nhãn theo thời gian""
    },
    ""passInGroup"": {
      ""type"": ""Number"",
      ""description"": ""Số lượng thành công trong nhóm""
    },
    ""percent"": {
      ""type"": ""Number"",
      ""description"": ""Tỷ lệ phần trăm""
    },
    ""percentDRole"": {
      ""type"": ""Number"",
      ""description"": ""Tỷ lệ D-role""
    },
    ""percentFailInGroup"": {
      ""type"": ""Number"",
      ""description"": ""Tỷ lệ thất bại trong nhóm""
    },
    ""percentPassInGroup"": {
      ""type"": ""Number"",
      ""description"": ""Tỷ lệ thành công trong nhóm""
    },
    ""preLabel"": {
      ""type"": ""String"",
      ""description"": ""Nhãn trước""
    },
    ""prePercent"": {
      ""type"": ""Number"",
      ""description"": ""Tỷ lệ trước""
    },
    ""preValue"": {
      ""type"": ""Number"",
      ""description"": ""Giá trị trước""
    },
    ""preYearLabel"": {
      ""type"": ""String"",
      ""description"": ""Nhãn năm trước""
    },
    ""preYearPercent"": {
      ""type"": ""Number"",
      ""description"": ""Tỷ lệ năm trước""
    },
    ""preYearValue"": {
      ""type"": ""Number"",
      ""description"": ""Giá trị năm trước""
    },
    ""subLabel"": {
      ""type"": ""String"",
      ""description"": ""Nhãn phụ""
    },
    ""toLabel"": {
      ""type"": ""String"",
      ""description"": ""Nhãn kết thúc""
    },
    ""totalCount"": {
      ""type"": ""Integer"",
      ""description"": ""Tổng số lượng""
    },
    ""totalValue"": {
      ""type"": ""Number"",
      ""description"": ""Tổng giá trị""
    },
    ""totalValueKh"": {
      ""type"": ""Number"",
      ""description"": ""Tổng giá trị KH""
    },
    ""unit"": {
      ""type"": ""String"",
      ""description"": ""Đơn vị""
    },
    ""value"": {
      ""type"": ""BigDecimal"",
      ""description"": ""Số tờ trình""
    },
    ""valueTgRole"": {
      ""type"": ""Number"",
      ""description"": ""Giá trị TG-role""
    }
  },
  ""structured_output"": {},
  ""allow_empty_result"": false
}"
get_online_bidding_ratio_stats,Lấy thống kê tỷ lệ đấu thầu qua mạng,"API này truy xuất dữ liệu về tỷ lệ đấu thầu qua mạng trong một khoảng thời gian được chỉ định bởi `fromDate` và `toDate`. API trả về dữ liệu thống kê, bao gồm tỷ lệ phần trăm đấu thầu qua mạng và không qua mạng, cùng với các chi tiết phân loại khác.","- Trong năm 2025, thì Tỷ lệ đấu thầu qua mạng là bao nhiêu %","{
  ""request"": {
    ""method"": ""POST"",
    ""path"": ""/api/v1/dashboard/investment-asset/DTTS-026"",
    ""content_type"": ""application/json"",
    ""query"": ""{}"",
    ""body"": ""['fromDate', 'toDate', 'type', 'lcntOption', 'lcntOptionDoing', 'lcntType', 'bidPlanType', 'lcntDomainType', 'status']""
  },
  ""example_call"": [
    {
      ""url_endpoint"": ""{{base_url}}/api/v1/dashboard/investment-asset/DTTS-026"",
      ""query"": ""{}"",
      ""body"": ""{\n \""fromDate\"": \""2023-09-01\"",\n \""toDate\"": \""2025-06-24\"",\n \""type\"": 5,\n \""lcntOption\"": [],\n \""lcntOptionDoing\"": [],\n \""lcntType\"": [],\n \""bidPlanType\"": [],\n \""lcntDomainType\"": [],\n \""status\"": []\n}""
    }
  ],
  ""required_params"": [
    {
      ""name"": ""fromDate"",
      ""type"": ""Date(yyyy-mm-dd)"",
      ""description"": ""Từ ngày""
    },
    {
      ""name"": ""toDate"",
      ""type"": ""Date(yyyy-mm-dd)"",
      ""description"": ""Đến ngày""
    }
  ],
  ""optional_params"": [
    {
      ""name"": ""lcntOption"",
      ""type"": ""List<String>"",
      ""description"": ""Phương thức LCNT. Nếu query không đề cập đến -> trả về []""
    },
    {
      ""name"": ""lcntOptionDoing"",
      ""type"": ""List<String>"",
      ""description"": ""Cách thức tổ chức đấu thầu. Nếu query không đề cập đến -> trả về []""
    },
    {
      ""name"": ""lcntType"",
      ""type"": ""List<String>"",
      ""description"": ""Hình thức LCNT. Nếu query không đề cập đến -> trả về []""
    },
    {
      ""name"": ""bidPlanType"",
      ""type"": ""List<String>"",
      ""description"": ""Loại gói thầu. Nếu query không đề cập đến -> trả về []""
    },
    {
      ""name"": ""lcntDomainType"",
      ""type"": ""List<String>"",
      ""description"": ""Lĩnh vực đấu thầu. Nếu query không đề cập đến -> trả về []""
    },
    {
      ""name"": ""status"",
      ""type"": ""List<String>"",
      ""description"": ""Trạng thái gói thầu. Nếu query không đề cập đến -> trả về []""
    },
    {
      ""name"": ""isProbation"",
      ""type"": ""Integer"",
      ""description"": ""Trạng thái kí duyệt""
    }
  ],
  ""response_schema"": {
    ""normValue"": {
      ""type"": ""BigDecimal"",
      ""description"": ""Giá trị định mức/tiêu chuẩn""
    },
    ""chartData"": {
      ""type"": ""List<Object>"",
      ""description"": ""Dữ liệu cho biểu đồ chính, thống kê tỷ lệ đấu thầu qua mạng và không qua mạng""
    },
    ""subData"": {
      ""type"": ""List<Object>"",
      ""description"": ""Dữ liệu phụ, chi tiết theo từng loại hình""
    },
    ""label"": {
      ""type"": ""String"",
      ""description"": ""Nhãn chung cho dữ liệu""
    },
    ""totalValue"": {
      ""type"": ""BigDecimal"",
      ""description"": ""Tổng giá trị, tương ứng với tổng số lượng gói thầu""
    },
    ""percent"": {
      ""type"": ""BigDecimal"",
      ""description"": ""Tỷ lệ phần trăm tổng quan""
    }
  },
  ""structured_output"": {},
  ""allow_empty_result"": false
}"
get_dtms_savings_over_time,Lấy giá trị tiết kiệm ĐTMS theo thời gian,"API này truy xuất giá trị tiết kiệm Đầu tư mua sắm ĐTMS theo khoảng thời gian được chỉ định. API trả về danh sách các giá trị tiết kiệm, tổng giá trị và nhãn tương ứng theo thời gian.","- Trong năm 2025, thì Giá trị tiết kiệm ĐTMS theo thời gian là bao nhiêu","{
  ""request"": {
    ""method"": ""POST"",
    ""path"": ""/api/v1/dashboard/investment-asset/DTTS-032"",
    ""content_type"": ""application/json"",
    ""query"": ""{}"",
    ""body"": ""['fromDate', 'toDate', 'type', 'lcntOption', 'lcntOptionDoing', 'lcntType', 'bidPlanType', 'lcntDomainType', 'status']""
  },
  ""example_call"": [
    {
      ""url_endpoint"": ""{{base_url}}/api/v1/dashboard/investment-asset/DTTS-032"",
      ""query"": ""{}"",
      ""body"": ""{\n \""fromDate\"": \""2025-07-01\"",\n \""toDate\"": \""2025-07-31\"",\n \""type\"": 5,\n \""lcntOption\"": [],\n \""lcntOptionDoing\"": [],\n \""lcntType\"": [],\n \""bidPlanType\"": [],\n \""lcntDomainType\"": [],\n \""status\"": []\n}""
    }
  ],
  ""required_params"": [
    {
      ""name"": ""fromDate"",
      ""type"": ""Date(yyyy-mm-dd)"",
      ""description"": ""Từ ngày""
    },
    {
      ""name"": ""toDate"",
      ""type"": ""Date(yyyy-mm-dd)"",
      ""description"": ""Đến ngày""
    }
  ],
  ""optional_params"": [
    {
      ""name"": ""dtmsType"",
      ""type"": ""List<String>"",
      ""description"": ""Danh sách lĩnh vực đầu tư mua sắm. Nếu không đề cập trả về []""
    },
    {
      ""name"": ""dtmsClass"",
      ""type"": ""List<String>"",
      ""description"": ""Danh sách hạng mục đầu tư mua sắm. Nếu không đề cập trả về []""
    },
    {
      ""name"": ""lcntOption"",
      ""type"": ""List<String>"",
      ""description"": ""Phương thức LCNT. Nếu query không đề cập đến phương thúc LCNT -> trả về []""
    },
    {
      ""name"": ""lcntOptionDoing"",
      ""type"": ""List<String>"",
      ""description"": ""Cách thức tổ chức đấu thầu. Nếu query không đề cập đến cách thức đấu thầu -> trả về []""
    },
    {
      ""name"": ""lcntType"",
      ""type"": ""List<String>"",
      ""description"": ""Hình thức LCNT. Nếu query không đề cập đến hình thức LCNT -> trả về []""
    },
    {
      ""name"": ""bidPlanType"",
      ""type"": ""List<String>"",
      ""description"": ""Loại gói thầu. Nếu query không đề cập đến loại gói đấu thầu -> trả về []""
    },
    {
      ""name"": ""lcntDomainType"",
      ""type"": ""List<String>"",
      ""description"": ""Lĩnh vực đấu thầu. Nếu query không đề cập đến lĩnh vực đấu thầu -> trả về []""
    },
    {
      ""name"": ""status"",
      ""type"": ""List<String>"",
      ""description"": ""Trạng thái gói thầu. Nếu query không đề cập đến trạng thái -> trả về []""
    },
    {
      ""name"": ""isProbation"",
      ""type"": ""Integer"",
      ""description"": ""Trạng thái kí duyệt""
    }
  ],
  ""response_schema"": {
    ""compareData"": {
      ""type"": ""Number"",
      ""description"": ""Dữ liệu so sánh""
    },
    ""extPercent"": {
      ""type"": ""Number"",
      ""description"": ""Tỷ lệ phần trăm mở rộng""
    },
    ""extValue"": {
      ""type"": ""BigDecimal"",
      ""description"": ""giá trị tiết kiệm""
    },
    ""failInGroup"": {
      ""type"": ""Number"",
      ""description"": ""Số lượng thất bại trong nhóm""
    },
    ""fromLabel"": {
      ""type"": ""String"",
      ""description"": ""Nhãn bắt đầu""
    },
    ""inProcessPercent"": {
      ""type"": ""Number"",
      ""description"": ""Tỷ lệ đang xử lý""
    },
    ""inProcessValue"": {
      ""type"": ""Number"",
      ""description"": ""Giá trị đang xử lý""
    },
    ""isData"": {
      ""type"": ""Integer"",
      ""description"": ""Cờ dữ liệu""
    },
    ""label"": {
      ""type"": ""String"",
      ""description"": ""nhãn theo thời gian""
    },
    ""passInGroup"": {
      ""type"": ""Number"",
      ""description"": ""Số lượng thành công trong nhóm""
    },
    ""percent"": {
      ""type"": ""Number"",
      ""description"": ""Tỷ lệ phần trăm""
    },
    ""percentDRole"": {
      ""type"": ""Number"",
      ""description"": ""Tỷ lệ D-role""
    },
    ""percentFailInGroup"": {
      ""type"": ""Number"",
      ""description"": ""Tỷ lệ thất bại trong nhóm""
    },
    ""percentPassInGroup"": {
      ""type"": ""Number"",
      ""description"": ""Tỷ lệ thành công trong nhóm""
    },
    ""preLabel"": {
      ""type"": ""String"",
      ""description"": ""Nhãn trước""
    },
    ""prePercent"": {
      ""type"": ""Number"",
      ""description"": ""Tỷ lệ trước""
    },
    ""preValue"": {
      ""type"": ""Number"",
      ""description"": ""Giá trị trước""
    },
    ""preYearLabel"": {
      ""type"": ""String"",
      ""description"": ""Nhãn năm trước""
    },
    ""preYearPercent"": {
      ""type"": ""Number"",
      ""description"": ""Tỷ lệ năm trước""
    },
    ""preYearValue"": {
      ""type"": ""Number"",
      ""description"": ""Giá trị năm trước""
    },
    ""subLabel"": {
      ""type"": ""String"",
      ""description"": ""Nhãn phụ""
    },
    ""toLabel"": {
      ""type"": ""String"",
      ""description"": ""Nhãn kết thúc""
    },
    ""totalCount"": {
      ""type"": ""Integer"",
      ""description"": ""Tổng số lượng""
    },
    ""totalValue"": {
      ""type"": ""BigDecimal"",
      ""description"": ""Tổng giá gói thầu sau thuế""
    },
    ""totalValueKh"": {
      ""type"": ""Number"",
      ""description"": ""Tổng giá trị kế hoạch""
    },
    ""unit"": {
      ""type"": ""String"",
      ""description"": ""Đơn vị""
    },
    ""value"": {
      ""type"": ""BigDecimal"",
      ""description"": ""giá trúng thầu sau thuế""
    },
    ""valueTgRole"": {
      ""type"": ""Number"",
      ""description"": ""Giá trị TG-role""
    }
  },
  ""structured_output"": {},
  ""allow_empty_result"": false
}"
get_procurement_plan_stats_by_time,Lấy thống kê KHLCNT theo thời gian,"API này truy xuất dữ liệu Kế hoạch Lựa chọn Nhà thầu (KHLCNT) trong khoảng thời gian . Dữ liệu trả về là một danh sách các mục, mỗi mục bao gồm nhãn thời gian, số lượng KHLCNT và giá trị tương ứng.","- Trong năm 2025, thì kế hoạch LCNT theo thời gian là bao nhiêu Tr đồng","{
  ""request"": {
    ""method"": ""POST"",
    ""path"": ""/api/v1/dashboard/investment-asset/DTTS-041"",
    ""content_type"": ""application/json"",
    ""query"": ""{}"",
    ""body"": ""['fromDate', 'toDate', 'type', 'status']""
  },
  ""example_call"": [
    {
      ""url_endpoint"": ""{{base_url}}/api/v1/dashboard/investment-asset/DTTS-041"",
      ""query"": ""{}"",
      ""body"": ""{\n \""fromDate\"": \""2025-07-01\"",\n \""toDate\"": \""2025-07-24\"",\n \""type\"": 5,\n \""status\"": []\n}""
    }
  ],
  ""required_params"": [
    {
      ""name"": ""fromDate"",
      ""type"": ""Date(yyyy-mm-dd)"",
      ""description"": ""Từ ngày""
    },
    {
      ""name"": ""toDate"",
      ""type"": ""Date(yyyy-mm-dd)"",
      ""description"": ""Đến ngày""
    },
    {
      ""name"": ""type"",
      ""type"": ""Integer"",
      ""description"": ""Loại ngày tháng. Nếu chỉ nhắc đến năm trả về 5, nhắc đến quý thì trả về 4, nhắc đến tháng thì trả về 3. Mặc định là 3""
    }
  ],
  ""optional_params"": [
    {
      ""name"": ""lcntOption"",
      ""type"": ""List<String>"",
      ""description"": ""Phương thức LCNT. Nếu query không đề cập đến phương thúc LCNT -> trả về []""
    },
    {
      ""name"": ""lcntOptionDoing"",
      ""type"": ""List<String>"",
      ""description"": ""Cách thức tổ chức đấu thầu. Nếu query không đề cập đến cách thức đấu thầu -> trả về []""
    },
    {
      ""name"": ""lcntType"",
      ""type"": ""List<String>"",
      ""description"": ""Hình thức LCNT. Nếu query không đề cập đến hình thức LCNT -> trả về []""
    },
    {
      ""name"": ""bidPlanType"",
      ""type"": ""List<String>"",
      ""description"": ""Loại gói thầu. Nếu query không đề cập đến loại gói đấu thầu -> trả về []""
    },
    {
      ""name"": ""lcntDomainType"",
      ""type"": ""List<String>"",
      ""description"": ""Lĩnh vực đấu thầu. Nếu query không đề cập đến lĩnh vực đấu thầu -> trả về []""
    },
    {
      ""name"": ""status"",
      ""type"": ""List<String>"",
      ""description"": ""Trạng thái gói thầu. Nếu query không đề cập đến trạng thái -> trả về []""
    },
    {
      ""name"": ""isProbation"",
      ""type"": ""Integer"",
      ""description"": ""Trạng thái kí duyệt""
    }
  ],
  ""response_schema"": {
    ""compareData"": {
      ""type"": ""Number"",
      ""description"": ""Dữ liệu để so sánh""
    },
    ""extPercent"": {
      ""type"": ""Number"",
      ""description"": ""Tỷ lệ phần trăm mở rộng""
    },
    ""extValue"": {
      ""type"": ""BigDecimal"",
      ""description"": ""Giá trị""
    },
    ""failInGroup"": {
      ""type"": ""Number"",
      ""description"": ""Số lượng không đạt trong nhóm""
    },
    ""fromLabel"": {
      ""type"": ""String"",
      ""description"": ""Nhãn bắt đầu""
    },
    ""inProcessPercent"": {
      ""type"": ""Number"",
      ""description"": ""Tỷ lệ phần trăm đang xử lý""
    },
    ""inProcessValue"": {
      ""type"": ""Number"",
      ""description"": ""Giá trị đang xử lý""
    },
    ""isData"": {
      ""type"": ""Integer"",
      ""description"": ""Cờ cho biết có dữ liệu hay không""
    },
    ""label"": {
      ""type"": ""String"",
      ""description"": ""Nhãn theo thời gian""
    },
    ""passInGroup"": {
      ""type"": ""Number"",
      ""description"": ""Số lượng đạt trong nhóm""
    },
    ""percent"": {
      ""type"": ""Number"",
      ""description"": ""Tỷ lệ phần trăm""
    },
    ""percentDRole"": {
      ""type"": ""Number"",
      ""description"": ""Tỷ lệ phần trăm D-role""
    },
    ""percentFailInGroup"": {
      ""type"": ""Number"",
      ""description"": ""Tỷ lệ phần trăm không đạt trong nhóm""
    },
    ""percentPassInGroup"": {
      ""type"": ""Number"",
      ""description"": ""Tỷ lệ phần trăm đạt trong nhóm""
    },
    ""preLabel"": {
      ""type"": ""String"",
      ""description"": ""Nhãn của kỳ trước""
    },
    ""prePercent"": {
      ""type"": ""Number"",
      ""description"": ""Tỷ lệ phần trăm của kỳ trước""
    },
    ""preValue"": {
      ""type"": ""Number"",
      ""description"": ""Giá trị của kỳ trước""
    },
    ""preYearLabel"": {
      ""type"": ""String"",
      ""description"": ""Nhãn của cùng kỳ năm trước""
    },
    ""preYearPercent"": {
      ""type"": ""Number"",
      ""description"": ""Tỷ lệ phần trăm của cùng kỳ năm trước""
    },
    ""preYearValue"": {
      ""type"": ""Number"",
      ""description"": ""Giá trị của cùng kỳ năm trước""
    },
    ""subLabel"": {
      ""type"": ""String"",
      ""description"": ""Nhãn phụ""
    },
    ""toLabel"": {
      ""type"": ""String"",
      ""description"": ""Nhãn kết thúc""
    },
    ""totalCount"": {
      ""type"": ""Long"",
      ""description"": ""Tổng số lượng""
    },
    ""totalValue"": {
      ""type"": ""Number"",
      ""description"": ""Tổng giá trị""
    },
    ""totalValueKh"": {
      ""type"": ""Number"",
      ""description"": ""Tổng giá trị kế hoạch""
    },
    ""unit"": {
      ""type"": ""String"",
      ""description"": ""Đơn vị tính""
    },
    ""value"": {
      ""type"": ""BigDecimal"",
      ""description"": ""số lượng KHLCNT""
    },
    ""valueTgRole"": {
      ""type"": ""Number"",
      ""description"": ""Giá trị TG-role""
    }
  },
  ""structured_output"": {},
  ""allow_empty_result"": false
}"
get_cpnc_by_period,Lấy thông tin Chi phí đào tạo theo thời gian,API này Lấy thông tin Chi phí đào tạo theo thời gian vào khoảng thời gian và trả về thống kê dữ liệu so sánh chi phí đã chi cho chương trình đào tạo so với kế hoạch giữa các Tháng trong năm.,"- Trong T7/2025, thì chi phí đào tạo đã chi theo Tháng/quý/năm của cả công ty là bao nhiêu Tr","{
  ""request"": {
    ""method"": ""POST"",
    ""path"": ""/api/v1/dashboard/training/NS-104"",
    ""content_type"": ""application/json"",
    ""query"": ""{}"",
    ""body"": ""['fromDate', 'toDate']""
  },
  ""example_call"": [
    {
      ""url_endpoint"": ""{{base_url}}/api/v1/dashboard/training/NS-104"",
      ""query"": ""{}"",
      ""body"": ""{\n \""fromDate\"": \""2025-01-01\"",\n \""toDate\"": \""2025-06-23\""\n}""
    }
  ],
  ""required_params"": [
    {
      ""name"": ""fromDate"",
      ""type"": ""Date(yyyy-mm-dd)"",
      ""description"": ""Từ ngày""
    },
    {
      ""name"": ""toDate"",
      ""type"": ""Date(yyyy-mm-dd)"",
      ""description"": ""Đến ngày""
    }
  ],
  ""optional_params"": [
    {
      ""name"": ""organization"",
      ""type"": ""List<String>"",
      ""description"": ""Mã phòng ban. Nếu query không đề cập đến tên phòng/ ban trả về []""
    },
    {
      ""name"": ""trainGroup"",
      ""type"": ""List<String>"",
      ""description"": ""Danh sách chương trình đào tạo. Nếu không đề cập trả về []""
    }
  ],
  ""response_schema"": {
    ""compareData"": {
      ""type"": ""BigDecimal"",
      ""description"": ""Dữ liệu so sánh""
    },
    ""extPercent"": {
      ""type"": ""BigDecimal"",
      ""description"": ""Tỷ lệ phần trăm giá trị mở rộng""
    },
    ""extValue"": {
      ""type"": ""BigDecimal"",
      ""description"": "" Tổng chi phí theo kế hoạch""
    },
    ""failInGroup"": {
      ""type"": ""BigDecimal"",
      ""description"": ""Số lượng không đạt trong nhóm""
    },
    ""fromLabel"": {
      ""type"": ""String"",
      ""description"": ""Nhãn bắt đầu""
    },
    ""inProcessPercent"": {
      ""type"": ""BigDecimal"",
      ""description"": ""Tỷ lệ phần trăm đang xử lý""
    },
    ""inProcessValue"": {
      ""type"": ""BigDecimal"",
      ""description"": ""Giá trị đang xử lý""
    },
    ""isData"": {
      ""type"": ""Integer"",
      ""description"": ""Cờ xác định có dữ liệu hay không""
    },
    ""label"": {
      ""type"": ""String"",
      ""description"": ""Đạt hoặc chưa đạt""
    },
    ""passInGroup"": {
      ""type"": ""BigDecimal"",
      ""description"": ""Số lượng đạt trong nhóm""
    },
    ""percent"": {
      ""type"": ""BigDecimal"",
      ""description"": ""Tỉ lệ %""
    },
    ""percentDRole"": {
      ""type"": ""BigDecimal"",
      ""description"": ""Tỷ lệ phần trăm D-role""
    },
    ""percentFailInGroup"": {
      ""type"": ""BigDecimal"",
      ""description"": ""Tỷ lệ phần trăm không đạt trong nhóm""
    },
    ""percentPassInGroup"": {
      ""type"": ""BigDecimal"",
      ""description"": ""Tỷ lệ phần trăm đạt trong nhóm""
    },
    ""preLabel"": {
      ""type"": ""String"",
      ""description"": ""Nhãn của kỳ trước""
    },
    ""prePercent"": {
      ""type"": ""BigDecimal"",
      ""description"": ""Tỷ lệ phần trăm của kỳ trước""
    },
    ""preValue"": {
      ""type"": ""BigDecimal"",
      ""description"": ""Giá trị của kỳ trước""
    },
    ""preYearLabel"": {
      ""type"": ""String"",
      ""description"": ""Nhãn của cùng kỳ năm trước""
    },
    ""preYearPercent"": {
      ""type"": ""BigDecimal"",
      ""description"": ""Tỷ lệ phần trăm của cùng kỳ năm trước""
    },
    ""preYearValue"": {
      ""type"": ""BigDecimal"",
      ""description"": ""Giá trị của cùng kỳ năm trước""
    },
    ""subLabel"": {
      ""type"": ""String"",
      ""description"": ""Nhãn phụ""
    },
    ""toLabel"": {
      ""type"": ""String"",
      ""description"": ""Nhãn kết thúc""
    },
    ""totalCount"": {
      ""type"": ""Long"",
      ""description"": ""Tổng số lượng""
    },
    ""totalValue"": {
      ""type"": ""BigDecimal"",
      ""description"": ""Tổng giá trị""
    },
    ""totalValueKh"": {
      ""type"": ""BigDecimal"",
      ""description"": ""Tổng giá trị kế hoạch""
    },
    ""unit"": {
      ""type"": ""String"",
      ""description"": ""Đơn vị tính""
    },
    ""value"": {
      ""type"": ""BigDecimal"",
      ""description"": ""Tổng số chi phí đã chi""
    },
    ""valueTgRole"": {
      ""type"": ""BigDecimal"",
      ""description"": ""Giá trị TG-role""
    }
  },
  ""structured_output"": {},
  ""allow_empty_result"": false
}"
get_personnel_count_by_period,Số lượng quân số,API này truy vấn số lượng quân số theo khoảng thời gian được chỉ định bởi `fromDate` và `toDate`. API trả về tổng số lượng nhân viên dưới dạng một giá trị số.,"- Trong năm 2025, số lượng quân số của cả công ty là bao nhiêu người","{
  ""request"": {
    ""method"": ""POST"",
    ""path"": ""/api/v1/dashboard/employee-info/NS-001?type=1"",
    ""content_type"": ""application/json"",
    ""query"": ""{}"",
    ""body"": {
      ""fromDate"": ""2025-01-01"",
      ""toDate"": ""2025-06-09""
    }
  },
  ""example_call"": [
    {
      ""url_endpoint"": ""{{base_url}}/api/v1/dashboard/employee-info/NS-001?type=1"",
      ""body"": {
        ""fromDate"": ""2025-01-01"",
        ""toDate"": ""2025-06-09""
      },
      ""query"": ""{}""
    }
  ],
  ""required_params"": [
    {
      ""name"": ""fromDate"",
      ""type"": ""Date(yyyy-mm-dd)"",
      ""description"": ""Từ ngày""
    },
    {
      ""name"": ""toDate"",
      ""type"": ""Date(yyyy-mm-dd)"",
      ""description"": ""Đến ngày""
    }
  ],
  ""optional_params"": [
    {
      ""name"": ""organization"",
      ""type"": ""List<String>"",
      ""description"": ""Danh sách phòng ban. Nếu query không đề cập đến tên phòng ban -> trả về []""
    },
    {
      ""name"": ""type"",
      ""type"": ""Integer"",
      ""description"": ""Tham số phân loại khoảng thời gian dùng để nhóm dữ liệu trong request body. Giá trị hợp lệ: DAY(1), WEEK(2), MONTH(3), QUARTER(4), YEAR(5). Lưu ý: tham số này KHÁC với query parameter 'type' trong endpoint URL. Query 'type' trong endpoint được cấu hình sẵn (ví dụ ?type=1) và không được thay đổi.""
    }
  ],
  ""response_schema"": {
    ""percent"": {
      ""type"": ""Double"",
      ""description"": ""Tỷ lệ %""
    },
    ""value"": {
      ""type"": ""Integer"",
      ""description"": ""Giá trị hiện tại""
    },
    ""totalCount"": {
      ""type"": ""Integer"",
      ""description"": ""Tổng số lượng""
    },
    ""label"": {
      ""type"": ""String"",
      ""description"": ""Nhãn thời gian chính""
    },
    ""subLabel"": {
      ""type"": ""String"",
      ""description"": ""Nhãn thời gian phụ""
    },
    ""extValue"": {
      ""type"": ""Double"",
      ""description"": ""Giá trị mở rộng""
    },
    ""unit"": {
      ""type"": ""String"",
      ""description"": ""Đơn vị tính""
    },
    ""extPercent"": {
      ""type"": ""Double"",
      ""description"": ""Tỷ lệ % mở rộng""
    },
    ""valueTgRole"": {
      ""type"": ""Double"",
      ""description"": ""Giá trị theo vai trò""
    },
    ""totalValueKh"": {
      ""type"": ""Double"",
      ""description"": ""Tổng giá trị kế hoạch""
    },
    ""percentDRole"": {
      ""type"": ""Double"",
      ""description"": ""Tỷ lệ % theo vai trò""
    },
    ""isData"": {
      ""type"": ""Boolean"",
      ""description"": ""Có dữ liệu hay không""
    },
    ""compareData"": {
      ""type"": ""Object"",
      ""description"": ""Dữ liệu so sánh""
    },
    ""inProcessValue"": {
      ""type"": ""Double"",
      ""description"": ""Giá trị đang xử lý""
    },
    ""inProcessPercent"": {
      ""type"": ""Double"",
      ""description"": ""Tỷ lệ % đang xử lý""
    },
    ""passInGroup"": {
      ""type"": ""Integer"",
      ""description"": ""Số lượng đạt trong nhóm""
    },
    ""percentPassInGroup"": {
      ""type"": ""Double"",
      ""description"": ""Tỷ lệ % đạt trong nhóm""
    },
    ""failInGroup"": {
      ""type"": ""Integer"",
      ""description"": ""Số lượng không đạt trong nhóm""
    },
    ""percentFailInGroup"": {
      ""type"": ""Double"",
      ""description"": ""Tỷ lệ % không đạt trong nhóm""
    },
    ""fromLabel"": {
      ""type"": ""String"",
      ""description"": ""Nhãn thời gian bắt đầu""
    },
    ""toLabel"": {
      ""type"": ""String"",
      ""description"": ""Nhãn thời gian kết thúc""
    },
    ""preLabel"": {
      ""type"": ""String"",
      ""description"": ""Nhãn kỳ trước""
    },
    ""preValue"": {
      ""type"": ""Double"",
      ""description"": ""Giá trị kỳ trước""
    },
    ""prePercent"": {
      ""type"": ""Double"",
      ""description"": ""Tỷ lệ % kỳ trước""
    },
    ""preYearLabel"": {
      ""type"": ""String"",
      ""description"": ""Nhãn cùng kỳ năm trước""
    },
    ""preYearValue"": {
      ""type"": ""Double"",
      ""description"": ""Giá trị cùng kỳ năm trước""
    },
    ""preYearPercent"": {
      ""type"": ""Double"",
      ""description"": ""Tỷ lệ % cùng kỳ năm trước""
    },
    ""totalValue"": {
      ""type"": ""Double"",
      ""description"": ""Tổng giá trị""
    }
  },
  ""structured_output"": {},
  ""allow_empty_result"": false
}"
get_probationary_resignations_count,SL nghỉ việc (HĐTV),"API này lấy số lượng nhân viên nghỉ việc theo hợp đồng thử việc trong một khoảng thời gian xác định. API yêu cầu `fromDate` và `toDate` dưới dạng ngày tháng, và trả về tổng số lượng nhân viên nghỉ việc dưới dạng một giá trị số.",- Trong năm 2025. thì có bao nhiêu nhân sự nghỉ việc HĐTV ở TTPMTCS,"{
  ""request"": {
    ""method"": ""POST"",
    ""path"": ""/api/v1/dashboard/employee-info/NS-001?type=4"",
    ""content_type"": ""application/json"",
    ""query"": ""{}"",
    ""body"": {
      ""fromDate"": ""2025-01-01"",
      ""toDate"": ""2025-06-09""
    }
  },
  ""example_call"": [
    {
      ""url_endpoint"": ""{{base_url}}/api/v1/dashboard/employee-info/NS-001?type=4"",
      ""body"": {
        ""fromDate"": ""2025-01-01"",
        ""toDate"": ""2025-06-09""
      },
      ""query"": ""{}""
    }
  ],
  ""required_params"": [
    {
      ""name"": ""fromDate"",
      ""type"": ""Date(yyyy-mm-dd)"",
      ""description"": ""Từ ngày""
    },
    {
      ""name"": ""toDate"",
      ""type"": ""Date(yyyy-mm-dd)"",
      ""description"": ""Đến ngày""
    }
  ],
  ""optional_params"": [
    {
      ""name"": ""organization"",
      ""type"": ""List<String>"",
      ""description"": ""Danh sách phòng ban. Nếu query không đề cập đến tên phòng ban -> trả về []""
    },
    {
      ""name"": ""type"",
      ""type"": ""Integer"",
      ""description"": ""Tham số phân loại khoảng thời gian dùng để nhóm dữ liệu trong request body. Giá trị hợp lệ: DAY(1), WEEK(2), MONTH(3), QUARTER(4), YEAR(5). Lưu ý: tham số này KHÁC với query parameter 'type' trong endpoint URL. Query 'type' trong endpoint được cấu hình sẵn (ví dụ ?type=1) và không được thay đổi.""
    }
  ],
  ""response_schema"": {
    ""percent"": {
      ""type"": ""Double"",
      ""description"": ""Tỷ lệ %""
    },
    ""value"": {
      ""type"": ""Integer"",
      ""description"": ""Giá trị hiện tại""
    },
    ""totalCount"": {
      ""type"": ""Integer"",
      ""description"": ""Tổng số lượng""
    },
    ""label"": {
      ""type"": ""String"",
      ""description"": ""Nhãn thời gian chính""
    },
    ""subLabel"": {
      ""type"": ""String"",
      ""description"": ""Nhãn thời gian phụ""
    },
    ""extValue"": {
      ""type"": ""Double"",
      ""description"": ""Giá trị mở rộng""
    },
    ""unit"": {
      ""type"": ""String"",
      ""description"": ""Đơn vị tính""
    },
    ""extPercent"": {
      ""type"": ""Double"",
      ""description"": ""Tỷ lệ % mở rộng""
    },
    ""valueTgRole"": {
      ""type"": ""Double"",
      ""description"": ""Giá trị theo vai trò""
    },
    ""totalValueKh"": {
      ""type"": ""Double"",
      ""description"": ""Tổng giá trị kế hoạch""
    },
    ""percentDRole"": {
      ""type"": ""Double"",
      ""description"": ""Tỷ lệ % theo vai trò""
    },
    ""isData"": {
      ""type"": ""Boolean"",
      ""description"": ""Có dữ liệu hay không""
    },
    ""compareData"": {
      ""type"": ""Object"",
      ""description"": ""Dữ liệu so sánh""
    },
    ""inProcessValue"": {
      ""type"": ""Double"",
      ""description"": ""Giá trị đang xử lý""
    },
    ""inProcessPercent"": {
      ""type"": ""Double"",
      ""description"": ""Tỷ lệ % đang xử lý""
    },
    ""passInGroup"": {
      ""type"": ""Integer"",
      ""description"": ""Số lượng đạt trong nhóm""
    },
    ""percentPassInGroup"": {
      ""type"": ""Double"",
      ""description"": ""Tỷ lệ % đạt trong nhóm""
    },
    ""failInGroup"": {
      ""type"": ""Integer"",
      ""description"": ""Số lượng không đạt trong nhóm""
    },
    ""percentFailInGroup"": {
      ""type"": ""Double"",
      ""description"": ""Tỷ lệ % không đạt trong nhóm""
    },
    ""fromLabel"": {
      ""type"": ""String"",
      ""description"": ""Nhãn thời gian bắt đầu""
    },
    ""toLabel"": {
      ""type"": ""String"",
      ""description"": ""Nhãn thời gian kết thúc""
    },
    ""preLabel"": {
      ""type"": ""String"",
      ""description"": ""Nhãn kỳ trước""
    },
    ""preValue"": {
      ""type"": ""Double"",
      ""description"": ""Giá trị kỳ trước""
    },
    ""prePercent"": {
      ""type"": ""Double"",
      ""description"": ""Tỷ lệ % kỳ trước""
    },
    ""preYearLabel"": {
      ""type"": ""String"",
      ""description"": ""Nhãn cùng kỳ năm trước""
    },
    ""preYearValue"": {
      ""type"": ""Double"",
      ""description"": ""Giá trị cùng kỳ năm trước""
    },
    ""preYearPercent"": {
      ""type"": ""Double"",
      ""description"": ""Tỷ lệ % cùng kỳ năm trước""
    },
    ""totalValue"": {
      ""type"": ""Double"",
      ""description"": ""Tổng giá trị""
    }
  },
  ""structured_output"": {},
  ""allow_empty_result"": false
}"
get_average_working_time,Thời gian làm việc TB,"API này tính toán thời gian làm việc trung bình trong một khoảng thời gian cụ thể. API nhận vào ngày bắt đầu (`fromDate`) và ngày kết thúc (`toDate`), sau đó trả về giá trị số là thời gian làm việc trung bình.",- Trong T12/2025 thì thời gian làm việc trung bình của TTPMQT là bao nhiêu,"{
  ""request"": {
    ""method"": ""POST"",
    ""path"": ""/api/v1/dashboard/employee-info/NS-001?type=7"",
    ""content_type"": ""application/json"",
    ""query"": ""{}"",
    ""body"": {
      ""fromDate"": ""2025-01-01"",
      ""toDate"": ""2025-06-09""
    }
  },
  ""example_call"": [
    {
      ""url_endpoint"": ""{{base_url}}/api/v1/dashboard/employee-info/NS-001?type=7"",
      ""body"": {
        ""fromDate"": ""2025-01-01"",
        ""toDate"": ""2025-06-09""
      },
      ""query"": ""{}""
    }
  ],
  ""required_params"": [
    {
      ""name"": ""fromDate"",
      ""type"": ""Date(yyyy-mm-dd)"",
      ""description"": ""Từ ngày""
    },
    {
      ""name"": ""toDate"",
      ""type"": ""Date(yyyy-mm-dd)"",
      ""description"": ""Đến ngày""
    },
    {
      ""name"": ""type"",
      ""type"": ""Integer"",
      ""description"": ""Tham số phân loại khoảng thời gian dùng để nhóm dữ liệu trong request body. Giá trị hợp lệ: DAY(1), WEEK(2), MONTH(3), QUARTER(4), YEAR(5). Lưu ý: tham số này KHÁC với query parameter 'type' trong endpoint URL. Query 'type' trong endpoint được cấu hình sẵn (ví dụ ?type=1) và không được thay đổi.""
    }
  ],
  ""optional_params"": [
    {
      ""name"": ""organization"",
      ""type"": ""List<String>"",
      ""description"": ""Danh sách phòng ban. Nếu query không đề cập đến tên phòng ban -> trả về []""
    }
  ],
  ""response_schema"": {
    ""percent"": {
      ""type"": ""Double"",
      ""description"": ""Tỷ lệ %""
    },
    ""value"": {
      ""type"": ""Integer"",
      ""description"": ""Giá trị hiện tại""
    },
    ""totalCount"": {
      ""type"": ""Integer"",
      ""description"": ""Tổng số lượng""
    },
    ""label"": {
      ""type"": ""String"",
      ""description"": ""Nhãn thời gian chính""
    },
    ""subLabel"": {
      ""type"": ""String"",
      ""description"": ""Nhãn thời gian phụ""
    },
    ""extValue"": {
      ""type"": ""Double"",
      ""description"": ""Giá trị mở rộng""
    },
    ""unit"": {
      ""type"": ""String"",
      ""description"": ""Đơn vị tính""
    },
    ""extPercent"": {
      ""type"": ""Double"",
      ""description"": ""Tỷ lệ % mở rộng""
    },
    ""valueTgRole"": {
      ""type"": ""Double"",
      ""description"": ""Giá trị theo vai trò""
    },
    ""totalValueKh"": {
      ""type"": ""Double"",
      ""description"": ""Tổng giá trị kế hoạch""
    },
    ""percentDRole"": {
      ""type"": ""Double"",
      ""description"": ""Tỷ lệ % theo vai trò""
    },
    ""isData"": {
      ""type"": ""Boolean"",
      ""description"": ""Có dữ liệu hay không""
    },
    ""compareData"": {
      ""type"": ""Object"",
      ""description"": ""Dữ liệu so sánh""
    },
    ""inProcessValue"": {
      ""type"": ""Double"",
      ""description"": ""Giá trị đang xử lý""
    },
    ""inProcessPercent"": {
      ""type"": ""Double"",
      ""description"": ""Tỷ lệ % đang xử lý""
    },
    ""passInGroup"": {
      ""type"": ""Integer"",
      ""description"": ""Số lượng đạt trong nhóm""
    },
    ""percentPassInGroup"": {
      ""type"": ""Double"",
      ""description"": ""Tỷ lệ % đạt trong nhóm""
    },
    ""failInGroup"": {
      ""type"": ""Integer"",
      ""description"": ""Số lượng không đạt trong nhóm""
    },
    ""percentFailInGroup"": {
      ""type"": ""Double"",
      ""description"": ""Tỷ lệ % không đạt trong nhóm""
    },
    ""fromLabel"": {
      ""type"": ""String"",
      ""description"": ""Nhãn thời gian bắt đầu""
    },
    ""toLabel"": {
      ""type"": ""String"",
      ""description"": ""Nhãn thời gian kết thúc""
    },
    ""preLabel"": {
      ""type"": ""String"",
      ""description"": ""Nhãn kỳ trước""
    },
    ""preValue"": {
      ""type"": ""Double"",
      ""description"": ""Giá trị kỳ trước""
    },
    ""prePercent"": {
      ""type"": ""Double"",
      ""description"": ""Tỷ lệ % kỳ trước""
    },
    ""preYearLabel"": {
      ""type"": ""String"",
      ""description"": ""Nhãn cùng kỳ năm trước""
    },
    ""preYearValue"": {
      ""type"": ""Double"",
      ""description"": ""Giá trị cùng kỳ năm trước""
    },
    ""preYearPercent"": {
      ""type"": ""Double"",
      ""description"": ""Tỷ lệ % cùng kỳ năm trước""
    },
    ""totalValue"": {
      ""type"": ""Double"",
      ""description"": ""Tổng giá trị""
    }
  },
  ""structured_output"": {},
  ""allow_empty_result"": false
}"
get_epics_by_progress_status,Số lượng EPIC theo tiến độ,"""API này truy xuất dữ liệu tổng số lượng EPIC và phân loại các EPIC xem EPIC nào đang trong tiến độ:Đúng hạn, Sắp đến hạn, Quá hạn, giúp có ích trong việc quản lý dự án""","- Trong tháng 12/2025, có bao nhiêu EPIC đúng hạn","{
  ""request"": {
    ""method"": ""POST"",
    ""path"": ""/api/v1/dashboard/charts?code=PMO-014"",
    ""content_type"": ""application/json"",
    ""query"": ""{}"",
    ""body"": {
      ""fromDate"": ""2025-01-01"",
      ""toDate"": ""2025-06-23""
    }
  },
  ""example_call"": [
    {
      ""url_endpoint"": ""{{base_url}}/api/v1/dashboard/charts?code=PMO-014"",
      ""body"": {
        ""fromDate"": ""2025-01-01"",
        ""toDate"": ""2025-06-23""
      },
      ""query"": ""{}""
    }
  ],
  ""required_params"": [
    {
      ""name"": ""fromDate"",
      ""type"": ""Date(yyyy-mm-dd)"",
      ""description"": ""Từ ngày""
    },
    {
      ""name"": ""toDate"",
      ""type"": ""Date(yyyy-mm-dd)"",
      ""description"": ""Đến ngày""
    }
  ],
  ""optional_params"": [
    {
      ""name"": ""projectList"",
      ""type"": ""List<Integer>"",
      ""description"": ""Danh sách id dự án. Nếu không đề cập trả về []""
    },
    {
      ""name"": ""organization"",
      ""type"": ""List<String>"",
      ""description"": ""Danh sách phòng/ban. Nếu không đề cập trả về []""
    },
    {
      ""name"": ""projectType"",
      ""type"": ""List<String>"",
      ""description"": ""Danh sách loại dự án. Nếu không đề cập trả về []""
    },
    {
      ""name"": ""projectStatus"",
      ""type"": ""List<String>"",
      ""description"": ""Danh sách trạng thái dự án. Nếu không đề cập trả về []""
    }
  ],
  ""response_schema"": {
    ""chartData"": {
      ""type"": ""List<BarChartProjection>"",
      ""description"": ""Dữ liệu chi tiết cho biểu đồ""
    },
    ""label"": {
      ""type"": ""String"",
      ""description"": ""Loại dự án (OSDC, Package, T&M)""
    },
    ""normValue"": {
      ""type"": ""BigDecimal"",
      ""description"": ""Tổng doanh thu""
    },
    ""percent"": {
      ""type"": ""BigDecimal"",
      ""description"": ""Tổng tỷ lệ phần trăm""
    },
    ""subData"": {
      ""type"": ""List<BarChartProjection>"",
      ""description"": ""Dữ liệu phụ cho biểu đồ""
    },
    ""totalValue"": {
      ""type"": ""BigDecimal"",
      ""description"": ""Tổng CPNC ước thực hiện dự án""
    }
  },
  ""structured_output"": {},
  ""allow_empty_result"": false
}"
get_task_count_by_progress,Số lượng Task theo tiến độ,"""API này truy xuất dữ liệu tổng số lượng Task và phân loại các Task xem Task nào đang trong tiến độ:Đúng hạn, Sắp đến hạn, Quá hạn, giúp có ích trong việc quản lý dự án""","- Trong tháng 12/2025, có bao nhiêu Task đúng hạn","{
  ""request"": {
    ""method"": ""POST"",
    ""path"": ""/api/v1/dashboard/charts?code=PMO-059"",
    ""content_type"": ""application/json"",
    ""query"": ""{}"",
    ""body"": {
      ""fromDate"": ""2025-01-01"",
      ""toDate"": ""2025-06-23""
    }
  },
  ""example_call"": [
    {
      ""url_endpoint"": ""{{base_url}}/api/v1/dashboard/charts?code=PMO-059"",
      ""body"": {
        ""fromDate"": ""2025-01-01"",
        ""toDate"": ""2025-06-23""
      },
      ""query"": ""{}""
    }
  ],
  ""required_params"": [
    {
      ""name"": ""fromDate"",
      ""type"": ""Date(yyyy-mm-dd)"",
      ""description"": ""Từ ngày""
    },
    {
      ""name"": ""toDate"",
      ""type"": ""Date(yyyy-mm-dd)"",
      ""description"": ""Đến ngày""
    }
  ],
  ""optional_params"": [
    {
      ""name"": ""projectList"",
      ""type"": ""List<Integer>"",
      ""description"": ""Danh sách id dự án. Nếu không đề cập trả về []""
    },
    {
      ""name"": ""organization"",
      ""type"": ""List<String>"",
      ""description"": ""Danh sách phòng/ban. Nếu không đề cập trả về []""
    },
    {
      ""name"": ""projectType"",
      ""type"": ""List<String>"",
      ""description"": ""Danh sách loại dự án. Nếu không đề cập trả về []""
    },
    {
      ""name"": ""projectStatus"",
      ""type"": ""List<String>"",
      ""description"": ""Danh sách trạng thái dự án. Nếu không đề cập trả về []""
    }
  ],
  ""response_schema"": {
    ""chartData"": {
      ""type"": ""List<Object>"",
      ""description"": ""Dữ liệu biểu đồ chính""
    },
    ""label"": {
      ""type"": ""String"",
      ""description"": ""Loại dự án""
    },
    ""normValue"": {
      ""type"": ""BigDecimal"",
      ""description"": ""Giá trị định mức""
    },
    ""percent"": {
      ""type"": ""BigDecimal"",
      ""description"": ""Chi phí nhân công bình quân""
    },
    ""subData"": {
      ""type"": ""List<Object>"",
      ""description"": ""Dữ liệu biểu đồ phụ""
    },
    ""totalValue"": {
      ""type"": ""BigDecimal"",
      ""description"": ""Tổng CPNC ước thực hiện dự án""
    }
  },
  ""structured_output"": {},
  ""allow_empty_result"": false
}"
get_us_counts_by_progress_status,Số lượng US theo tiến độ,"""API này truy xuất dữ liệu tổng số lượng US và phân loại các US xem US nào đang trong tiến độ:Đúng hạn, Sắp đến hạn, Quá hạn, giúp có ích trong việc quản lý dự án""","- Trong tháng 12/2025, có bao nhiêu US đúng hạn","{
  ""request"": {
    ""method"": ""POST"",
    ""path"": ""/api/v1/dashboard/charts?code=PMO-060"",
    ""content_type"": ""application/json"",
    ""query"": ""{}"",
    ""body"": {
      ""fromDate"": ""2025-01-01"",
      ""toDate"": ""2025-06-23""
    }
  },
  ""example_call"": [
    {
      ""url_endpoint"": ""{{base_url}}/api/v1/dashboard/charts?code=PMO-060"",
      ""body"": {
        ""fromDate"": ""2025-01-01"",
        ""toDate"": ""2025-06-23""
      },
      ""query"": ""{}""
    }
  ],
  ""required_params"": [
    {
      ""name"": ""fromDate"",
      ""type"": ""Date(yyyy-mm-dd)"",
      ""description"": ""Từ ngày""
    },
    {
      ""name"": ""toDate"",
      ""type"": ""Date(yyyy-mm-dd)"",
      ""description"": ""Đến ngày""
    }
  ],
  ""optional_params"": [
    {
      ""name"": ""projectList"",
      ""type"": ""List<Integer>"",
      ""description"": ""Danh sách id dự án. Nếu không đề cập trả về []""
    },
    {
      ""name"": ""organization"",
      ""type"": ""List<String>"",
      ""description"": ""Danh sách phòng/ban. Nếu không đề cập trả về []""
    },
    {
      ""name"": ""projectType"",
      ""type"": ""List<String>"",
      ""description"": ""Danh sách loại dự án. Nếu không đề cập trả về []""
    },
    {
      ""name"": ""projectStatus"",
      ""type"": ""List<String>"",
      ""description"": ""Danh sách trạng thái dự án. Nếu không đề cập trả về []""
    }
  ],
  ""response_schema"": {
    ""normValue"": {
      ""type"": ""BigDecimal"",
      ""description"": ""Tổng doanh thu""
    },
    ""chartData"": {
      ""type"": ""List<BarChartProjection>"",
      ""description"": ""Dữ liệu chi tiết cho biểu đồ chính""
    },
    ""subData"": {
      ""type"": ""List<BarChartProjection>"",
      ""description"": ""Dữ liệu phụ, có thể dùng cho các biểu đồ con hoặc thông tin bổ sung""
    },
    ""label"": {
      ""type"": ""String"",
      ""description"": ""Nhãn chính, thường là loại dự án (package, odc/osdc, T&M)""
    },
    ""totalValue"": {
      ""type"": ""BigDecimal"",
      ""description"": ""Tổng CPNC ước thực hiện dự án""
    },
    ""percent"": {
      ""type"": ""BigDecimal"",
      ""description"": ""Tỷ lệ phần trăm tổng thể của loại dự án""
    }
  },
  ""structured_output"": {},
  ""allow_empty_result"": false
}"
get_cr_by_progress,Số lượng CR theo tiến độ,"""API này truy xuất dữ liệu tổng số lượng CR và phân loại các CR xem CR nào đang trong tiến độ:Đúng hạn, Sắp đến hạn, Quá hạn, giúp có ích trong việc quản lý dự án""","- Trong tháng 12/2025, có bao nhiêu CR đúng hạn","{
  ""request"": {
    ""method"": ""POST"",
    ""path"": ""/api/v1/dashboard/charts?code=PMO-061"",
    ""content_type"": ""application/json"",
    ""query"": ""{}"",
    ""body"": {
      ""fromDate"": ""2025-01-01"",
      ""toDate"": ""2025-06-23""
    }
  },
  ""example_call"": [
    {
      ""url_endpoint"": ""{{base_url}}/api/v1/dashboard/charts?code=PMO-061"",
      ""body"": {
        ""fromDate"": ""2025-01-01"",
        ""toDate"": ""2025-06-23""
      },
      ""query"": ""{}""
    }
  ],
  ""required_params"": [
    {
      ""name"": ""fromDate"",
      ""type"": ""Date(yyyy-mm-dd)"",
      ""description"": ""Từ ngày""
    },
    {
      ""name"": ""toDate"",
      ""type"": ""Date(yyyy-mm-dd)"",
      ""description"": ""Đến ngày""
    }
  ],
  ""optional_params"": [
    {
      ""name"": ""projectList"",
      ""type"": ""List<Integer>"",
      ""description"": ""Danh sách id dự án. Nếu không đề cập trả về []""
    },
    {
      ""name"": ""organization"",
      ""type"": ""List<String>"",
      ""description"": ""Danh sách phòng/ban. Nếu không đề cập trả về []""
    },
    {
      ""name"": ""projectType"",
      ""type"": ""List<String>"",
      ""description"": ""Danh sách loại dự án. Nếu không đề cập trả về []""
    },
    {
      ""name"": ""projectStatus"",
      ""type"": ""List<String>"",
      ""description"": ""Danh sách trạng thái dự án. Nếu không đề cập trả về []""
    }
  ],
  ""response_schema"": {
    ""chartData"": {
      ""type"": ""List<Object>"",
      ""description"": ""Dữ liệu của biểu đồ""
    },
    ""label"": {
      ""type"": ""String"",
      ""description"": ""Loại dự án""
    },
    ""normValue"": {
      ""type"": ""BigDecimal"",
      ""description"": ""Giá trị định mức""
    },
    ""percent"": {
      ""type"": ""BigDecimal"",
      ""description"": ""Chi phí nhân công bình quân""
    },
    ""subData"": {
      ""type"": ""List<Object>"",
      ""description"": ""Dữ liệu phụ của biểu đồ""
    },
    ""totalValue"": {
      ""type"": ""BigDecimal"",
      ""description"": ""Tổng CPNC ước thực hiện dự án""
    }
  },
  ""structured_output"": {},
  ""allow_empty_result"": false
}"
get_project_ranking_by_epic_progress,Xếp hạng dự án theo tiến độ EPIC,"API này truy xuất Xếp hạng dự án theo tiến độ EPIC, nhằm mục đích thu thập tiến độ của các EPIC thuộc từng dự án, tính toán tỉ lệ quá hạn, sắp đến hạn, đúng hạn, qua đó đánh giá hiệu quả thực hiện giữa các dự án","- Trong tháng 12/2025, với loại dự án package thuộc TTPMCNM thì số lượng EPIC đúng hạn của các dự án được xếp hạng ra sao","{
  ""request"": {
    ""method"": ""POST"",
    ""path"": ""/api/v1/dashboard/project-rating/PMO-015"",
    ""content_type"": ""application/json"",
    ""query"": ""{}"",
    ""body"": {
      ""fromDate"": ""2025-01-01"",
      ""toDate"": ""2025-06-23""
    }
  },
  ""example_call"": [
    {
      ""url_endpoint"": ""{{base_url}}/api/v1/dashboard/project-rating/PMO-015"",
      ""body"": {
        ""fromDate"": ""2025-01-01"",
        ""toDate"": ""2025-06-23""
      },
      ""query"": ""{}""
    }
  ],
  ""required_params"": [
    {
      ""name"": ""fromDate"",
      ""type"": ""Date(yyyy-mm-dd)"",
      ""description"": ""Từ ngày""
    },
    {
      ""name"": ""toDate"",
      ""type"": ""Date(yyyy-mm-dd)"",
      ""description"": ""Đến ngày""
    }
  ],
  ""optional_params"": [
    {
      ""name"": ""orgAlias"",
      ""type"": ""List<String>"",
      ""description"": ""Danh sách phòng/ban. Nếu không đề cập trả về []""
    },
    {
      ""name"": ""projectType"",
      ""type"": ""List<String>"",
      ""description"": ""Danh sách loại dự án. Nếu không đề cập trả về []""
    },
    {
      ""name"": ""projectStatus"",
      ""type"": ""List<String>"",
      ""description"": ""Danh sách trạng thái dự án. Nếu không đề cập trả về []""
    },
    {
      ""name"": ""projectList"",
      ""type"": ""List<Integer>"",
      ""description"": ""Danh sách id dự án. Nếu không đề cập trả về []""
    },
    {
      ""name"": ""sort"",
      ""type"": ""Integer"",
      ""description"": ""Cách sắp xếp dữ liệu trả về. 1- tăng dần, 2 - giảm dần, null nếu không nhắc đến""
    },
    {
      ""name"": ""type"",
      ""type"": ""Integer"",
      ""description"": ""Loại ngày tháng. Nếu nhắc đến tháng trả về 3, quý trả về 4, năm thì trả về 5""
    }
  ],
  ""response_schema"": {
    ""chartData"": {
      ""type"": ""List<Object>"",
      ""description"": ""Dữ liệu của biểu đồ""
    },
    ""label"": {
      ""type"": ""String"",
      ""description"": ""Loại dự án""
    },
    ""normValue"": {
      ""type"": ""BigDecimal"",
      ""description"": ""Giá trị định mức""
    },
    ""percent"": {
      ""type"": ""BigDecimal"",
      ""description"": ""Chi phí nhân công bình quân""
    },
    ""subData"": {
      ""type"": ""List<Object>"",
      ""description"": ""Dữ liệu phụ của biểu đồ""
    },
    ""totalValue"": {
      ""type"": ""BigDecimal"",
      ""description"": ""Tổng CPNC ước thực hiện dự án""
    }
  },
  ""structured_output"": {},
  ""allow_empty_result"": false
}"
get_project_ranking_by_task_progress,Xếp hạng dự án theo tiến độ Task,"API này truy xuất Xếp hạng dự án theo tiến độ Task, nhằm mục đích thu thập tiến độ của các Task thuộc từng dự án, tính toán tỉ lệ quá hạn, sắp đến hạn, đúng hạn, qua đó đánh giá hiệu quả thực hiện giữa các dự án","- Trong tháng 12/2025, TTPMVT với trạng thái dự án là in-progress và loại dự án package, thì số lượng Task với tiến độ là quá hạn của các dự án được xếp hạng như nào","{
  ""request"": {
    ""method"": ""POST"",
    ""path"": ""/api/v1/dashboard/project-rating/PMO-062"",
    ""content_type"": ""application/json"",
    ""query"": ""{}"",
    ""body"": {
      ""fromDate"": ""2025-01-01"",
      ""toDate"": ""2025-06-23""
    }
  },
  ""example_call"": [
    {
      ""url_endpoint"": ""{{base_url}}/api/v1/dashboard/project-rating/PMO-062"",
      ""body"": {
        ""fromDate"": ""2025-01-01"",
        ""toDate"": ""2025-06-23""
      },
      ""query"": ""{}""
    }
  ],
  ""required_params"": [
    {
      ""name"": ""fromDate"",
      ""type"": ""Date(yyyy-mm-dd)"",
      ""description"": ""Từ ngày""
    },
    {
      ""name"": ""toDate"",
      ""type"": ""Date(yyyy-mm-dd)"",
      ""description"": ""Đến ngày""
    }
  ],
  ""optional_params"": [
    {
      ""name"": ""orgAlias"",
      ""type"": ""List<String>"",
      ""description"": ""Danh sách phòng/ban. Nếu không đề cập trả về []""
    },
    {
      ""name"": ""projectType"",
      ""type"": ""List<String>"",
      ""description"": ""Danh sách loại dự án. Nếu không đề cập trả về []""
    },
    {
      ""name"": ""projectStatus"",
      ""type"": ""List<String>"",
      ""description"": ""Danh sách trạng thái dự án. Nếu không đề cập trả về []""
    },
    {
      ""name"": ""projectList"",
      ""type"": ""List<Integer>"",
      ""description"": ""Danh sách id dự án. Nếu không đề cập trả về []""
    },
    {
      ""name"": ""sort"",
      ""type"": ""Integer"",
      ""description"": ""Cách sắp xếp dữ liệu trả về. 1- tăng dần, 2 - giảm dần, null nếu không nhắc đến""
    },
    {
      ""name"": ""type"",
      ""type"": ""Integer"",
      ""description"": ""Loại ngày tháng. Nếu nhắc đến tháng trả về 3, quý trả về 4, năm thì trả về 5, còn những trường hợp còn lại mặc định trả về 3""
    }
  ],
  ""response_schema"": {
    ""label"": {
      ""type"": ""String"",
      ""description"": ""Nhãn của dữ liệu, thường là mốc thời gian""
    },
    ""value"": {
      ""type"": ""BigDecimal"",
      ""description"": ""Giá trị chính của biểu đồ""
    },
    ""extValue"": {
      ""type"": ""BigDecimal"",
      ""description"": ""Giá trị mở rộng""
    },
    ""percent"": {
      ""type"": ""BigDecimal"",
      ""description"": ""Tỷ lệ phần trăm của giá trị so với tổng""
    },
    ""compareData"": {
      ""type"": ""BigDecimal"",
      ""description"": ""Dữ liệu để so sánh""
    },
    ""extPercent"": {
      ""type"": ""BigDecimal"",
      ""description"": ""Phần trăm mở rộng""
    },
    ""failInGroup"": {
      ""type"": ""BigDecimal"",
      ""description"": ""Số lượng không đạt trong nhóm""
    },
    ""fromLabel"": {
      ""type"": ""String"",
      ""description"": ""Nhãn bắt đầu""
    },
    ""inProcessPercent"": {
      ""type"": ""BigDecimal"",
      ""description"": ""Tỷ lệ phần trăm đang thực hiện""
    },
    ""inProcessValue"": {
      ""type"": ""BigDecimal"",
      ""description"": ""Giá trị đang thực hiện""
    },
    ""isData"": {
      ""type"": ""Integer"",
      ""description"": ""Cờ xác định có dữ liệu hay không""
    },
    ""passInGroup"": {
      ""type"": ""BigDecimal"",
      ""description"": ""Số lượng đạt trong nhóm""
    },
    ""percentDRole"": {
      ""type"": ""BigDecimal"",
      ""description"": ""Tỷ lệ phần trăm theo vai trò D""
    },
    ""percentFailInGroup"": {
      ""type"": ""BigDecimal"",
      ""description"": ""Tỷ lệ không đạt trong nhóm""
    },
    ""percentPassInGroup"": {
      ""type"": ""BigDecimal"",
      ""description"": ""Tỷ lệ đạt trong nhóm""
    },
    ""preLabel"": {
      ""type"": ""String"",
      ""description"": ""Nhãn của kỳ trước""
    },
    ""prePercent"": {
      ""type"": ""BigDecimal"",
      ""description"": ""Tỷ lệ phần trăm của kỳ trước""
    },
    ""preValue"": {
      ""type"": ""BigDecimal"",
      ""description"": ""Giá trị của kỳ trước""
    },
    ""preYearLabel"": {
      ""type"": ""String"",
      ""description"": ""Nhãn của cùng kỳ năm trước""
    },
    ""preYearPercent"": {
      ""type"": ""BigDecimal"",
      ""description"": ""Tỷ lệ phần trăm của cùng kỳ năm trước""
    },
    ""preYearValue"": {
      ""type"": ""BigDecimal"",
      ""description"": ""Giá trị của cùng kỳ năm trước""
    },
    ""subLabel"": {
      ""type"": ""String"",
      ""description"": ""Nhãn phụ""
    },
    ""toLabel"": {
      ""type"": ""String"",
      ""description"": ""Nhãn kết thúc""
    },
    ""totalCount"": {
      ""type"": ""Integer"",
      ""description"": ""Tổng số lượng""
    },
    ""totalValue"": {
      ""type"": ""BigDecimal"",
      ""description"": ""Tổng giá trị""
    },
    ""totalValueKh"": {
      ""type"": ""BigDecimal"",
      ""description"": ""Tổng giá trị kế hoạch""
    },
    ""unit"": {
      ""type"": ""String"",
      ""description"": ""Đơn vị tính""
    },
    ""valueTgRole"": {
      ""type"": ""BigDecimal"",
      ""description"": ""Giá trị theo vai trò TG""
    }
  },
  ""structured_output"": {},
  ""allow_empty_result"": false
}"
get_project_us_progress_ranking,Xếp hạng dự án theo tiến độ US,"API này truy xuất Xếp hạng dự án theo tiến độ US, nhằm mục đích thu thập tiến độ của các US thuộc từng dự án, tính toán tỉ lệ quá hạn, sắp đến hạn, đúng hạn, qua đó đánh giá hiệu quả thực hiện giữa các dự án","- Trong tháng 12/2025, với TTPMQT và loại dự án odc/osdc thì số lượng US với tiến độ đúng hạn của các dự án có xếp hạng như nào","{
  ""request"": {
    ""method"": ""POST"",
    ""path"": ""/api/v1/dashboard/project-rating/PMO-063"",
    ""content_type"": ""application/json"",
    ""query"": ""{}"",
    ""body"": {
      ""fromDate"": ""2025-01-01"",
      ""toDate"": ""2025-06-23""
    }
  },
  ""example_call"": [
    {
      ""url_endpoint"": ""{{base_url}}/api/v1/dashboard/project-rating/PMO-063"",
      ""body"": {
        ""fromDate"": ""2025-01-01"",
        ""toDate"": ""2025-06-23""
      },
      ""query"": ""{}""
    }
  ],
  ""required_params"": [
    {
      ""name"": ""fromDate"",
      ""type"": ""Date(yyyy-mm-dd)"",
      ""description"": ""Từ ngày""
    },
    {
      ""name"": ""toDate"",
      ""type"": ""Date(yyyy-mm-dd)"",
      ""description"": ""Đến ngày""
    }
  ],
  ""optional_params"": [
    {
      ""name"": ""orgAlias"",
      ""type"": ""List<String>"",
      ""description"": ""Danh sách phòng/ban. Nếu không đề cập trả về []""
    },
    {
      ""name"": ""projectType"",
      ""type"": ""List<String>"",
      ""description"": ""Danh sách loại dự án. Nếu không đề cập trả về []""
    },
    {
      ""name"": ""projectStatus"",
      ""type"": ""List<String>"",
      ""description"": ""Danh sách trạng thái dự án. Nếu không đề cập trả về []""
    },
    {
      ""name"": ""projectList"",
      ""type"": ""List<Integer>"",
      ""description"": ""Danh sách id dự án. Nếu không đề cập trả về []""
    },
    {
      ""name"": ""sort"",
      ""type"": ""Integer"",
      ""description"": ""Cách sắp xếp dữ liệu trả về. 1- tăng dần, 2 - giảm dần, null nếu không nhắc đến""
    },
    {
      ""name"": ""type"",
      ""type"": ""Integer"",
      ""description"": ""Loại ngày tháng. Nếu nhắc đến tháng trả về 3, quý trả về 4, năm thì trả về 5, còn những trường hợp còn lại mặc định trả về 3""
    }
  ],
  ""response_schema"": {
    ""label"": {
      ""type"": ""String"",
      ""description"": ""Quý trong năm""
    },
    ""percent"": {
      ""type"": ""BigDecimal"",
      ""description"": ""Tổng tỉ lệ %""
    },
    ""normValue"": {
      ""type"": ""BigDecimal"",
      ""description"": ""Giá trị định mức""
    },
    ""chartData"": {
      ""type"": ""List<Object>"",
      ""description"": ""Dữ liệu biểu đồ chính""
    },
    ""subData"": {
      ""type"": ""List<Object>"",
      ""description"": ""Dữ liệu biểu đồ phụ""
    },
    ""totalValue"": {
      ""type"": ""BigDecimal"",
      ""description"": ""Tổng giá trị""
    }
  },
  ""structured_output"": {},
  ""allow_empty_result"": false
}"
get_project_ranking_by_cr_progress,Xếp hạng dự án theo tiến độ CR,"API này truy xuất Xếp hạng dự án theo tiến độ CR, nhằm mục đích thu thập tiến độ của các CR thuộc từng dự án, tính toán tỉ lệ quá hạn, sắp đến hạn, đúng hạn, qua đó đánh giá hiệu quả thực hiện giữa các dự án","- Trong tháng 4/2025, với TTPMVT và loại dự án presale thì số lượng CR với tiến độ đúng hạn của các dự án có xếp hạng như nào","{
  ""request"": {
    ""method"": ""POST"",
    ""path"": ""/api/v1/dashboard/project-rating/PMO-064"",
    ""content_type"": ""application/json"",
    ""query"": ""{}"",
    ""body"": {
      ""fromDate"": ""2025-01-01"",
      ""toDate"": ""2025-06-23""
    }
  },
  ""example_call"": [
    {
      ""url_endpoint"": ""{{base_url}}/api/v1/dashboard/project-rating/PMO-064"",
      ""body"": {
        ""fromDate"": ""2025-01-01"",
        ""toDate"": ""2025-06-23""
      },
      ""query"": ""{}""
    }
  ],
  ""required_params"": [
    {
      ""name"": ""fromDate"",
      ""type"": ""Date(yyyy-mm-dd)"",
      ""description"": ""Từ ngày""
    },
    {
      ""name"": ""toDate"",
      ""type"": ""Date(yyyy-mm-dd)"",
      ""description"": ""Đến ngày""
    }
  ],
  ""optional_params"": [
    {
      ""name"": ""orgAlias"",
      ""type"": ""List<String>"",
      ""description"": ""Danh sách phòng/ban. Nếu không đề cập trả về []""
    },
    {
      ""name"": ""projectType"",
      ""type"": ""List<String>"",
      ""description"": ""Danh sách loại dự án. Nếu không đề cập trả về []""
    },
    {
      ""name"": ""projectStatus"",
      ""type"": ""List<String>"",
      ""description"": ""Danh sách trạng thái dự án. Nếu không đề cập trả về []""
    },
    {
      ""name"": ""projectList"",
      ""type"": ""List<Integer>"",
      ""description"": ""Danh sách id dự án. Nếu không đề cập trả về []""
    },
    {
      ""name"": ""sort"",
      ""type"": ""Integer"",
      ""description"": ""Cách sắp xếp dữ liệu trả về. 1- tăng dần, 2 - giảm dần, null nếu không nhắc đến""
    },
    {
      ""name"": ""type"",
      ""type"": ""Integer"",
      ""description"": ""Loại ngày tháng. Nếu nhắc đến tháng trả về 3, quý trả về 4, năm thì trả về 5, còn những trường hợp còn lại mặc định trả về 3""
    }
  ],
  ""response_schema"": {
    ""chartData"": {
      ""type"": ""Array<Object>"",
      ""description"": ""Dữ liệu chi tiết cho biểu đồ""
    },
    ""label"": {
      ""type"": ""String"",
      ""description"": ""Đạt hoặc chưa đạt""
    },
    ""normValue"": {
      ""type"": ""Number"",
      ""description"": ""Giá trị""
    },
    ""percent"": {
      ""type"": ""BigDecimal"",
      ""description"": ""Tỉ lệ %""
    },
    ""subData"": {
      ""type"": ""Array<Object>"",
      ""description"": ""Dữ liệu phụ""
    },
    ""totalValue"": {
      ""type"": ""Number"",
      ""description"": ""Tổng số nhân sự""
    }
  },
  ""structured_output"": {},
  ""allow_empty_result"": false
}"
get_epic_count_by_status,Số lượng EPIC theo trạng thái,"API này dùng để thống kê và hiển thị số EPIC tương ứng với từng trạng thái xử lý: Open, In-progress, Resolved, Reopened, Done, giúp người dùng nhanh chóng nắm bắt tình hình và tiến độ tổng thể của EPIC trong dự án.","- Trong tháng 12/2025, thì số lượng EPIC đang open là bao nhiêu","{
  ""request"": {
    ""method"": ""POST"",
    ""path"": ""/api/v1/dashboard/project-overview/PMO-016"",
    ""content_type"": ""application/json"",
    ""query"": ""{}"",
    ""body"": {
      ""fromDate"": ""2025-01-01"",
      ""toDate"": ""2025-06-23""
    }
  },
  ""example_call"": [
    {
      ""url_endpoint"": ""{{base_url}}/api/v1/dashboard/project-overview/PMO-016"",
      ""body"": {
        ""fromDate"": ""2025-01-01"",
        ""toDate"": ""2025-06-23""
      },
      ""query"": ""{}""
    }
  ],
  ""required_params"": [
    {
      ""name"": ""fromDate"",
      ""type"": ""Date(yyyy-mm-dd)"",
      ""description"": ""Từ ngày""
    },
    {
      ""name"": ""toDate"",
      ""type"": ""Date(yyyy-mm-dd)"",
      ""description"": ""Đến ngày""
    }
  ],
  ""optional_params"": [
    {
      ""name"": ""orgAlias"",
      ""type"": ""List<String>"",
      ""description"": ""Danh sách phòng/ban. Nếu không đề cập trả về []""
    },
    {
      ""name"": ""projectType"",
      ""type"": ""List<String>"",
      ""description"": ""Danh sách loại dự án. Nếu không đề cập trả về []""
    },
    {
      ""name"": ""projectStatus"",
      ""type"": ""List<String>"",
      ""description"": ""Danh sách trạng thái dự án. Nếu không đề cập trả về []""
    },
    {
      ""name"": ""projectList"",
      ""type"": ""List<Integer>"",
      ""description"": ""Danh sách id dự án. Nếu không đề cập trả về []""
    },
    {
      ""name"": ""sort"",
      ""type"": ""Integer"",
      ""description"": ""Cách sắp xếp dữ liệu trả về. 1- tăng dần, 2 - giảm dần, null nếu không nhắc đến""
    },
    {
      ""name"": ""type"",
      ""type"": ""Integer"",
      ""description"": ""Loại ngày tháng. Nếu nhắc đến tháng trả về 3, quý trả về 4, năm thì trả về 5""
    }
  ],
  ""response_schema"": {
    ""compareData"": {
      ""type"": ""BigDecimal"",
      ""description"": ""Dữ liệu so sánh""
    },
    ""extPercent"": {
      ""type"": ""BigDecimal"",
      ""description"": ""Tỷ lệ phần trăm giá trị mở rộng""
    },
    ""extValue"": {
      ""type"": ""BigDecimal"",
      ""description"": ""giá trị""
    },
    ""failInGroup"": {
      ""type"": ""BigDecimal"",
      ""description"": ""Số lượng không đạt trong nhóm""
    },
    ""fromLabel"": {
      ""type"": ""String"",
      ""description"": ""Nhãn bắt đầu""
    },
    ""inProcessPercent"": {
      ""type"": ""BigDecimal"",
      ""description"": ""Tỷ lệ phần trăm đang xử lý""
    },
    ""inProcessValue"": {
      ""type"": ""BigDecimal"",
      ""description"": ""Giá trị đang xử lý""
    },
    ""isData"": {
      ""type"": ""Integer"",
      ""description"": ""Cờ xác định có dữ liệu hay không""
    },
    ""label"": {
      ""type"": ""String"",
      ""description"": ""Đạt hoặc chưa đạt""
    },
    ""passInGroup"": {
      ""type"": ""BigDecimal"",
      ""description"": ""Số lượng đạt trong nhóm""
    },
    ""percent"": {
      ""type"": ""BigDecimal"",
      ""description"": ""Tỉ lệ %""
    },
    ""percentDRole"": {
      ""type"": ""BigDecimal"",
      ""description"": ""Tỷ lệ phần trăm D-role""
    },
    ""percentFailInGroup"": {
      ""type"": ""BigDecimal"",
      ""description"": ""Tỷ lệ phần trăm không đạt trong nhóm""
    },
    ""percentPassInGroup"": {
      ""type"": ""BigDecimal"",
      ""description"": ""Tỷ lệ phần trăm đạt trong nhóm""
    },
    ""preLabel"": {
      ""type"": ""String"",
      ""description"": ""Nhãn của kỳ trước""
    },
    ""prePercent"": {
      ""type"": ""BigDecimal"",
      ""description"": ""Tỷ lệ phần trăm của kỳ trước""
    },
    ""preValue"": {
      ""type"": ""BigDecimal"",
      ""description"": ""Giá trị của kỳ trước""
    },
    ""preYearLabel"": {
      ""type"": ""String"",
      ""description"": ""Nhãn của cùng kỳ năm trước""
    },
    ""preYearPercent"": {
      ""type"": ""BigDecimal"",
      ""description"": ""Tỷ lệ phần trăm của cùng kỳ năm trước""
    },
    ""preYearValue"": {
      ""type"": ""BigDecimal"",
      ""description"": ""Giá trị của cùng kỳ năm trước""
    },
    ""subLabel"": {
      ""type"": ""String"",
      ""description"": ""Nhãn phụ""
    },
    ""toLabel"": {
      ""type"": ""String"",
      ""description"": ""Nhãn kết thúc""
    },
    ""totalCount"": {
      ""type"": ""Long"",
      ""description"": ""Tổng số lượng""
    },
    ""totalValue"": {
      ""type"": ""BigDecimal"",
      ""description"": ""Tổng giá trị""
    },
    ""totalValueKh"": {
      ""type"": ""BigDecimal"",
      ""description"": ""Tổng giá trị kế hoạch""
    },
    ""unit"": {
      ""type"": ""String"",
      ""description"": ""Đơn vị tính""
    },
    ""value"": {
      ""type"": ""BigDecimal"",
      ""description"": ""Số nhân sự""
    },
    ""valueTgRole"": {
      ""type"": ""BigDecimal"",
      ""description"": ""Giá trị TG-role""
    }
  },
  ""structured_output"": {},
  ""allow_empty_result"": false
}"
get_task_count_by_status,Số lượng Task theo trạng thái,"API này dùng để thống kê và hiển thị số Task tương ứng với từng trạng thái xử lý: Open, In-progress, Resolved, Reopened, Done, giúp người dùng nhanh chóng nắm bắt tình hình và tiến độ tổng thể của Task trong dự án.","- Trong tháng 12/2025, thì số lượng task đang open là bao nhiêu","{
  ""request"": {
    ""method"": ""POST"",
    ""path"": ""/api/v1/dashboard/project-overview/PMO-065"",
    ""content_type"": ""application/json"",
    ""query"": ""{}"",
    ""body"": {
      ""fromDate"": ""2025-01-01"",
      ""toDate"": ""2025-06-23""
    }
  },
  ""example_call"": [
    {
      ""url_endpoint"": ""{{base_url}}/api/v1/dashboard/project-overview/PMO-065"",
      ""body"": {
        ""fromDate"": ""2025-01-01"",
        ""toDate"": ""2025-06-23""
      },
      ""query"": ""{}""
    }
  ],
  ""required_params"": [
    {
      ""name"": ""fromDate"",
      ""type"": ""Date(yyyy-mm-dd)"",
      ""description"": ""Từ ngày""
    },
    {
      ""name"": ""toDate"",
      ""type"": ""Date(yyyy-mm-dd)"",
      ""description"": ""Đến ngày""
    }
  ],
  ""optional_params"": [
    {
      ""name"": ""orgAlias"",
      ""type"": ""List<String>"",
      ""description"": ""Danh sách phòng/ban. Nếu không đề cập trả về []""
    },
    {
      ""name"": ""projectType"",
      ""type"": ""List<String>"",
      ""description"": ""Danh sách loại dự án. Nếu không đề cập trả về []""
    },
    {
      ""name"": ""projectStatus"",
      ""type"": ""List<String>"",
      ""description"": ""Danh sách trạng thái dự án. Nếu không đề cập trả về []""
    },
    {
      ""name"": ""projectList"",
      ""type"": ""List<Integer>"",
      ""description"": ""Danh sách id dự án. Nếu không đề cập trả về []""
    },
    {
      ""name"": ""sort"",
      ""type"": ""Integer"",
      ""description"": ""Cách sắp xếp dữ liệu trả về. 1- tăng dần, 2 - giảm dần, null nếu không nhắc đến""
    },
    {
      ""name"": ""type"",
      ""type"": ""Integer"",
      ""description"": ""Loại ngày tháng. Nếu nhắc đến tháng trả về 3, quý trả về 4, năm thì trả về 5, còn những trường hợp còn lại mặc định trả về 3""
    }
  ],
  ""response_schema"": {
    ""compareData"": {
      ""type"": ""BigDecimal"",
      ""description"": ""Dữ liệu so sánh""
    },
    ""extPercent"": {
      ""type"": ""BigDecimal"",
      ""description"": ""Tỷ lệ phần trăm giá trị mở rộng""
    },
    ""extValue"": {
      ""type"": ""BigDecimal"",
      ""description"": ""giá trị""
    },
    ""failInGroup"": {
      ""type"": ""BigDecimal"",
      ""description"": ""Số lượng không đạt trong nhóm""
    },
    ""fromLabel"": {
      ""type"": ""String"",
      ""description"": ""Nhãn bắt đầu""
    },
    ""inProcessPercent"": {
      ""type"": ""BigDecimal"",
      ""description"": ""Tỷ lệ phần trăm đang xử lý""
    },
    ""inProcessValue"": {
      ""type"": ""BigDecimal"",
      ""description"": ""Giá trị đang xử lý""
    },
    ""isData"": {
      ""type"": ""Integer"",
      ""description"": ""Cờ xác định có dữ liệu hay không""
    },
    ""label"": {
      ""type"": ""String"",
      ""description"": ""Đạt hoặc chưa đạt""
    },
    ""passInGroup"": {
      ""type"": ""BigDecimal"",
      ""description"": ""Số lượng đạt trong nhóm""
    },
    ""percent"": {
      ""type"": ""BigDecimal"",
      ""description"": ""Tỉ lệ %""
    },
    ""percentDRole"": {
      ""type"": ""BigDecimal"",
      ""description"": ""Tỷ lệ phần trăm D-role""
    },
    ""percentFailInGroup"": {
      ""type"": ""BigDecimal"",
      ""description"": ""Tỷ lệ phần trăm không đạt trong nhóm""
    },
    ""percentPassInGroup"": {
      ""type"": ""BigDecimal"",
      ""description"": ""Tỷ lệ phần trăm đạt trong nhóm""
    },
    ""preLabel"": {
      ""type"": ""String"",
      ""description"": ""Nhãn của kỳ trước""
    },
    ""prePercent"": {
      ""type"": ""BigDecimal"",
      ""description"": ""Tỷ lệ phần trăm của kỳ trước""
    },
    ""preValue"": {
      ""type"": ""BigDecimal"",
      ""description"": ""Giá trị của kỳ trước""
    },
    ""preYearLabel"": {
      ""type"": ""String"",
      ""description"": ""Nhãn của cùng kỳ năm trước""
    },
    ""preYearPercent"": {
      ""type"": ""BigDecimal"",
      ""description"": ""Tỷ lệ phần trăm của cùng kỳ năm trước""
    },
    ""preYearValue"": {
      ""type"": ""BigDecimal"",
      ""description"": ""Giá trị của cùng kỳ năm trước""
    },
    ""subLabel"": {
      ""type"": ""String"",
      ""description"": ""Nhãn phụ""
    },
    ""toLabel"": {
      ""type"": ""String"",
      ""description"": ""Nhãn kết thúc""
    },
    ""totalCount"": {
      ""type"": ""Long"",
      ""description"": ""Tổng số lượng""
    },
    ""totalValue"": {
      ""type"": ""BigDecimal"",
      ""description"": ""Tổng giá trị""
    },
    ""totalValueKh"": {
      ""type"": ""BigDecimal"",
      ""description"": ""Tổng giá trị kế hoạch""
    },
    ""unit"": {
      ""type"": ""String"",
      ""description"": ""Đơn vị tính""
    },
    ""value"": {
      ""type"": ""BigDecimal"",
      ""description"": ""Số nhân sự""
    },
    ""valueTgRole"": {
      ""type"": ""BigDecimal"",
      ""description"": ""Giá trị TG-role""
    }
  },
  ""structured_output"": {},
  ""allow_empty_result"": false
}"
get_us_count_by_status,Số lượng US theo trạng thái,"API này dùng để thống kê và hiển thị số US tương ứng với từng trạng thái xử lý: Open, In-progress, Resolved, Reopened, Done, giúp người dùng nhanh chóng nắm bắt tình hình và tiến độ tổng thể của US trong dự án.","- Trong tháng 12/2025, thì số lượng US đang open là bao nhiêu","{
  ""request"": {
    ""method"": ""POST"",
    ""path"": ""/api/v1/dashboard/project-overview/PMO-066"",
    ""content_type"": ""application/json"",
    ""query"": ""{}"",
    ""body"": {
      ""fromDate"": ""2025-01-01"",
      ""toDate"": ""2025-06-23""
    }
  },
  ""example_call"": [
    {
      ""url_endpoint"": ""{{base_url}}/api/v1/dashboard/project-overview/PMO-066"",
      ""body"": {
        ""fromDate"": ""2025-01-01"",
        ""toDate"": ""2025-06-23""
      },
      ""query"": ""{}""
    }
  ],
  ""required_params"": [
    {
      ""name"": ""fromDate"",
      ""type"": ""Date(yyyy-mm-dd)"",
      ""description"": ""Từ ngày""
    },
    {
      ""name"": ""toDate"",
      ""type"": ""Date(yyyy-mm-dd)"",
      ""description"": ""Đến ngày""
    }
  ],
  ""optional_params"": [
    {
      ""name"": ""orgAlias"",
      ""type"": ""List<String>"",
      ""description"": ""Danh sách phòng/ban. Nếu không đề cập trả về []""
    },
    {
      ""name"": ""projectType"",
      ""type"": ""List<String>"",
      ""description"": ""Danh sách loại dự án. Nếu không đề cập trả về []""
    },
    {
      ""name"": ""projectStatus"",
      ""type"": ""List<String>"",
      ""description"": ""Danh sách trạng thái dự án. Nếu không đề cập trả về []""
    },
    {
      ""name"": ""projectList"",
      ""type"": ""List<Integer>"",
      ""description"": ""Danh sách id dự án. Nếu không đề cập trả về []""
    },
    {
      ""name"": ""sort"",
      ""type"": ""Integer"",
      ""description"": ""Cách sắp xếp dữ liệu trả về. 1- tăng dần, 2 - giảm dần, null nếu không nhắc đến""
    },
    {
      ""name"": ""type"",
      ""type"": ""Integer"",
      ""description"": ""Loại ngày tháng. Nếu nhắc đến tháng trả về 3, quý trả về 4, năm thì trả về 5, còn những trường hợp còn lại mặc định trả về 3""
    }
  ],
  ""response_schema"": {
    ""compareData"": {
      ""type"": ""number"",
      ""description"": ""Dữ liệu so sánh""
    },
    ""extPercent"": {
      ""type"": ""number"",
      ""description"": ""Tỷ lệ phần trăm mở rộng""
    },
    ""extValue"": {
      ""type"": ""BigDecimal"",
      ""description"": ""giá trị""
    },
    ""failInGroup"": {
      ""type"": ""number"",
      ""description"": ""Số lượng không đạt trong nhóm""
    },
    ""fromLabel"": {
      ""type"": ""string"",
      ""description"": ""Nhãn bắt đầu""
    },
    ""inProcessPercent"": {
      ""type"": ""number"",
      ""description"": ""Tỷ lệ đang xử lý""
    },
    ""inProcessValue"": {
      ""type"": ""number"",
      ""description"": ""Giá trị đang xử lý""
    },
    ""isData"": {
      ""type"": ""integer"",
      ""description"": ""Cờ đánh dấu có dữ liệu hay không""
    },
    ""label"": {
      ""type"": ""String"",
      ""description"": ""Đạt hoặc chưa đạt""
    },
    ""passInGroup"": {
      ""type"": ""number"",
      ""description"": ""Số lượng đạt trong nhóm""
    },
    ""percent"": {
      ""type"": ""BigDecimal"",
      ""description"": ""Tỉ lệ %""
    },
    ""percentDRole"": {
      ""type"": ""number"",
      ""description"": ""Tỷ lệ phần trăm D-role""
    },
    ""percentFailInGroup"": {
      ""type"": ""number"",
      ""description"": ""Tỷ lệ không đạt trong nhóm""
    },
    ""percentPassInGroup"": {
      ""type"": ""number"",
      ""description"": ""Tỷ lệ đạt trong nhóm""
    },
    ""preLabel"": {
      ""type"": ""string"",
      ""description"": ""Nhãn kỳ trước""
    },
    ""prePercent"": {
      ""type"": ""number"",
      ""description"": ""Tỷ lệ kỳ trước""
    },
    ""preValue"": {
      ""type"": ""number"",
      ""description"": ""Giá trị kỳ trước""
    },
    ""preYearLabel"": {
      ""type"": ""string"",
      ""description"": ""Nhãn cùng kỳ năm trước""
    },
    ""preYearPercent"": {
      ""type"": ""number"",
      ""description"": ""Tỷ lệ cùng kỳ năm trước""
    },
    ""preYearValue"": {
      ""type"": ""number"",
      ""description"": ""Giá trị cùng kỳ năm trước""
    },
    ""subLabel"": {
      ""type"": ""string"",
      ""description"": ""Nhãn phụ""
    },
    ""toLabel"": {
      ""type"": ""string"",
      ""description"": ""Nhãn kết thúc""
    },
    ""totalCount"": {
      ""type"": ""integer"",
      ""description"": ""Tổng số lượng""
    },
    ""totalValue"": {
      ""type"": ""number"",
      ""description"": ""Tổng giá trị""
    },
    ""totalValueKh"": {
      ""type"": ""number"",
      ""description"": ""Tổng giá trị kế hoạch""
    },
    ""unit"": {
      ""type"": ""string"",
      ""description"": ""Đơn vị""
    },
    ""value"": {
      ""type"": ""BigDecimal"",
      ""description"": ""Số nhân sự""
    },
    ""valueTgRole"": {
      ""type"": ""number"",
      ""description"": ""Giá trị TG-role""
    }
  },
  ""structured_output"": {},
  ""allow_empty_result"": false
}"
get_cr_counts_by_status,Số lượng CR theo trạng thái,"API này dùng để thống kê và hiển thị số CR tương ứng với từng trạng thái xử lý: Open, In-progress, Resolved, Reopened, Done, giúp người dùng nhanh chóng nắm bắt tình hình và tiến độ tổng thể của CR trong dự án.","- Trong tháng 12/2025, thì số lượng CR đang open là bao nhiêu","{
  ""request"": {
    ""method"": ""POST"",
    ""path"": ""/api/v1/dashboard/project-overview/PMO-067"",
    ""content_type"": ""application/json"",
    ""query"": ""{}"",
    ""body"": {
      ""fromDate"": ""2025-01-01"",
      ""toDate"": ""2025-06-23""
    }
  },
  ""example_call"": [
    {
      ""url_endpoint"": ""{{base_url}}/api/v1/dashboard/project-overview/PMO-067"",
      ""body"": {
        ""fromDate"": ""2025-01-01"",
        ""toDate"": ""2025-06-23""
      },
      ""query"": ""{}""
    }
  ],
  ""required_params"": [
    {
      ""name"": ""fromDate"",
      ""type"": ""Date(yyyy-mm-dd)"",
      ""description"": ""Từ ngày""
    },
    {
      ""name"": ""toDate"",
      ""type"": ""Date(yyyy-mm-dd)"",
      ""description"": ""Đến ngày""
    }
  ],
  ""optional_params"": [
    {
      ""name"": ""orgAlias"",
      ""type"": ""List<String>"",
      ""description"": ""Danh sách phòng/ban. Nếu không đề cập trả về []""
    },
    {
      ""name"": ""projectType"",
      ""type"": ""List<String>"",
      ""description"": ""Danh sách loại dự án. Nếu không đề cập trả về []""
    },
    {
      ""name"": ""projectStatus"",
      ""type"": ""List<String>"",
      ""description"": ""Danh sách trạng thái dự án. Nếu không đề cập trả về []""
    },
    {
      ""name"": ""projectList"",
      ""type"": ""List<Integer>"",
      ""description"": ""Danh sách id dự án. Nếu không đề cập trả về []""
    },
    {
      ""name"": ""sort"",
      ""type"": ""Integer"",
      ""description"": ""Cách sắp xếp dữ liệu trả về. 1- tăng dần, 2 - giảm dần, null nếu không nhắc đến""
    },
    {
      ""name"": ""type"",
      ""type"": ""Integer"",
      ""description"": ""Loại ngày tháng. Nếu nhắc đến tháng trả về 3, quý trả về 4, năm thì trả về 5, còn những trường hợp còn lại mặc định trả về 3""
    }
  ],
  ""response_schema"": {
    ""compareData"": {
      ""type"": ""Number"",
      ""description"": ""Dữ liệu so sánh""
    },
    ""extPercent"": {
      ""type"": ""Number"",
      ""description"": ""Tỷ lệ phần trăm mở rộng""
    },
    ""extValue"": {
      ""type"": ""BigDecimal"",
      ""description"": ""giá trị""
    },
    ""failInGroup"": {
      ""type"": ""Number"",
      ""description"": ""Số lượng không đạt trong nhóm""
    },
    ""fromLabel"": {
      ""type"": ""String"",
      ""description"": ""Nhãn bắt đầu""
    },
    ""inProcessPercent"": {
      ""type"": ""Number"",
      ""description"": ""Tỷ lệ đang xử lý""
    },
    ""inProcessValue"": {
      ""type"": ""Number"",
      ""description"": ""Giá trị đang xử lý""
    },
    ""isData"": {
      ""type"": ""Integer"",
      ""description"": ""Cờ cho biết có dữ liệu hay không""
    },
    ""label"": {
      ""type"": ""String"",
      ""description"": ""Đạt hoặc chưa đạt""
    },
    ""passInGroup"": {
      ""type"": ""Number"",
      ""description"": ""Số lượng đạt trong nhóm""
    },
    ""percent"": {
      ""type"": ""BigDecimal"",
      ""description"": ""Tỉ lệ %""
    },
    ""percentDRole"": {
      ""type"": ""Number"",
      ""description"": ""Tỷ lệ theo vai trò""
    },
    ""percentFailInGroup"": {
      ""type"": ""Number"",
      ""description"": ""Tỷ lệ không đạt trong nhóm""
    },
    ""percentPassInGroup"": {
      ""type"": ""Number"",
      ""description"": ""Tỷ lệ đạt trong nhóm""
    },
    ""preLabel"": {
      ""type"": ""String"",
      ""description"": ""Nhãn trước đó""
    },
    ""prePercent"": {
      ""type"": ""Number"",
      ""description"": ""Tỷ lệ trước đó""
    },
    ""preValue"": {
      ""type"": ""Number"",
      ""description"": ""Giá trị trước đó""
    },
    ""preYearLabel"": {
      ""type"": ""String"",
      ""description"": ""Nhãn của năm trước""
    },
    ""preYearPercent"": {
      ""type"": ""Number"",
      ""description"": ""Tỷ lệ của năm trước""
    },
    ""preYearValue"": {
      ""type"": ""Number"",
      ""description"": ""Giá trị của năm trước""
    },
    ""subLabel"": {
      ""type"": ""String"",
      ""description"": ""Nhãn phụ""
    },
    ""toLabel"": {
      ""type"": ""String"",
      ""description"": ""Nhãn kết thúc""
    },
    ""totalCount"": {
      ""type"": ""Integer"",
      ""description"": ""Tổng số lượng""
    },
    ""totalValue"": {
      ""type"": ""Number"",
      ""description"": ""Tổng giá trị""
    },
    ""totalValueKh"": {
      ""type"": ""Number"",
      ""description"": ""Tổng giá trị kế hoạch""
    },
    ""unit"": {
      ""type"": ""String"",
      ""description"": ""Đơn vị""
    },
    ""value"": {
      ""type"": ""BigDecimal"",
      ""description"": ""Số nhân sự""
    },
    ""valueTgRole"": {
      ""type"": ""Number"",
      ""description"": ""Giá trị theo vai trò""
    }
  },
  ""structured_output"": {},
  ""allow_empty_result"": false
}"
get_subtask_progress_by_project,Tiến độ subtask từng dự án,"API này truy vấn Tiến độ subtask từng dự án dùng để theo dõi và hiển thị mức độ hoàn thành các subtask của từng dự án, giúp người quản lý đánh giá nhanh tiến độ thực hiện, phát hiện các subtask chậm tiến độ và kiểm soát hiệu quả triển khai dự án.","- Trong tháng 12/2025, thì tiến độ subtask của dự án BU01.VTSPort.QLCT là như nào","{
  ""request"": {
    ""method"": ""POST"",
    ""path"": ""/api/v1/dashboard/project-overview/progress-project"",
    ""content_type"": ""application/json"",
    ""query"": ""{}"",
    ""body"": {
      ""fromDate"": ""2025-07-01"",
      ""toDate"": ""2025-07-31"",
      ""type"": 3,
      ""assetGroup"": {}
    }
  },
  ""example_call"": [
    {
      ""url_endpoint"": ""{{base_url}}/api/v1/dashboard/project-overview/progress-project"",
      ""body"": {
        ""fromDate"": ""2025-07-01"",
        ""toDate"": ""2025-07-31"",
        ""type"": 3
      },
      ""query"": ""{}""
    }
  ],
  ""required_params"": [
    {
      ""name"": ""fromDate"",
      ""type"": ""Date(yyyy-mm-dd)"",
      ""description"": ""Từ ngày""
    },
    {
      ""name"": ""toDate"",
      ""type"": ""Date(yyyy-mm-dd)"",
      ""description"": ""Đến ngày""
    }
  ],
  ""optional_params"": [
    {
      ""name"": ""projectId"",
      ""type"": ""String"",
      ""description"": ""ID dự án""
    },
    {
      ""name"": ""status"",
      ""type"": ""List<String>"",
      ""description"": ""Danh sách trạng thái dự án. Nếu không đề cập trả về []""
    },
    {
      ""name"": ""assigneeList"",
      ""type"": ""List<String>"",
      ""description"": ""Danh sách gmail của nhân viên tiếp nhận dự án. Nếu không đề cập trả về []""
    },
    {
      ""name"": ""priorityList"",
      ""type"": ""List<String>"",
      ""description"": ""Danh sách mức độ ưu tiên subtask. Nếu không đề cập trả về []""
    },
    {
      ""name"": ""progressList"",
      ""type"": ""List<String>"",
      ""description"": ""Danh sách % hoàn thành dự án, bao gồm '0%', '10%', '20%', ... , '100%'. Nếu không đề cập trả về [] ""
    }
  ],
  ""response_schema"": {
    ""chartData"": {
      ""type"": ""List<Object>"",
      ""description"": ""Dữ liệu biểu đồ chính""
    },
    ""label"": {
      ""type"": ""String"",
      ""description"": ""nhãn theo thời gian""
    },
    ""normValue"": {
      ""type"": ""BigDecimal"",
      ""description"": ""Giá trị tiêu chuẩn""
    },
    ""percent"": {
      ""type"": ""BigDecimal"",
      ""description"": ""tỉ lệ tiết kiệm""
    },
    ""subData"": {
      ""type"": ""List<Object>"",
      ""description"": ""Dữ liệu biểu đồ phụ""
    },
    ""totalValue"": {
      ""type"": ""BigDecimal"",
      ""description"": ""Tổng giá gói thầu sau thuế""
    }
  },
  ""structured_output"": {},
  ""allow_empty_result"": false
}"
subtask_progress_by_individual,Tiến độ subtask theo cá nhân,"API này truy xuất Tiến độ subtask theo cá nhân dùng để theo dõi và hiển thị mức độ hoàn thành các subtask của từng cá nhân, giúp đánh giá hiệu suất làm việc, kiểm soát khối lượng công việc và kịp thời phát hiện các subtask chậm tiến độ.","- Trong tháng 12/2025, thì tiến độ subtask theo cá nhân của dự án QTR.VTS.VPTWĐ.Workflow là như nào","{
  ""request"": {
    ""method"": ""POST"",
    ""path"": ""/api/v1/dashboard/project-overview/progress-individual"",
    ""content_type"": ""application/json"",
    ""query"": ""{}"",
    ""body"": {
      ""fromDate"": ""2025-06-01"",
      ""toDate"": ""2025-06-16""
    }
  },
  ""example_call"": [
    {
      ""url_endpoint"": ""{{base_url}}/api/v1/dashboard/project-overview/progress-individual"",
      ""body"": {
        ""fromDate"": ""2025-06-01"",
        ""toDate"": ""2025-06-16""
      },
      ""query"": ""{}""
    }
  ],
  ""required_params"": [
    {
      ""name"": ""fromDate"",
      ""type"": ""Date(yyyy-mm-dd)"",
      ""description"": ""Từ ngày""
    },
    {
      ""name"": ""toDate"",
      ""type"": ""Date(yyyy-mm-dd)"",
      ""description"": ""Đến ngày""
    }
  ],
  ""optional_params"": [
    {
      ""name"": ""projectId"",
      ""type"": ""String"",
      ""description"": ""ID dự án""
    },
    {
      ""name"": ""status"",
      ""type"": ""List<String>"",
      ""description"": ""Danh sách trạng thái dự án. Nếu không đề cập trả về []""
    },
    {
      ""name"": ""assigneeList"",
      ""type"": ""List<String>"",
      ""description"": ""Danh sách gmail của nhân viên tiếp nhận dự án. Nếu không đề cập trả về []""
    },
    {
      ""name"": ""priorityList"",
      ""type"": ""List<String>"",
      ""description"": ""Danh sách mức độ ưu tiên subtask. Nếu không đề cập trả về []""
    },
    {
      ""name"": ""progressList"",
      ""type"": ""List<String>"",
      ""description"": ""Danh sách % hoàn thành dự án, bao gồm '0%', '10%', '20%', ... , '100%'. Nếu không đề cập trả về [] ""
    }
  ],
  ""response_schema"": {
    ""label"": {
      ""type"": ""String"",
      ""description"": ""Loại tài sản""
    },
    ""percent"": {
      ""type"": ""BigDecimal"",
      ""description"": ""Tỉ lệ tài sản""
    },
    ""totalValue"": {
      ""type"": ""Long"",
      ""description"": ""Tổng số tài sản""
    },
    ""chartData"": {
      ""type"": ""List<Object>"",
      ""description"": ""Dữ liệu chi tiết của biểu đồ""
    },
    ""normValue"": {
      ""type"": ""Number"",
      ""description"": ""Giá trị tiêu chuẩn""
    },
    ""subData"": {
      ""type"": ""List<Object>"",
      ""description"": ""Dữ liệu phụ của biểu đồ""
    }
  },
  ""structured_output"": {},
  ""allow_empty_result"": false
}"
get_revenue_by_project_type,Doanh thu theo Loại dự án,"API này truy xuất Doanh thu theo Loại dự án dùng để tổng hợp và hiển thị doanh thu của các dự án theo từng loại dự án, giúp người quản lý đánh giá hiệu quả kinh doanh, so sánh đóng góp doanh thu và hỗ trợ ra quyết định chiến lược","- Trong tháng 12/2025, thì doanh thu theo loại dự án của TTPMVT là bao nhiêu Tr Đồng","{
  ""request"": {
    ""method"": ""POST"",
    ""path"": ""/api/v1/dashboard/value-project-type/KD-056"",
    ""content_type"": ""application/json"",
    ""query"": ""{}"",
    ""body"": {
      ""fromDate"": ""2025-06-01"",
      ""toDate"": ""2025-06-16"",
      ""assetGroup"": {}
    }
  },
  ""example_call"": [
    {
      ""url_endpoint"": ""{{base_url}}/api/v1/dashboard/value-project-type/KD-056"",
      ""body"": {
        ""fromDate"": ""2025-06-01"",
        ""toDate"": ""2025-06-16"",
        ""assetGroup"": {}
      },
      ""query"": ""{}""
    }
  ],
  ""required_params"": [
    {
      ""name"": ""fromDate"",
      ""type"": ""Date(yyyy-mm-dd)"",
      ""description"": ""Từ ngày""
    },
    {
      ""name"": ""toDate"",
      ""type"": ""Date(yyyy-mm-dd)"",
      ""description"": ""Đến ngày""
    }
  ],
  ""optional_params"": [
    {
      ""name"": ""orgAlias"",
      ""type"": ""List<String>"",
      ""description"": ""Danh sách phòng/ban, đơn vị.Nếu không đề cập trả về [\""VTIT\""]""
    }
  ],
  ""response_schema"": {
    ""normValue"": {
      ""type"": ""BigDecimal"",
      ""description"": ""Giá trị tham chiếu cho biểu đồ""
    },
    ""chartData"": {
      ""type"": ""List<Object>"",
      ""description"": ""Dữ liệu chi tiết cho biểu đồ, mỗi object chứa thông tin của một loại tài sản""
    },
    ""subData"": {
      ""type"": ""List<Object>"",
      ""description"": ""Dữ liệu phụ cho biểu đồ""
    },
    ""label"": {
      ""type"": ""String"",
      ""description"": ""Nhãn chính của dữ liệu""
    },
    ""totalValue"": {
      ""type"": ""Long"",
      ""description"": ""Tổng số tài sản""
    },
    ""percent"": {
      ""type"": ""BigDecimal"",
      ""description"": ""Tỉ lệ phần trăm tổng""
    }
  },
  ""structured_output"": {},
  ""allow_empty_result"": false
}"
revenue_growth_by_unit,Tăng trưởng doanh thu theo Đơn vị,"API này truy xuất tăng trưởng doanh thu theo Đơn vị, phản ánh mức độ tăng hoặc giảm doanh thu của từng đơn vị theo thời gian, qua đó giúp lãnh đạo nhận diện xu hướng phát triển, so sánh hiệu quả hoạt động giữa các đơn vị và đưa ra định hướng điều hành phù hợp","- Trong tháng 7/2025, thì TTPMQT có tăng trưởng doanh thu như thế nào","{
  ""request"": {
    ""method"": ""POST"",
    ""path"": ""/api/v1/dashboard/charts?code=KD-004"",
    ""content_type"": ""application/json"",
    ""query"": ""{}"",
    ""body"": {
      ""fromDate"": ""2023-09-01"",
      ""toDate"": ""2025-06-16""
    }
  },
  ""example_call"": [
    {
      ""url_endpoint"": ""{{base_url}}/api/v1/dashboard/charts?code=KD-004"",
      ""body"": {
        ""fromDate"": ""2023-09-01"",
        ""toDate"": ""2025-06-16""
      },
      ""query"": ""{}""
    }
  ],
  ""required_params"": [
    {
      ""name"": ""fromDate"",
      ""type"": ""Date(yyyy-mm-dd)"",
      ""description"": ""Từ ngày""
    },
    {
      ""name"": ""toDate"",
      ""type"": ""Date(yyyy-mm-dd)"",
      ""description"": ""Đến ngày""
    }
  ],
  ""optional_params"": [
    {
      ""name "": ""orgCode"",
      ""type"": ""String"",
      ""description"": ""Tên phòng/ban. Nếu không đề cập trả về null""
    }
  ],
  ""response_schema"": {
    ""normValue"": {
      ""type"": ""Number"",
      ""description"": ""Giá trị tiêu chuẩn""
    },
    ""chartData"": {
      ""type"": ""Array"",
      ""description"": ""Danh sách chi tiết các chart""
    },
    ""subData"": {
      ""type"": ""Array"",
      ""description"": ""Danh sách chi tiết các sub-chart""
    },
    ""label"": {
      ""type"": ""String"",
      ""description"": ""Loại tài sản""
    },
    ""totalValue"": {
      ""type"": ""Long"",
      ""description"": ""Tổng số tài sản""
    },
    ""percent"": {
      ""type"": ""BigDecimal"",
      ""description"": ""Tỉ lệ tài sản""
    }
  },
  ""structured_output"": {},
  ""allow_empty_result"": false
}"
get_loan_capital,Số vốn vay,"API này truy xuất dữ liệu về Số vốn vay dùng để tổng hợp và hiển thị giá trị vốn vay của công ty theo thời gian, giúp người quản lý theo dõi tình hình sử dụng vốn vay, đánh giá mức độ phụ thuộc vào nguồn vốn vay và hỗ trợ kiểm soát rủi ro tài chính.","- Trong tháng 1/2025, thì số vốn vay của công ty là bao nhiêu Tr đồng","{
  ""request"": {
    ""method"": ""POST"",
    ""path"": ""/api/v1/dashboard/charts?code=TC-004"",
    ""content_type"": ""application/json"",
    ""query"": ""{}"",
    ""body"": {
      ""fromDate"": ""2023-09-01"",
      ""toDate"": ""2025-06-16"",
      ""type"": 5
    }
  },
  ""example_call"": [
    {
      ""url_endpoint"": ""{{base_url}}/api/v1/dashboard/charts?code=TC-004"",
      ""body"": {
        ""fromDate"": ""2023-09-01"",
        ""toDate"": ""2025-06-16"",
        ""type"": 5
      },
      ""query"": ""{}""
    }
  ],
  ""required_params"": [
    {
      ""name"": ""fromDate"",
      ""type"": ""Date(yyyy-mm-dd)"",
      ""description"": ""Từ ngày""
    },
    {
      ""name"": ""toDate"",
      ""type"": ""Date(yyyy-mm-dd)"",
      ""description"": ""Đến ngày""
    },
    {
      ""name"": ""type"",
      ""type"": ""Integer"",
      ""description"": ""DAY(1), WEEK(2), MONTH(3), QUATER(4), YEAR(5);""
    }
  ],
  ""optional_params"": [],
  ""response_schema"": {
    ""compareData"": {
      ""type"": ""Number"",
      ""description"": ""Dữ liệu so sánh""
    },
    ""extPercent"": {
      ""type"": ""Number"",
      ""description"": ""Tỷ lệ phần trăm mở rộng""
    },
    ""extValue"": {
      ""type"": ""BigDecimal"",
      ""description"": ""Tổng số giá trị tờ trình""
    },
    ""failInGroup"": {
      ""type"": ""Number"",
      ""description"": ""Số lượng thất bại trong nhóm""
    },
    ""fromLabel"": {
      ""type"": ""String"",
      ""description"": ""Nhãn bắt đầu""
    },
    ""inProcessPercent"": {
      ""type"": ""Number"",
      ""description"": ""Tỷ lệ đang xử lý""
    },
    ""inProcessValue"": {
      ""type"": ""Number"",
      ""description"": ""Giá trị đang xử lý""
    },
    ""isData"": {
      ""type"": ""Integer"",
      ""description"": ""Cờ xác định có dữ liệu hay không""
    },
    ""label"": {
      ""type"": ""String"",
      ""description"": ""Nhãn theo thời gian""
    },
    ""passInGroup"": {
      ""type"": ""Number"",
      ""description"": ""Số lượng thành công trong nhóm""
    },
    ""percent"": {
      ""type"": ""Number"",
      ""description"": ""Tỷ lệ phần trăm""
    },
    ""percentDRole"": {
      ""type"": ""Number"",
      ""description"": ""Tỷ lệ D-role""
    },
    ""percentFailInGroup"": {
      ""type"": ""Number"",
      ""description"": ""Tỷ lệ thất bại trong nhóm""
    },
    ""percentPassInGroup"": {
      ""type"": ""Number"",
      ""description"": ""Tỷ lệ thành công trong nhóm""
    },
    ""preLabel"": {
      ""type"": ""String"",
      ""description"": ""Nhãn trước""
    },
    ""prePercent"": {
      ""type"": ""Number"",
      ""description"": ""Tỷ lệ trước""
    },
    ""preValue"": {
      ""type"": ""Number"",
      ""description"": ""Giá trị trước""
    },
    ""preYearLabel"": {
      ""type"": ""String"",
      ""description"": ""Nhãn năm trước""
    },
    ""preYearPercent"": {
      ""type"": ""Number"",
      ""description"": ""Tỷ lệ năm trước""
    },
    ""preYearValue"": {
      ""type"": ""Number"",
      ""description"": ""Giá trị năm trước""
    },
    ""subLabel"": {
      ""type"": ""String"",
      ""description"": ""Nhãn phụ""
    },
    ""toLabel"": {
      ""type"": ""String"",
      ""description"": ""Nhãn kết thúc""
    },
    ""totalCount"": {
      ""type"": ""Integer"",
      ""description"": ""Tổng số lượng""
    },
    ""totalValue"": {
      ""type"": ""Number"",
      ""description"": ""Tổng giá trị""
    },
    ""totalValueKh"": {
      ""type"": ""Number"",
      ""description"": ""Tổng giá trị KH""
    },
    ""unit"": {
      ""type"": ""String"",
      ""description"": ""Đơn vị""
    },
    ""value"": {
      ""type"": ""BigDecimal"",
      ""description"": ""Số tờ trình""
    },
    ""valueTgRole"": {
      ""type"": ""Number"",
      ""description"": ""Giá trị TG-role""
    }
  },
  ""structured_output"": {},
  ""allow_empty_result"": false
}"
ebitda_margin_company,EBITDA margin Công ty,"""API này truy xuất dữ liệu về EBITDA margin Công ty - dùng để tính toán và hiển thị tỷ suất EBITDA của toàn Công ty, phản ánh hiệu quả hoạt động kinh doanh cốt lõi và khả năng sinh lời, qua đó hỗ trợ lãnh đạo đánh giá sức khỏe tài chính và hiệu quả quản trị chi phí.""","- Trong năm 2025, thì chỉ số tài chính EBITDA công ty có số KH là bao nhiêu, số TH là bao nhiêu","{
  ""request"": {
    ""method"": ""POST"",
    ""path"": ""/api/v1/dashboard/profit-after-tax/TC-015"",
    ""content_type"": ""application/json"",
    ""query"": ""{}"",
    ""body"": {
      ""fromDate"": ""2023-09-01"",
      ""toDate"": ""2025-06-24"",
      ""type"": 5,
      ""lcntOption"": [],
      ""lcntOptionDoing"": [],
      ""lcntType"": [],
      ""bidPlanType"": [],
      ""lcntDomainType"": [],
      ""status"": []
    }
  },
  ""example_call"": [
    {
      ""url_endpoint"": ""{{base_url}}/api/v1/dashboard/profit-after-tax/TC-015"",
      ""body"": {
        ""fromDate"": ""2023-09-01"",
        ""toDate"": ""2025-06-24"",
        ""type"": 5,
        ""lcntOption"": [],
        ""lcntOptionDoing"": [],
        ""lcntType"": [],
        ""bidPlanType"": [],
        ""lcntDomainType"": [],
        ""status"": []
      },
      ""query"": ""{}""
    }
  ],
  ""required_params"": [
    {
      ""name"": ""fromDate"",
      ""type"": ""Date(yyyy-mm-dd)"",
      ""description"": ""Từ ngày""
    },
    {
      ""name"": ""toDate"",
      ""type"": ""Date(yyyy-mm-dd)"",
      ""description"": ""Đến ngày""
    },
    {
      ""name"": ""type"",
      ""type"": ""Integer"",
      ""description"": ""DAY(1), WEEK(2), MONTH(3), QUATER(4), YEAR(5);""
    }
  ],
  ""optional_params"": [],
  ""response_schema"": {
    ""normValue"": {
      ""type"": ""BigDecimal"",
      ""description"": ""Giá trị định mức/tiêu chuẩn""
    },
    ""chartData"": {
      ""type"": ""List<Object>"",
      ""description"": ""Dữ liệu cho biểu đồ chính, thống kê tỷ lệ đấu thầu qua mạng và không qua mạng""
    },
    ""subData"": {
      ""type"": ""List<Object>"",
      ""description"": ""Dữ liệu phụ, chi tiết theo từng loại hình""
    },
    ""label"": {
      ""type"": ""String"",
      ""description"": ""Nhãn chung cho dữ liệu""
    },
    ""totalValue"": {
      ""type"": ""BigDecimal"",
      ""description"": ""Tổng giá trị, tương ứng với tổng số lượng gói thầu""
    },
    ""percent"": {
      ""type"": ""BigDecimal"",
      ""description"": ""Tỷ lệ phần trăm tổng quan""
    }
  },
  ""structured_output"": {},
  ""allow_empty_result"": false
}"
get_company_roe,ROE Công ty,"""API này truy xuất dữ liệu về ROE Công ty - dùng để tính toán và hiển thị tỷ suất ROE của toàn Công ty, phản ánh hiệu quả hoạt động kinh doanh cốt lõi và khả năng sinh lời, qua đó hỗ trợ lãnh đạo đánh giá sức khỏe tài chính và hiệu quả quản trị chi phí.""","- Trong năm 2025, thì chỉ số tài chính ROE công ty có số KH là bao nhiêu, số TH là bao nhiêu","{
  ""request"": {
    ""method"": ""POST"",
    ""path"": ""/api/v1/dashboard/profit-after-tax/TC-016"",
    ""content_type"": ""application/json"",
    ""query"": ""{}"",
    ""body"": {
      ""fromDate"": ""2025-07-01"",
      ""toDate"": ""2025-07-31"",
      ""type"": 5,
      ""lcntOption"": [],
      ""lcntOptionDoing"": [],
      ""lcntType"": [],
      ""bidPlanType"": [],
      ""lcntDomainType"": [],
      ""status"": []
    }
  },
  ""example_call"": [
    {
      ""url_endpoint"": ""{{base_url}}/api/v1/dashboard/profit-after-tax/TC-016"",
      ""body"": {
        ""fromDate"": ""2025-07-01"",
        ""toDate"": ""2025-07-31"",
        ""type"": 5,
        ""lcntOption"": [],
        ""lcntOptionDoing"": [],
        ""lcntType"": [],
        ""bidPlanType"": [],
        ""lcntDomainType"": [],
        ""status"": []
      },
      ""query"": ""{}""
    }
  ],
  ""required_params"": [
    {
      ""name"": ""fromDate"",
      ""type"": ""Date(yyyy-mm-dd)"",
      ""description"": ""Từ ngày""
    },
    {
      ""name"": ""toDate"",
      ""type"": ""Date(yyyy-mm-dd)"",
      ""description"": ""Đến ngày""
    }
  ],
  ""optional_params"": [
    {
      ""name"": ""type"",
      ""type"": ""Integer"",
      ""description"": ""DAY(1), WEEK(2), MONTH(3), QUATER(4), YEAR(5);""
    }
  ],
  ""response_schema"": {
    ""compareData"": {
      ""type"": ""Number"",
      ""description"": ""Dữ liệu so sánh""
    },
    ""extPercent"": {
      ""type"": ""Number"",
      ""description"": ""Tỷ lệ phần trăm mở rộng""
    },
    ""extValue"": {
      ""type"": ""BigDecimal"",
      ""description"": ""giá trị tiết kiệm""
    },
    ""failInGroup"": {
      ""type"": ""Number"",
      ""description"": ""Số lượng thất bại trong nhóm""
    },
    ""fromLabel"": {
      ""type"": ""String"",
      ""description"": ""Nhãn bắt đầu""
    },
    ""inProcessPercent"": {
      ""type"": ""Number"",
      ""description"": ""Tỷ lệ đang xử lý""
    },
    ""inProcessValue"": {
      ""type"": ""Number"",
      ""description"": ""Giá trị đang xử lý""
    },
    ""isData"": {
      ""type"": ""Integer"",
      ""description"": ""Cờ dữ liệu""
    },
    ""label"": {
      ""type"": ""String"",
      ""description"": ""nhãn theo thời gian""
    },
    ""passInGroup"": {
      ""type"": ""Number"",
      ""description"": ""Số lượng thành công trong nhóm""
    },
    ""percent"": {
      ""type"": ""Number"",
      ""description"": ""Tỷ lệ phần trăm""
    },
    ""percentDRole"": {
      ""type"": ""Number"",
      ""description"": ""Tỷ lệ D-role""
    },
    ""percentFailInGroup"": {
      ""type"": ""Number"",
      ""description"": ""Tỷ lệ thất bại trong nhóm""
    },
    ""percentPassInGroup"": {
      ""type"": ""Number"",
      ""description"": ""Tỷ lệ thành công trong nhóm""
    },
    ""preLabel"": {
      ""type"": ""String"",
      ""description"": ""Nhãn trước""
    },
    ""prePercent"": {
      ""type"": ""Number"",
      ""description"": ""Tỷ lệ trước""
    },
    ""preValue"": {
      ""type"": ""Number"",
      ""description"": ""Giá trị trước""
    },
    ""preYearLabel"": {
      ""type"": ""String"",
      ""description"": ""Nhãn năm trước""
    },
    ""preYearPercent"": {
      ""type"": ""Number"",
      ""description"": ""Tỷ lệ năm trước""
    },
    ""preYearValue"": {
      ""type"": ""Number"",
      ""description"": ""Giá trị năm trước""
    },
    ""subLabel"": {
      ""type"": ""String"",
      ""description"": ""Nhãn phụ""
    },
    ""toLabel"": {
      ""type"": ""String"",
      ""description"": ""Nhãn kết thúc""
    },
    ""totalCount"": {
      ""type"": ""Integer"",
      ""description"": ""Tổng số lượng""
    },
    ""totalValue"": {
      ""type"": ""BigDecimal"",
      ""description"": ""Tổng giá gói thầu sau thuế""
    },
    ""totalValueKh"": {
      ""type"": ""Number"",
      ""description"": ""Tổng giá trị kế hoạch""
    },
    ""unit"": {
      ""type"": ""String"",
      ""description"": ""Đơn vị""
    },
    ""value"": {
      ""type"": ""BigDecimal"",
      ""description"": ""giá trúng thầu sau thuế""
    },
    ""valueTgRole"": {
      ""type"": ""Number"",
      ""description"": ""Giá trị TG-role""
    }
  },
  ""structured_output"": {},
  ""allow_empty_result"": false
}"
get_company_roa,ROA Công ty,"""API này truy xuất dữ liệu về ROA Công ty - dùng để tính toán và hiển thị tỷ suất ROA của toàn Công ty, phản ánh hiệu quả hoạt động kinh doanh cốt lõi và khả năng sinh lời, qua đó hỗ trợ lãnh đạo đánh giá sức khỏe tài chính và hiệu quả quản trị chi phí.""","- Trong năm 2025, thì chỉ số tài chính ROA công ty có số KH là bao nhiêu, số TH là bao nhiêu","{
  ""request"": {
    ""method"": ""POST"",
    ""path"": ""/api/v1/dashboard/profit-after-tax/TC-017"",
    ""content_type"": ""application/json"",
    ""query"": ""{}"",
    ""body"": {
      ""fromDate"": ""2025-07-01"",
      ""toDate"": ""2025-07-31"",
      ""type"": 5,
      ""lcntOption"": [],
      ""lcntOptionDoing"": [],
      ""lcntType"": [],
      ""bidPlanType"": [],
      ""lcntDomainType"": [],
      ""status"": []
    }
  },
  ""example_call"": [
    {
      ""url_endpoint"": ""{{base_url}}/api/v1/dashboard/profit-after-tax/TC-017"",
      ""body"": {
        ""fromDate"": ""2025-07-01"",
        ""toDate"": ""2025-07-31"",
        ""type"": 5,
        ""lcntOption"": [],
        ""lcntOptionDoing"": [],
        ""lcntType"": [],
        ""bidPlanType"": [],
        ""lcntDomainType"": [],
        ""status"": []
      },
      ""query"": ""{}""
    }
  ],
  ""required_params"": [
    {
      ""name"": ""fromDate"",
      ""type"": ""Date(yyyy-mm-dd)"",
      ""description"": ""Từ ngày""
    },
    {
      ""name"": ""toDate"",
      ""type"": ""Date(yyyy-mm-dd)"",
      ""description"": ""Đến ngày""
    }
  ],
  ""optional_params"": [
    {
      ""name"": ""type"",
      ""type"": ""Integer"",
      ""description"": ""DAY(1), WEEK(2), MONTH(3), QUATER(4), YEAR(5);""
    }
  ],
  ""response_schema"": {
    ""chartData"": {
      ""type"": ""List<Object>"",
      ""description"": ""Dữ liệu biểu đồ chính""
    },
    ""label"": {
      ""type"": ""String"",
      ""description"": ""nhãn theo thời gian""
    },
    ""normValue"": {
      ""type"": ""BigDecimal"",
      ""description"": ""Giá trị tiêu chuẩn""
    },
    ""percent"": {
      ""type"": ""BigDecimal"",
      ""description"": ""tỉ lệ tiết kiệm""
    },
    ""subData"": {
      ""type"": ""List<Object>"",
      ""description"": ""Dữ liệu biểu đồ phụ""
    },
    ""totalValue"": {
      ""type"": ""BigDecimal"",
      ""description"": ""Tổng giá gói thầu sau thuế""
    }
  },
  ""structured_output"": {},
  ""allow_empty_result"": false
}"
cumulative_loss_by_unit,Số lỗ luỹ kế,"API này truy xuất dữ liệu về Số lỗ luỹ kế dùng để tổng hợp và hiển thị giá trị lỗ phát sinh được tích lũy theo thời gian của đơn vị, giúp người quản lý đánh giá tình hình tài chính, nhận diện sớm rủi ro thua lỗ và đưa ra các biện pháp điều chỉnh phù hợp.","- Trong tháng 1/2025, thì số lỗ lũy kế của công ty là bao nhiêu Tr đồng","{
  ""request"": {
    ""method"": ""POST"",
    ""path"": ""/api/v1/dashboard/charts?code=TC-018"",
    ""content_type"": ""application/json"",
    ""query"": ""{}"",
    ""body"": {
      ""fromDate"": ""2025-07-01"",
      ""toDate"": ""2025-07-24"",
      ""type"": 5,
      ""status"": []
    }
  },
  ""example_call"": [
    {
      ""url_endpoint"": ""{{base_url}}/api/v1/dashboard/charts?code=TC-018"",
      ""body"": {
        ""fromDate"": ""2025-07-01"",
        ""toDate"": ""2025-07-24"",
        ""type"": 5,
        ""status"": []
      },
      ""query"": ""{}""
    }
  ],
  ""required_params"": [
    {
      ""name"": ""fromDate"",
      ""type"": ""Date(yyyy-mm-dd)"",
      ""description"": ""Từ ngày""
    },
    {
      ""name"": ""toDate"",
      ""type"": ""Date(yyyy-mm-dd)"",
      ""description"": ""Đến ngày""
    }
  ],
  ""optional_params"": [
    {
      ""name"": ""type"",
      ""type"": ""Integer"",
      ""description"": ""DAY(1), WEEK(2), MONTH(3), QUATER(4), YEAR(5);""
    }
  ],
  ""response_schema"": {
    ""compareData"": {
      ""type"": ""Number"",
      ""description"": ""Dữ liệu để so sánh""
    },
    ""extPercent"": {
      ""type"": ""Number"",
      ""description"": ""Tỷ lệ phần trăm mở rộng""
    },
    ""extValue"": {
      ""type"": ""BigDecimal"",
      ""description"": ""Giá trị""
    },
    ""failInGroup"": {
      ""type"": ""Number"",
      ""description"": ""Số lượng không đạt trong nhóm""
    },
    ""fromLabel"": {
      ""type"": ""String"",
      ""description"": ""Nhãn bắt đầu""
    },
    ""inProcessPercent"": {
      ""type"": ""Number"",
      ""description"": ""Tỷ lệ phần trăm đang xử lý""
    },
    ""inProcessValue"": {
      ""type"": ""Number"",
      ""description"": ""Giá trị đang xử lý""
    },
    ""isData"": {
      ""type"": ""Integer"",
      ""description"": ""Cờ cho biết có dữ liệu hay không""
    },
    ""label"": {
      ""type"": ""String"",
      ""description"": ""Nhãn theo thời gian""
    },
    ""passInGroup"": {
      ""type"": ""Number"",
      ""description"": ""Số lượng đạt trong nhóm""
    },
    ""percent"": {
      ""type"": ""Number"",
      ""description"": ""Tỷ lệ phần trăm""
    },
    ""percentDRole"": {
      ""type"": ""Number"",
      ""description"": ""Tỷ lệ phần trăm D-role""
    },
    ""percentFailInGroup"": {
      ""type"": ""Number"",
      ""description"": ""Tỷ lệ phần trăm không đạt trong nhóm""
    },
    ""percentPassInGroup"": {
      ""type"": ""Number"",
      ""description"": ""Tỷ lệ phần trăm đạt trong nhóm""
    },
    ""preLabel"": {
      ""type"": ""String"",
      ""description"": ""Nhãn của kỳ trước""
    },
    ""prePercent"": {
      ""type"": ""Number"",
      ""description"": ""Tỷ lệ phần trăm của kỳ trước""
    },
    ""preValue"": {
      ""type"": ""Number"",
      ""description"": ""Giá trị của kỳ trước""
    },
    ""preYearLabel"": {
      ""type"": ""String"",
      ""description"": ""Nhãn của cùng kỳ năm trước""
    },
    ""preYearPercent"": {
      ""type"": ""Number"",
      ""description"": ""Tỷ lệ phần trăm của cùng kỳ năm trước""
    },
    ""preYearValue"": {
      ""type"": ""Number"",
      ""description"": ""Giá trị của cùng kỳ năm trước""
    },
    ""subLabel"": {
      ""type"": ""String"",
      ""description"": ""Nhãn phụ""
    },
    ""toLabel"": {
      ""type"": ""String"",
      ""description"": ""Nhãn kết thúc""
    },
    ""totalCount"": {
      ""type"": ""Long"",
      ""description"": ""Tổng số lượng""
    },
    ""totalValue"": {
      ""type"": ""Number"",
      ""description"": ""Tổng giá trị""
    },
    ""totalValueKh"": {
      ""type"": ""Number"",
      ""description"": ""Tổng giá trị kế hoạch""
    },
    ""unit"": {
      ""type"": ""String"",
      ""description"": ""Đơn vị tính""
    },
    ""value"": {
      ""type"": ""BigDecimal"",
      ""description"": ""số lượng KHLCNT""
    },
    ""valueTgRole"": {
      ""type"": ""Number"",
      ""description"": ""Giá trị TG-role""
    }
  },
  ""structured_output"": {},
  ""allow_empty_result"": false
}"
get_shopping_suggestions_by_period,Đề xuất MS theo thời gian,API này nhận vào khoảng thời gian (từ `fromDate` đến `toDate`) để truy vấn dữ liệu Đề xuất mua sắm theo thời gian.,"- Trong năm 2025, thì Đề xuất mua sắm là bao nhiêu tờ trình, tương ứng với bao nhiêu Tr đồng","{
  ""request"": {
    ""method"": ""POST"",
    ""path"": ""/api/v1/dashboard/investment-asset/DTTS-019"",
    ""content_type"": ""application/json"",
    ""query"": ""{}"",
    ""body"": {
      ""fromDate"": ""2023-09-01"",
      ""toDate"": ""2025-06-16"",
      ""type"": 5,
      ""organization"": [],
      ""dtmsClass"": [],
      ""procurementType"": [],
      ""dtmsType"": []
    }
  },
  ""example_call"": [
    {
      ""url_endpoint"": ""{{base_url}}/api/v1/dashboard/investment-asset/DTTS-019"",
      ""body"": {
        ""fromDate"": ""2023-09-01"",
        ""toDate"": ""2025-06-16"",
        ""type"": 5,
        ""organization"": [],
        ""dtmsClass"": [],
        ""procurementType"": [],
        ""dtmsType"": []
      },
      ""query"": ""{}""
    }
  ],
  ""required_params"": [
    {
      ""name"": ""fromDate"",
      ""type"": ""Date(yyyy-mm-dd)"",
      ""description"": ""Từ ngày""
    },
    {
      ""name"": ""toDate"",
      ""type"": ""Date(yyyy-mm-dd)"",
      ""description"": ""Đến ngày""
    },
    {
      ""name"": ""type"",
      ""type"": ""Integer"",
      ""description"": ""DAY(1), WEEK(2), MONTH(3), QUATER(4), YEAR(5);""
    },
    {
      ""name"": ""organization"",
      ""type"": ""List<String>"",
      ""description"": ""Danh sách phòng ban. Nếu query không đề cập đến tên phòng ban -> trả về []""
    },
    {
      ""name"": ""dtmsClass"",
      ""type"": ""List<String>"",
      ""description"": ""Hạng mục ĐTMS. Nếu query không đề cập đến hạng mục -> trả về []""
    },
    {
      ""name"": ""procurementType"",
      ""type"": ""List<String>"",
      ""description"": ""Hình Thức mua sắm. Nếu query không đề cập đến hình thức mua sắm -> trả về []""
    },
    {
      ""name"": ""dtmsType"",
      ""type"": ""List<String>"",
      ""description"": ""Lĩnh Vực Dầu tư mua sắm. Nếu query không đề cập đến lĩnh vực đầu tư mua sắm -> trả về []""
    }
  ],
  ""optional_params"": [
    {
      ""name"": ""lcntOption"",
      ""type"": ""List<String>"",
      ""description"": ""Phương thức LCNT. Nếu query không đề cập đến phương thúc LCNT -> trả về []""
    },
    {
      ""name"": ""lcntOptionDoing"",
      ""type"": ""List<String>"",
      ""description"": ""Cách thức tổ chức đấu thầu. Nếu query không đề cập đến cách thức đấu thầu -> trả về []""
    },
    {
      ""name"": ""lcntType"",
      ""type"": ""List<String>"",
      ""description"": ""Hình thức LCNT. Nếu query không đề cập đến hình thức LCNT -> trả về []""
    },
    {
      ""name"": ""bidPlanType"",
      ""type"": ""List<String>"",
      ""description"": ""Loại gói thầu. Nếu query không đề cập đến loại gói đấu thầu -> trả về []""
    },
    {
      ""name"": ""lcntDomainType"",
      ""type"": ""List<String>"",
      ""description"": ""Lĩnh vực đấu thầu. Nếu query không đề cập đến lĩnh vực đấu thầu -> trả về []""
    },
    {
      ""name"": ""status"",
      ""type"": ""List<String>"",
      ""description"": ""Trạng thái gói thầu. Nếu query không đề cập đến trạng thái -> trả về []""
    },
    {
      ""name"": ""isProbation"",
      ""type"": ""Integer"",
      ""description"": ""Trạng thái kí duyệt""
    }
  ],
  ""response_schema"": {
    ""compareData"": {
      ""type"": ""Number"",
      ""description"": ""Dữ liệu so sánh""
    },
    ""extPercent"": {
      ""type"": ""Number"",
      ""description"": ""Tỷ lệ phần trăm mở rộng""
    },
    ""extValue"": {
      ""type"": ""BigDecimal"",
      ""description"": ""Tổng số giá trị tờ trình""
    },
    ""failInGroup"": {
      ""type"": ""Number"",
      ""description"": ""Số lượng thất bại trong nhóm""
    },
    ""fromLabel"": {
      ""type"": ""String"",
      ""description"": ""Nhãn bắt đầu""
    },
    ""inProcessPercent"": {
      ""type"": ""Number"",
      ""description"": ""Tỷ lệ đang xử lý""
    },
    ""inProcessValue"": {
      ""type"": ""Number"",
      ""description"": ""Giá trị đang xử lý""
    },
    ""isData"": {
      ""type"": ""Integer"",
      ""description"": ""Cờ xác định có dữ liệu hay không""
    },
    ""label"": {
      ""type"": ""String"",
      ""description"": ""Nhãn theo thời gian""
    },
    ""passInGroup"": {
      ""type"": ""Number"",
      ""description"": ""Số lượng thành công trong nhóm""
    },
    ""percent"": {
      ""type"": ""Number"",
      ""description"": ""Tỷ lệ phần trăm""
    },
    ""percentDRole"": {
      ""type"": ""Number"",
      ""description"": ""Tỷ lệ D-role""
    },
    ""percentFailInGroup"": {
      ""type"": ""Number"",
      ""description"": ""Tỷ lệ thất bại trong nhóm""
    },
    ""percentPassInGroup"": {
      ""type"": ""Number"",
      ""description"": ""Tỷ lệ thành công trong nhóm""
    },
    ""preLabel"": {
      ""type"": ""String"",
      ""description"": ""Nhãn trước""
    },
    ""prePercent"": {
      ""type"": ""Number"",
      ""description"": ""Tỷ lệ trước""
    },
    ""preValue"": {
      ""type"": ""Number"",
      ""description"": ""Giá trị trước""
    },
    ""preYearLabel"": {
      ""type"": ""String"",
      ""description"": ""Nhãn năm trước""
    },
    ""preYearPercent"": {
      ""type"": ""Number"",
      ""description"": ""Tỷ lệ năm trước""
    },
    ""preYearValue"": {
      ""type"": ""Number"",
      ""description"": ""Giá trị năm trước""
    },
    ""subLabel"": {
      ""type"": ""String"",
      ""description"": ""Nhãn phụ""
    },
    ""toLabel"": {
      ""type"": ""String"",
      ""description"": ""Nhãn kết thúc""
    },
    ""totalCount"": {
      ""type"": ""Integer"",
      ""description"": ""Tổng số lượng""
    },
    ""totalValue"": {
      ""type"": ""Number"",
      ""description"": ""Tổng giá trị""
    },
    ""totalValueKh"": {
      ""type"": ""Number"",
      ""description"": ""Tổng giá trị KH""
    },
    ""unit"": {
      ""type"": ""String"",
      ""description"": ""Đơn vị""
    },
    ""value"": {
      ""type"": ""BigDecimal"",
      ""description"": ""Số tờ trình""
    },
    ""valueTgRole"": {
      ""type"": ""Number"",
      ""description"": ""Giá trị TG-role""
    }
  },
  ""structured_output"": {},
  ""allow_empty_result"": false
}"
labor_productivity_by_production_by_unit,NSLĐ Theo Sản lượng SX đơn vị,"API này tính toán và so sánh năng suất lao động theo sản lượng sản xuất (TDS, HĐTV) dựa trên khoảng thời gian và loại kỳ báo cáo (tháng, quý, năm) được cung cấp. API trả về các chỉ số về doanh thu, năng suất lao động bình quân, giá trị thực hiện, kế hoạch, xu hướng và phần trăm thay đổi so với kỳ trước.","- Trong Quý 3/2024, NSLĐ theo Sản lượng sản xuất của cả công ty là bao nhiêu, NSLĐ theo KH là bao nhiêu MM/người/tháng, NSLĐ theo TH là bao nhiêu MM/người/tháng","{
  ""request"": {
    ""method"": ""POST"",
    ""path"": ""/api/v1/dashboard/productivity/NS-018"",
    ""content_type"": ""application/json"",
    ""query"": ""{}"",
    ""body"": {
      ""fromDate"": ""2025-01-01"",
      ""toDate"": ""2025-06-09"",
      ""type"": 3
    }
  },
  ""example_call"": [
    {
      ""url_endpoint"": ""{{base_url}}/api/v1/dashboard/productivity/NS-018"",
      ""body"": {
        ""fromDate"": ""2025-01-01"",
        ""toDate"": ""2025-06-09"",
        ""type"": 3
      },
      ""query"": ""{}""
    }
  ],
  ""required_params"": [
    {
      ""name"": ""fromDate"",
      ""type"": ""Date(yyyy-mm-dd)"",
      ""description"": ""Từ ngày""
    },
    {
      ""name"": ""toDate"",
      ""type"": ""Date(yyyy-mm-dd)"",
      ""description"": ""Đến ngày""
    },
    {
      ""name"": ""type"",
      ""type"": ""Integer"",
      ""description"": ""DAY(1), WEEK(2), MONTH(3), QUATER(4), YEAR(5);""
    }
  ],
  ""optional_params"": [
    {
      ""name"": ""organization"",
      ""type"": ""List<String>"",
      ""description"": ""Danh sách phòng/ban, đơn vị. Nếu không đề cập trả về []""
    }
  ],
  ""response_schema"": {
    ""value"": {
      ""type"": ""Double"",
      ""description"": ""Giá trị chính""
    },
    ""th"": {
      ""type"": ""Double"",
      ""description"": ""Giá trị thực hiện""
    },
    ""trend"": {
      ""type"": ""Double"",
      ""description"": ""Xu hướng thay đổi""
    },
    ""calculateTrend"": {
      ""type"": ""Integer"",
      ""description"": ""Cờ xác định có tính xu hướng hay không""
    },
    ""label"": {
      ""type"": ""String"",
      ""description"": ""Nhãn / mã đơn vị""
    },
    ""extValue"": {
      ""type"": ""Double"",
      ""description"": ""Giá trị mở rộng""
    },
    ""kh"": {
      ""type"": ""Double"",
      ""description"": ""Giá trị kế hoạch""
    }
  },
  ""structured_output"": {},
  ""allow_empty_result"": false
}"
production_staff_certificate_ratio,Số lượng chứng chỉ chuyên môn/số lượng nhân sự sản xuất,"API này truy xuất số liệu thống kê về số lượng chứng chỉ chuyên môn của nhân sự sản xuất. API yêu cầu khoảng thời gian (từ ngày đến ngày) và trả về số lượng, tổng số, và tỷ lệ phần trăm nhân sự đạt hoặc chưa đạt chứng chỉ trong giai đoạn đó.","- Trong T11/2025, thì tỉ lệ số lượng chứng chỉ chuyên môn/số lượng nhân sự sản xuất của cả đơn vị là bao nhiêu %","{
  ""request"": {
    ""method"": ""POST"",
    ""path"": ""/api/v1/dashboard/certificate/NS-060-1"",
    ""content_type"": ""application/json"",
    ""query"": ""{}"",
    ""body"": {
      ""fromDate"": ""2025-01-01"",
      ""toDate"": ""2025-06-23""
    }
  },
  ""example_call"": [
    {
      ""url_endpoint"": ""{{base_url}}/api/v1/dashboard/certificate/NS-060-1"",
      ""body"": {
        ""fromDate"": ""2025-01-01"",
        ""toDate"": ""2025-06-23""
      },
      ""query"": ""{}""
    }
  ],
  ""required_params"": [
    {
      ""name"": ""fromDate"",
      ""type"": ""Date(yyyy-mm-dd)"",
      ""description"": ""Trả về ngày 01/01/năm được nhắc đến. Luôn luôn trả về ngày 01/01 (ghi đè value của key fromDate đang được cung cấp)""
    },
    {
      ""name"": ""toDate"",
      ""type"": ""Date(yyyy-mm-dd)"",
      ""description"": ""Đến ngày""
    },
    {
      ""name"": ""type"",
      ""type"": ""Integer"",
      ""description"": ""Loại thời gian. Nếu nhắc đến năm trả về 5, quý trả về 4, tháng trả về 3. Nếu nhắc đến khoảng thời gian hoặc không đề cập thì trả về 3.""
    }
  ],
  ""optional_params"": [
    {
      ""name"": ""organization"",
      ""type"": ""List<String>"",
      ""description"": ""Danh sách phòng/ban. Nếu không đề cập trả về []""
    }
  ],
  ""response_schema"": {},
  ""structured_output"": {},
  ""allow_empty_result"": false
}"
